0.93306;-3.09846;-2.95298;-2.78176;2.60865;-2.68387;2.62787;-2.63976;-2.49334;2.70595;-2.68778;-2.87768;2.88178;2.86859;2.89196;-2.68371;2.6385;2.98572;-2.89918;-2.87478;-2.75636;-2.75323;2.61975;-2.78301;-2.80991;-2.57745;2.7101;2.84904;2.71857;-2.72772;2.86679;2.7912;2.81064;-2.83616;2.68548;2.97255;2.81013;-2.96624;-2.68645;2.62339;-2.96231;-2.74034;2.49434;3.22412;2.89154;2.83724;-2.83866;-2.7081;-2.6215;0
0.93306;-2.76155;-2.9956;-2.80496;2.76695;-2.71426;2.5702;-2.63208;-2.80182;2.59176;-2.68946;-2.94227;2.79308;2.72992;2.82476;-2.8669;2.80119;2.69669;-2.75377;-3.02095;-2.83265;-2.81334;2.62888;-2.6099;-2.91232;-2.83957;2.84109;2.85659;2.93499;-2.71835;2.81204;3.02789;2.83098;-2.78047;2.94793;2.77679;2.82226;-2.67645;-2.84251;2.6891;-2.64948;-2.71897;2.80392;2.7435;3.05961;2.77103;-2.82693;-2.62143;-2.55133;0
0.93306;-2.92377;-2.90036;-2.45656;2.74951;-2.9384;2.92602;-2.77144;-3.13202;2.80131;-2.71366;-3.02158;2.58063;2.69521;2.63703;-2.85754;2.77222;2.88167;-2.88295;-2.7247;-2.94989;-2.75446;2.8618;-2.79954;-2.88719;-2.73575;2.75642;2.8635;2.81013;-2.80373;2.93537;2.50424;2.80427;-2.64292;2.66034;2.76935;2.85912;-2.67571;-2.58326;3.04808;-2.66305;-2.71897;2.90204;2.77376;2.70693;2.57499;-2.63434;-2.89544;-2.98931;0
0.93306;-2.52262;-2.99976;-2.72112;2.69683;-2.52878;2.54288;-2.78545;-2.56728;2.73798;-2.47208;-2.9272;2.96261;2.86027;2.61759;-2.95828;2.89047;2.93798;-2.8769;-2.80106;-2.60773;-2.76834;2.63238;-2.88627;-2.59458;-2.95865;2.79237;2.77293;2.8163;-2.61044;2.84579;2.64336;2.8317;-2.61693;2.73815;2.78739;2.60509;-2.98349;-2.82393;2.56326;-2.75712;-2.65069;2.68456;2.84567;3.01133;2.6257;-2.73281;-2.91806;-2.62769;0
0.93306;-2.86548;-2.83327;-2.7739;2.61446;-2.78834;2.86907;-2.95782;-2.8043;2.74589;-2.81488;-2.55706;2.78812;2.77181;2.78246;-2.82768;2.54512;2.97038;-2.87617;-2.67056;-2.82747;-2.77211;2.7677;-2.7124;-2.92938;-2.78571;2.73246;2.88439;2.78164;-2.82755;2.80967;2.93447;2.66041;-2.9752;2.99777;2.97291;2.82798;-2.51957;-2.63412;2.82383;-2.64051;-2.67209;3.00082;2.96716;2.71318;2.58216;-2.7124;-2.79585;-2.78649;0
0.93306;-2.56648;-2.94984;-2.82854;2.77336;-2.62529;2.73232;-2.85528;-2.59418;2.79275;-2.58168;-2.92569;2.73083;2.84465;2.74027;-2.50697;2.69192;2.76049;-2.73352;-2.6104;-2.80623;-2.92191;2.7093;-2.92966;-2.74982;-2.46687;2.92263;2.70315;2.51555;-2.39672;2.87044;2.74601;2.80784;-2.64106;2.66648;2.60605;2.70456;-2.68304;-2.76074;2.68366;-2.82513;-2.66504;2.76612;2.84178;2.70106;2.69053;-2.77247;-2.9318;-2.6998;0
0.93306;-2.65502;-2.90874;-2.69727;2.6207;-2.73383;2.70619;-2.84178;-2.77821;2.64882;-2.57929;-2.82193;2.9049;2.5406;2.84664;-2.84449;3.05097;2.82773;-2.7151;-2.85618;-2.69691;-2.66308;2.46247;-2.95508;-2.78833;-2.71744;2.67646;2.65813;2.65586;-2.67931;2.82294;2.66662;2.84476;-2.91193;2.8435;2.7223;2.69975;-2.75975;-2.80841;2.79116;-2.61212;-2.90019;2.87891;2.78849;2.74053;2.8055;-2.9015;-2.77662;-3.02526;0
0.93306;-2.63526;-3.11265;-2.72283;2.75188;-2.93057;2.78873;-2.64206;-2.79838;2.86502;-2.78038;-2.81251;2.9317;2.84558;2.66984;-2.98637;2.71638;2.88918;-2.72284;-2.75333;-2.79337;-2.66599;2.63719;-2.88672;-2.79571;-2.94597;2.81337;2.7642;2.77611;-2.77848;2.79046;2.80048;2.74428;-2.70004;2.64429;2.51808;2.64026;-2.84778;-2.57529;2.65202;-2.62731;-2.83852;2.55341;2.9781;2.68904;2.65948;-2.75433;-2.94211;-2.8161;0
0.93306;-2.82037;-2.63046;-2.64731;2.69259;-2.8707;2.65605;-2.84943;-2.96828;2.89085;-2.8129;-2.76742;2.85619;2.90632;2.9653;-2.56738;2.88949;2.70909;-2.86628;-2.58698;-2.91774;-3.00209;2.72051;-2.88687;-2.82572;-2.78161;2.83979;2.66008;2.66277;-2.91505;2.87094;2.74695;2.82242;-2.74013;2.80075;2.78724;2.45006;-2.90565;-2.77024;2.71752;-2.52042;-2.81428;2.90402;2.66377;2.75129;2.61912;-2.9319;-3.06843;-2.64132;0
0.93306;-2.64892;-2.6531;-2.65523;2.7787;-2.84908;2.81727;-2.62959;-2.80262;2.70387;-2.84019;-2.71041;2.69795;2.73296;2.75623;-2.62244;2.80806;2.68745;-2.7971;-2.72167;-2.84834;-2.78847;2.82959;-2.67818;-2.93568;-2.80081;2.75188;2.91937;2.90235;-2.71133;2.87094;2.92461;2.92818;-2.65166;3.07107;3.06621;2.77209;-2.63772;-2.81994;2.69651;-2.76418;-2.49914;2.74206;2.9513;2.8585;2.91553;-2.9596;-2.61761;-2.78138;0
0.172014;-2.83124;-2.7963;-2.84701;2.7352;2.85968;-2.75385;-2.75508;2.72723;-2.67391;-2.7373;-2.78171;-2.92849;-2.73836;-2.65691;2.73607;2.81899;-2.99567;2.84249;2.63381;-2.83841;2.79534;-2.81472;-2.97031;2.88673;2.74232;-2.64659;-2.87511;-2.5278;2.84328;2.76818;2.78287;-2.69161;-2.74787;-3.05635;-2.79062;2.93193;-2.83985;-2.58223;2.55551;-2.56693;2.73583;-3.05187;-2.91389;2.64547;2.72246;-2.93043;-2.91387;-2.76727;0
0.172014;-2.92222;-2.85543;-2.66859;2.44782;2.8775;-3.00174;-2.82828;2.53701;-2.81557;-2.86746;-2.9657;-2.81874;-3.03148;-2.94608;2.88117;2.72552;-2.77654;2.90943;2.7796;-2.78769;2.81893;-2.69843;-2.70658;2.68459;2.73692;-2.67048;-2.98006;-2.80537;2.74148;2.7015;2.5878;-2.75477;-2.86231;-2.78729;-2.99559;2.86571;-2.95895;-2.79724;2.67162;-2.68956;2.71439;-2.92973;-2.91395;2.83743;2.75186;-2.57697;-2.95372;-2.49264;0
0.172014;-2.89193;-2.60025;-2.73073;2.63573;2.73699;-2.89329;-2.5555;2.57689;-2.89499;-2.84421;-2.81068;-2.87379;-3.00828;-2.85093;2.80633;2.8011;-2.82047;2.70365;2.82976;-2.7285;2.79812;-2.63554;-2.84601;2.78248;2.87679;-2.74091;-2.88904;-2.67968;2.72957;2.76245;2.79983;-2.75971;-2.87815;-2.73201;-2.90939;2.87363;-2.78736;-2.67648;2.59396;-2.78652;2.67917;-2.92559;-2.92727;2.80981;2.75766;-2.90567;-2.65696;-2.72923;0
0.172014;-2.76308;-3.11608;-2.97794;2.57335;2.87694;-2.78421;-3.02871;2.78389;-3.02412;-2.82759;-2.6775;-2.85007;-2.76672;-2.90326;2.92221;2.8011;-2.94977;2.71438;2.8484;-2.7823;2.72224;-2.92838;-2.86128;2.79392;2.74693;-2.83502;-2.88315;-2.48904;2.95996;3.16504;2.76346;-2.72573;-2.89074;-2.90114;-2.68584;3.00052;-2.59739;-2.78445;3.00076;-2.63346;2.79079;-2.68925;-3.05564;2.75718;2.85801;-2.5789;-2.97438;-2.92294;0
0.172014;-2.76308;-2.72875;-2.67677;2.96859;2.96913;-2.77142;-2.70971;2.77746;-2.6416;-2.89177;-2.97542;-2.87123;-2.99069;-2.81266;2.87548;2.88911;-2.70531;2.89091;2.6836;-2.82417;2.74147;-2.94623;-2.81032;2.81441;2.68101;-2.67848;-2.75885;-2.7083;2.86593;2.9386;2.85475;-2.75626;-2.82505;-2.96085;-2.72323;2.73209;-2.92515;-2.63427;2.56854;-2.59706;2.87087;-2.89756;-2.98454;2.83915;2.91572;-2.93568;-2.93155;-2.98013;0
0.172014;-2.86486;-2.92953;-2.59222;2.70697;2.89943;-2.65253;-2.80459;2.81063;-2.85444;-2.5265;-2.96998;-2.8066;-2.87703;-2.9032;2.65512;2.85037;-2.87633;2.67983;2.45916;-2.70091;2.56125;-2.72167;-2.80378;2.59341;2.72924;-2.87831;-2.81769;-2.67207;2.70671;2.73506;2.8457;-2.66957;-2.61425;-2.84359;-2.82064;2.76929;-2.68621;-2.69167;2.8555;-2.6742;2.75146;-2.65691;-2.67073;2.75584;2.74861;-2.72472;-2.88186;-2.76564;0
0.172014;-2.85654;-2.80259;-2.85904;2.77165;2.69901;-2.97283;-2.63738;2.70328;-2.98417;-2.49015;-2.69512;-2.65634;-2.84121;-2.7563;2.94063;2.59284;-2.76789;2.70161;2.82607;-2.6505;2.75243;-2.82458;-2.8326;2.80073;2.73047;-2.94073;-2.76215;-2.95405;2.5992;2.67483;2.99868;-2.95213;-2.8716;-2.68885;-2.93252;2.57662;-2.6202;-2.94707;2.6052;-2.65491;2.62599;-2.96757;-2.82823;2.86775;2.54205;-2.89046;-2.74;-2.78329;0
0.172014;-2.78066;-2.88244;-2.79803;2.94383;2.71827;-2.72833;-2.78733;2.51193;-2.86601;-2.82595;-2.5867;-2.76128;-2.79282;-2.80997;2.90435;2.81756;-2.67643;2.65095;2.75104;-2.8185;2.62324;-2.82458;-2.57015;2.96386;2.606;-2.68816;-2.71782;-2.72702;2.76676;2.77699;2.69691;-2.85361;-2.81397;-2.78411;-2.86063;2.88258;-2.75912;-2.91331;2.59446;-2.77322;2.62545;-2.93735;-2.92196;2.75936;2.76458;-2.88671;-2.83371;-3.00914;0
0.172014;-2.9103;-2.86278;-2.51106;2.84949;2.73193;-2.96564;-2.69638;2.6401;-2.78799;-2.9407;-3.03927;-2.97912;-2.95367;-2.7165;2.80908;2.73289;-2.73956;2.77051;2.70112;-2.74316;2.66594;-2.93879;-2.91163;2.88;2.67535;-2.79407;-2.90031;-2.62998;2.85236;2.77538;2.84303;-2.47416;-2.84001;-2.79132;-2.82108;2.89244;-2.70974;-2.89812;2.90881;-2.68495;2.59101;-2.84728;-2.81862;2.61596;2.88105;-2.59137;-2.88668;-2.72989;0
0.172014;-2.66045;-2.86608;-2.549;2.50176;2.93476;-2.91963;-3.08783;2.69158;-2.57885;-2.80755;-2.73456;-3.00254;-2.83496;-2.62418;2.81933;2.87272;-2.52037;2.72241;2.70801;-2.91723;2.79491;-2.86881;-2.75996;2.81114;2.89511;-2.71082;-2.77441;-2.69479;2.71479;2.90032;2.81505;-2.65002;-2.58338;-2.90568;-2.82108;2.90344;-2.61175;-2.7259;2.62964;-2.81121;2.92051;-2.98541;-2.68111;2.98016;3.04493;-2.89058;-2.48054;-2.64105;0
0.567848;2.95195;2.77726;2.88487;2.77891;-3.00049;-2.67715;2.71216;2.81225;-2.56792;2.88199;2.69563;-2.57572;2.78627;2.72784;-2.79032;-2.98093;2.62507;-2.7362;-2.66402;2.71322;-2.60666;2.73756;-2.88399;-2.60954;2.60739;-2.60431;2.56525;2.82894;2.73118;2.74157;-2.81542;-2.76078;-2.72361;2.98191;2.80589;-2.96015;-3.00223;2.66428;-2.98239;-2.60585;2.82605;-2.58654;2.82212;2.56867;2.81786;-2.93365;-2.78481;-2.88537;0
0.567848;2.76737;2.92248;2.88975;2.77795;-2.76313;-2.69432;2.80847;2.54568;-2.67614;2.89742;2.78025;-2.5768;2.75143;2.71401;-2.8377;-2.78384;2.59037;-2.87563;-2.73723;2.79624;-2.75877;2.60582;-2.84332;-3.01091;2.67463;-2.84457;2.8207;2.93182;2.49972;2.97474;-2.82591;-2.62576;-2.90229;2.64973;2.71266;-2.85785;-2.68263;2.77506;-2.98403;-2.79477;2.62662;-2.93867;2.6108;2.54909;2.91677;-2.61512;-2.62433;-2.75651;0
0.567848;2.86219;2.89305;2.91663;2.65405;-2.9332;-2.8762;2.75814;2.68938;-2.62302;2.86309;2.73016;-2.86765;2.93934;2.49562;-3.02162;-2.80399;2.74306;-2.89051;-2.83658;2.77628;-2.61217;2.48031;-2.80064;-2.7085;2.56079;-2.72391;2.74531;2.76164;2.85968;2.91112;-2.76608;-2.70809;-2.80654;2.77202;2.85024;-2.87268;-2.9764;2.78614;-2.68064;-2.76683;3.0297;-2.82553;3.00267;2.95023;2.67173;-2.88219;-2.86685;-2.69157;0
0.567848;2.58519;2.76048;3.07225;2.65345;-2.72673;-2.92864;2.57594;2.79358;-2.79517;2.88369;2.95642;-2.57914;3.05259;2.97704;-2.70234;-2.84382;2.77647;-2.93941;-2.73661;2.62935;-2.65272;2.74029;-2.81418;-2.61357;2.65132;-2.78522;2.5533;2.82682;2.80921;2.64572;-2.78591;-2.83425;-2.93068;2.82432;2.74015;-2.7614;-2.74096;2.73596;-2.82334;-2.49463;2.67872;-2.99999;2.84775;2.63916;2.57363;-2.80316;-2.93618;-2.7403;0
0.567848;2.59431;2.65583;2.84359;2.79242;-2.8102;-2.74039;2.70301;2.38922;-2.75887;2.76908;2.7844;-2.61678;2.79018;2.70626;-2.79343;-2.83857;3.10682;-2.6955;-2.71964;2.84089;-2.49298;2.6723;-2.49135;-2.43295;2.98208;-2.76207;2.80049;2.81412;2.83799;2.76545;-2.81786;-2.77078;-2.74318;2.80611;2.77745;-2.86134;-2.98079;2.63374;-2.67323;-2.95375;2.69884;-2.8499;2.89051;2.86885;2.75996;-2.96085;-2.77592;-2.858;0
0.567848;3.09988;2.93937;2.7407;2.77944;-2.79657;-2.84067;2.85692;2.93998;-2.72107;2.77555;2.73918;-2.79157;2.79018;2.67108;-2.92568;-2.77176;2.90675;-2.88202;-2.80821;2.6053;-2.7373;2.7317;-2.7242;-2.71757;2.90593;-2.79511;2.71677;2.55187;2.85005;2.51723;-2.47773;-2.54627;-2.83209;2.76255;2.68019;-2.88588;-2.57932;2.66508;-2.81812;-2.68916;2.70775;-2.62035;2.86204;2.97687;2.67346;-2.80941;-3.00992;-2.9068;0
0.567848;2.80627;2.66195;2.80106;2.77183;-3.04228;-2.8991;2.90576;3.03155;-2.62045;2.86553;2.71335;-2.66494;2.73048;2.91568;-2.78528;-2.64899;2.69424;-2.93518;-2.97143;2.69837;-2.64206;2.82245;-2.96821;-2.71117;3.00483;-2.62467;2.96382;2.7372;2.71571;2.89675;-2.69479;-2.83508;-2.60416;3.01504;2.83734;-3.07717;-2.60135;2.39471;-2.92186;-2.81341;2.63495;-2.70166;2.68486;2.77196;2.83229;-2.73488;-2.77671;-2.6814;0
0.567848;2.81902;2.92483;2.40022;2.56482;-2.65965;-2.70847;2.82191;2.866;-2.92283;2.53998;2.66239;-2.58453;2.8962;2.73676;-2.97156;-2.75192;2.79768;-2.6391;-2.68141;2.65942;-2.87896;2.69649;-2.70261;-2.56812;2.87937;-2.88722;2.82506;3.06693;2.69402;2.51756;-2.71332;-2.83508;-3.07712;2.67344;2.75802;-2.62629;-2.79721;2.54616;-2.76803;-2.80642;2.66558;-2.87941;2.88432;2.63767;2.57611;-2.81687;-2.83491;-2.78457;0
0.567848;2.93348;3.00719;3.00629;2.7153;-2.76361;-2.93326;2.98081;2.74419;-2.80696;2.88742;2.70925;-2.66564;2.92516;2.68493;-2.93361;-2.7958;2.6699;-2.76809;-2.69028;2.84067;-2.71029;2.75707;-2.77534;-2.87234;2.74895;-2.52485;2.89994;2.82;2.73632;2.63169;-2.90704;-2.73434;-2.86676;2.90439;2.77517;-2.66107;-2.7003;2.63758;-2.81652;-2.74504;2.75589;-2.78875;2.91953;2.95409;2.68209;-2.73348;-2.85901;-2.82772;0
0.567848;2.6897;2.65645;2.87388;2.77618;-2.76717;-2.81035;2.92244;2.44138;-2.58378;2.8059;2.89775;-2.76032;2.97534;2.6704;-2.58055;-2.79294;2.78858;-2.77155;-2.82205;2.67598;-2.6694;2.85099;-2.72908;-2.75585;2.84056;-2.54854;2.88837;2.95732;2.80179;2.83332;-2.74124;-2.71446;-2.53892;2.5507;2.86751;-2.52986;-2.72751;2.686;-2.79233;-2.59938;2.67984;-2.82847;2.82812;2.76013;2.8327;-2.55672;-2.84706;-2.71811;0
-0.745209;2.86773;-2.86887;2.8641;2.90136;-2.84602;2.68523;2.94696;-2.79964;-2.74698;-2.82016;2.76752;-2.65489;3.03896;-2.81736;2.80736;-2.73049;-2.98459;-2.54928;2.80349;-2.81126;2.7314;-2.86598;-2.96083;2.81444;2.80083;2.87011;-2.56997;2.61683;2.74321;2.63186;2.75028;-2.64336;-2.94366;2.72457;-2.65526;-2.84516;-2.84959;2.8547;-2.71285;-2.77035;-2.43662;-2.7651;2.69827;2.66129;2.79647;-2.81571;-3.02123;-2.66277;0
-0.745209;2.71337;-2.48967;2.7125;2.84611;-2.8179;2.89818;2.75411;-2.51595;-2.74551;-2.92692;2.54938;-2.73243;2.74185;-2.69722;2.78025;-2.78379;-2.94436;-2.78172;2.72722;-2.58201;2.8649;-3.06179;-2.69884;2.84598;2.85432;3.02491;-2.83127;2.6656;2.69691;2.72197;2.64279;-2.65144;-2.76565;2.61657;-2.86279;-3.07736;-2.86218;2.72842;-2.67366;-2.74367;-2.8703;-2.75788;2.80999;2.72185;2.79005;-2.70956;-2.95164;-2.7302;0
-0.745209;2.57465;-2.72728;2.93411;2.8244;-2.64657;2.61348;2.42973;-2.86076;-2.87174;-2.72265;2.99955;-2.81027;2.73047;-2.64989;2.62574;-2.7653;-2.5332;-2.84611;2.71152;-2.71735;2.82855;-2.84903;-2.90619;2.47988;2.65828;2.91726;-2.7963;2.76556;2.73228;2.94273;2.65296;-2.66178;-2.78567;2.84794;-2.70327;-2.72474;-2.74758;2.67157;-2.66756;-2.77867;-2.74622;-2.89004;2.90017;2.77859;2.79797;-2.57044;-2.37932;-2.81837;0
-0.745209;2.57197;-2.65282;2.58207;2.82641;-2.64657;2.76135;2.67439;-2.83097;-2.67237;-2.64073;2.54125;-2.67757;2.47557;-2.72313;2.81932;-2.77852;-2.80577;-2.68469;2.66838;-2.69238;2.66917;-2.82458;-2.78404;2.68022;2.95867;2.62867;-2.58706;2.76157;2.90055;2.77782;2.52197;-2.78255;-2.81961;2.47285;-2.81548;-2.74216;-2.82495;2.6308;-2.94175;-2.66931;-2.95382;-2.7027;2.92927;2.86336;2.92816;-2.88682;-2.79304;-2.82788;0
-0.745209;2.83738;-2.88772;2.8765;2.91263;-2.4403;2.80915;2.45646;-2.7034;-2.60041;-2.89178;2.79894;-2.8248;2.931;-2.78393;2.81261;-2.41236;-2.89025;-2.68469;2.85439;-2.66243;2.55853;-2.8854;-2.90388;2.77245;2.62866;2.67453;-2.82622;2.6507;2.77148;2.87373;2.87478;-3.01033;-2.83401;2.48937;-2.67929;-2.73575;-2.7118;2.72693;-2.81172;-2.75879;-2.95355;-2.7905;2.97854;2.48552;2.93469;-2.61808;-3.00233;-2.87793;0
-0.745209;2.72027;-2.87923;2.63858;2.86953;-2.67155;2.65739;2.86322;-2.78223;-2.7082;-3.01226;2.72167;-2.85139;2.53947;-2.79855;2.82224;-2.59313;-2.7048;-2.73015;2.67915;-2.61073;2.78206;-2.60126;-2.65476;2.93642;2.88419;2.87625;-2.95301;2.63601;2.62749;2.95876;2.60281;-3.03849;-2.85291;2.70518;-2.55486;-2.68076;-2.90092;2.76189;-3.03102;-2.78033;-2.91411;-2.70126;2.76262;2.96465;2.88047;-2.87259;-2.95323;-2.87855;0
-0.745209;2.74776;-2.59202;2.43441;2.59291;-2.69353;2.93051;2.64901;-2.64264;-2.91846;-2.68902;2.71696;-2.65031;2.61031;-2.72131;2.51709;-2.71488;-2.73667;-2.60517;2.91829;-2.86129;2.56177;-2.65069;-2.80593;2.69264;2.8119;2.90471;-2.75676;2.83511;2.79134;2.87323;2.84915;-2.83887;-2.94329;2.4066;-2.89647;-2.74772;-2.65898;2.50442;-2.89166;-2.93925;-2.62664;-2.77627;2.56028;2.71678;2.73389;-2.98253;-2.76048;-2.85158;0
-0.745209;2.7063;-2.68855;2.5986;2.72544;-2.70661;2.75114;2.99835;-2.93393;-2.83151;-2.78719;2.5482;-2.5889;2.8523;-2.66814;2.73506;-2.47287;-2.70092;-2.78776;2.88701;-2.73618;2.89236;-2.82794;-2.86202;2.85131;2.92132;3.03755;-2.89519;2.731;2.74688;2.73423;2.51942;-2.84955;-2.86716;2.73179;-2.55074;-2.73833;-2.88316;2.41474;-2.9759;-2.79407;-2.67163;-2.83016;2.66929;2.63019;2.61725;-2.81537;-2.84331;-2.78351;0
-0.745209;2.74337;-2.94695;2.6705;2.9619;-2.48943;2.7195;2.89683;-2.73437;-2.67214;-3.01659;2.69894;-2.71755;2.64436;-2.87479;2.76704;-2.86552;-2.49041;-2.82063;2.82191;-2.70928;2.51201;-2.83882;-2.76255;2.86479;2.88568;2.77848;-2.68316;2.82696;2.87737;2.84198;2.70151;-2.70625;-2.48093;2.79475;-2.75612;-2.76583;-2.59422;2.5497;-2.93027;-2.97629;-2.62256;-2.60602;2.84214;2.66217;2.60129;-2.82738;-2.86083;-2.95674;0
-0.745209;2.66979;-2.88939;2.71531;2.94007;-2.74164;2.75166;2.76315;-2.64894;-2.81096;-2.80429;2.54953;-2.76087;2.99961;-2.69944;2.59423;-2.71515;-2.9838;-2.68067;2.78752;-2.70136;2.64231;-2.83882;-2.61888;2.93178;2.89557;2.73605;-2.69666;2.68862;3.16472;2.81683;2.57951;-2.57285;-2.84658;2.61791;-2.78255;-2.51781;-2.83607;2.8186;-2.65093;-2.71371;-2.63632;-2.86269;2.78886;2.66655;2.84202;-2.83947;-2.54286;-2.91045;0
-0.529898;-2.76005;-2.70447;2.75619;2.91018;3.09813;2.80704;-2.78734;2.82101;-2.62333;2.78415;2.78617;-2.82939;-2.85545;2.69048;2.91642;2.64883;-2.68789;-2.96095;-2.81779;-2.59959;-2.83676;-2.99721;-2.67274;-2.83369;-2.74295;-2.80003;2.95297;-2.96569;-3.0553;-2.76829;2.64528;2.95016;2.82353;-2.68532;-2.96273;2.74625;-2.82933;2.55789;2.88247;2.81021;2.64538;2.7104;-2.8847;2.72235;2.85294;-2.78476;-2.66055;2.88283;0
-0.529898;-2.87344;-2.65813;2.89198;2.95389;3.05457;2.90234;-2.87667;2.82858;-2.89732;2.66058;2.78617;-2.82939;-2.99155;2.79798;2.56462;2.90508;-2.91061;-2.78039;-2.43843;-2.71077;-2.76478;-2.9064;-2.89328;-2.85112;-3.09776;-2.5121;2.69865;-2.89038;-2.76911;-2.84532;2.80281;2.92639;2.68306;-2.90344;-2.98318;2.82023;-2.70788;2.61015;2.85996;2.796;2.87156;2.8696;-2.83665;2.6458;2.90888;-3.04457;-2.78411;2.6781;0
-0.529898;-2.89384;-2.80247;2.84452;2.58565;2.89826;2.76174;-2.7411;2.60908;-2.71559;2.64615;2.68931;-2.67682;-2.84986;2.98823;2.6971;2.91572;-2.62135;-2.91437;-2.93562;-2.97189;-2.64696;-2.62946;-2.87335;-2.79133;-2.96058;-2.85627;2.6633;-2.71792;-2.75616;-2.73585;2.76742;2.8812;2.8493;-2.92101;-3.02812;2.66471;-2.81323;2.8134;2.85701;2.81155;2.92145;2.87035;-2.67489;2.58556;2.85332;-2.70187;-2.84884;2.7114;0
-0.529898;-2.86745;-2.82328;2.8447;2.88654;2.78143;2.78431;-2.84628;2.72144;-2.65063;2.71892;2.72926;-2.65353;-2.81723;2.89111;2.97618;2.58834;-2.97228;-2.8187;-2.8631;-3.0125;-2.79074;-2.85213;-2.6296;-3.05931;-2.98201;-2.53591;2.76065;-2.93873;-2.86569;-3.01931;2.99255;2.95057;2.85709;-2.90486;-2.72258;2.58844;-2.91976;2.72371;2.85683;3.01349;2.89526;2.84821;-2.91024;2.77885;2.6852;-2.62272;-2.68085;2.73876;0
-0.529898;-2.86712;-2.7903;2.67964;2.85828;2.89951;2.79465;-2.88146;2.52045;-2.89367;2.98148;2.84878;-2.74156;-2.80981;2.87993;2.82589;2.86724;-2.84463;-2.87638;-2.89477;-2.89404;-2.63838;-2.73049;-2.8852;-2.64834;-2.77261;-2.81192;2.71643;-2.59156;-2.78022;-2.7756;2.7192;2.58672;2.77162;-2.65765;-2.76517;2.80679;-2.71728;2.68776;2.80921;3.0461;2.67554;2.65845;-2.60696;2.94118;2.43215;-2.88269;-2.83555;2.79586;0
-0.529898;-2.95549;-2.84974;2.80704;2.77868;2.86539;2.75422;-2.51759;2.78936;-2.78585;2.91576;2.77093;-2.69795;-2.68576;2.58378;2.73568;2.73282;-2.82443;-2.81704;-2.80448;-2.87675;-2.82278;-2.81246;-2.82393;-2.76926;-2.56901;-2.96902;2.86525;-2.93527;-2.72881;-2.90223;2.45445;2.81264;2.50028;-2.86035;-2.75109;2.71522;-2.56309;2.99377;2.84272;2.88278;2.70108;2.47602;-2.98034;2.67374;2.74945;-2.85693;-2.94086;2.66672;0
-0.529898;-2.87751;-2.72414;2.61197;2.67332;2.78862;2.68251;-2.7316;2.63186;-2.81945;3.02229;2.64974;-2.79181;-2.7701;2.90609;2.63063;2.95492;-2.78517;-3.05424;-2.81442;-2.9445;-2.65194;-2.88537;-2.74871;-2.78626;-2.92908;-2.90215;2.59108;-2.79993;-3.02573;-2.84586;2.60989;2.90923;2.64624;-2.38758;-2.75152;2.58514;-2.78526;2.85423;2.88373;2.95341;2.87022;2.75781;-2.72373;2.69616;2.65127;-2.84595;-2.75941;2.92868;0
-0.529898;-2.76528;-2.96831;2.612;2.9465;2.92786;2.82692;-2.74783;2.75972;-2.93262;2.8208;2.80749;-2.65858;-2.71258;2.59661;2.87351;2.69685;-2.48731;-2.93734;-2.91726;-2.9999;-2.84708;-2.67405;-2.81962;-2.82059;-2.89253;-2.92088;2.72678;-2.7211;-2.77198;-2.66138;2.45766;2.87221;2.81012;-2.91109;-2.49771;2.93456;-2.48128;2.80723;2.76531;2.86271;2.95936;2.7832;-2.76542;2.80617;2.68342;-2.97224;-2.602;2.57025;0
-0.529898;-2.82867;-2.72192;2.759;2.74593;2.80949;2.78322;-2.67237;2.72846;-2.80142;2.76571;2.74364;-2.67456;-2.75292;2.646;2.76832;2.65978;-2.75139;-2.84192;-2.8036;-2.76088;-2.77091;-2.98766;-2.8338;-2.85439;-2.84297;-2.63865;2.75597;-2.66487;-2.83094;-2.98494;2.85037;3.06112;2.7501;-2.83338;-2.99698;2.70562;-2.68166;2.50477;2.89635;2.7493;2.82813;2.67762;-2.71138;2.7407;2.8304;-2.83608;-2.67344;2.5195;0
-0.529898;-2.65967;-2.80276;2.82292;2.87961;2.73396;2.85189;-2.8288;2.64254;-2.82073;2.76571;2.90175;-2.52408;-2.63029;2.6612;2.81013;2.85162;-2.7871;-2.97625;-2.83721;-2.56596;-2.83758;-3.04128;-2.68071;-2.97112;-2.67034;-2.88258;2.70003;-2.66354;-2.83213;-2.83149;2.7523;2.9553;2.83864;-2.74999;-2.82525;2.86007;-2.87759;2.7181;2.84691;2.73407;2.78578;2.44385;-2.84915;2.62522;2.73617;-2.9248;-2.61638;2.82821;0
-0.416489;2.93507;2.76482;2.8486;-2.75406;-2.71411;2.78096;2.51786;-2.54609;-2.7315;2.88383;-2.51465;-2.74031;-2.8774;-2.72487;-2.80799;-2.81735;2.87527;2.83846;2.9419;2.80947;-2.70662;-2.89229;2.75258;-2.86363;2.86787;-2.90628;2.82092;2.8481;-2.96336;-2.74689;-2.71616;-2.72341;2.5549;2.80655;2.8627;-2.3689;-2.59694;2.82193;2.69249;-2.75668;-2.88805;-2.79076;2.51926;-2.85328;-2.84648;2.83517;-2.7284;-2.6911;0
-0.416489;2.85646;2.67799;2.69847;-2.78449;-2.73868;2.61866;2.54258;-2.73627;-2.76968;2.66578;-2.81106;-2.96076;-2.9822;-2.73894;-2.85557;-2.87906;2.75278;2.84469;2.58596;2.79003;-2.82035;-2.73038;2.62025;-2.91043;2.65365;-2.78196;2.72405;2.78304;-2.80417;-2.74558;-2.83884;-2.84125;3.01754;2.89432;2.80413;-2.94237;-2.73109;2.77169;2.69745;-2.80852;-2.72246;-2.93032;2.7424;-2.82326;-2.79343;2.95763;-2.76853;-2.86986;0
-0.416489;2.69526;2.87123;2.76089;-2.75663;-2.81795;2.76049;2.92872;-3.01673;-2.92221;2.66123;-2.79795;-2.82417;-2.77662;-2.97777;-2.68168;-2.66538;2.96819;3.10959;2.67635;2.68428;-2.66017;-2.82949;2.74591;-2.88526;2.29233;-2.54864;2.80954;2.93078;-2.63628;-2.92072;-2.9413;-2.74188;2.68046;3.10779;2.7837;-2.62425;-2.77833;2.63335;2.73443;-2.69868;-2.87771;-2.74829;2.71483;-2.31076;-2.67158;2.85847;-2.83542;-2.81293;0
-0.416489;2.72567;2.72245;2.76389;-2.88256;-2.83731;2.62229;2.72601;-2.82063;-2.60445;2.73018;-2.81836;-2.87817;-2.8603;-2.8402;-2.87408;-2.82884;2.8685;3.04764;3.00243;2.78276;-2.65382;-2.73317;2.84368;-2.69448;2.78705;-2.77364;2.63292;2.75062;-2.6629;-2.9807;-2.73343;-2.71112;2.84869;2.93359;2.84887;-2.74614;-2.73282;2.69404;2.90657;-2.50526;-2.62881;-2.71872;2.81584;-2.7216;-2.63783;2.70324;-2.7852;-2.87762;0
-0.416489;2.77305;3.0421;2.77712;-2.86877;-3.01313;2.76705;2.80255;-2.75975;-2.66279;2.90719;-2.67389;-2.74718;-2.80018;-2.89845;-2.59046;-2.99416;2.70922;2.88256;2.75849;2.84106;-2.91571;-2.81972;2.64828;-2.77596;2.9198;-2.9283;2.93441;2.72951;-2.63774;-2.61007;-3.17732;-2.87482;2.85382;2.89623;3.088;-2.62322;-2.74204;2.82708;2.88184;-2.83843;-2.87666;-3.04106;2.54083;-2.78875;-3.02336;2.82035;-2.57672;-2.83472;0
-0.416489;2.62863;2.75624;2.84842;-2.79033;-2.80154;2.74078;2.78476;-2.72639;-2.91206;2.73968;-2.75954;-2.64824;-2.63459;-2.83696;-2.57042;-2.56798;2.72223;2.79234;2.74408;2.75682;-2.64276;-2.72338;2.61053;-2.86556;2.97444;-2.80157;2.77595;3.01171;-2.5938;-2.78325;-3.02343;-2.82661;2.86742;3.0299;2.58629;-2.72768;-2.87744;2.73696;2.74809;-2.81651;-3.07959;-2.84806;2.64919;-2.67619;-2.79987;2.55967;-2.81741;-2.69967;0
-0.416489;2.78913;2.85782;2.65617;-2.83189;-2.49028;2.72057;2.75424;-2.69806;-2.52286;2.89823;-2.80793;-2.72314;-2.66993;-2.62298;-2.59182;-2.57796;2.91533;2.76845;3.12855;2.6721;-2.96733;-2.66974;2.62624;-2.75192;2.85433;-2.46279;2.65994;2.61047;-2.82679;-2.78325;-3.09484;-2.7155;2.70092;2.76172;2.64659;-2.91256;-2.60203;2.88672;2.8214;-3.0346;-2.92402;-3.18368;2.7696;-2.70097;-2.79629;2.78512;-2.77186;-2.69313;0
-0.416489;2.62486;2.73735;2.8415;-2.90442;-2.71578;2.71102;2.59102;-2.85501;-2.86996;2.79765;-2.94158;-2.71932;-2.5678;-2.97859;-2.91494;-2.82289;2.49794;3.0355;2.80767;2.7695;-2.73426;-3.01598;2.67835;-2.97292;2.69127;-2.757;2.70632;2.77772;-2.87917;-3.07725;-3.04492;-2.72293;2.91881;2.91341;2.83166;-2.92412;-2.60354;2.9629;2.65449;-3.04645;-2.6229;-2.84272;2.87288;-2.65046;-2.80685;3.02128;-2.77782;-2.89895;0
-0.416489;2.83675;2.75841;2.80875;-2.80046;-2.76687;2.79675;2.64883;-2.80863;-2.86536;2.6609;-2.67858;-2.79606;-2.78366;-2.87162;-2.97891;-2.66115;2.5817;2.70153;2.70986;3.06247;-2.84076;-3.0139;2.89153;-2.78548;2.88455;-2.57018;3.088;2.75244;-2.83873;-2.82484;-2.81896;-2.87351;3.14336;3.04309;3.03637;-2.8741;-3.09875;2.8525;2.79773;-2.7784;-2.84388;-2.90653;2.89538;-2.63133;-2.65698;2.657;-2.69295;-2.90472;0
-0.416489;2.93556;2.95323;2.71693;-2.79963;-2.56163;2.80081;2.65142;-2.65806;-2.80076;2.63431;-2.73579;-2.87201;-2.96667;-2.80813;-2.61455;-2.9328;2.80322;2.70398;2.75433;2.44422;-2.84771;-2.608;2.74019;-2.81335;2.70165;-2.78284;2.783;2.89286;-2.88262;-2.84754;-2.77728;-2.77583;3.04733;2.77739;2.80438;-2.65201;-2.72609;2.87157;2.77909;-2.9048;-2.71302;-2.89061;2.56347;-2.7213;-2.78482;2.79354;-2.8449;-2.90038;0
-0.883008;-2.90636;-2.73249;2.73473;2.74226;2.96397;2.82795;-2.6983;2.75282;2.62401;-2.89155;-2.75651;-2.77361;-2.81258;2.76974;2.79174;-2.94859;-2.65805;-2.9237;-2.92417;2.90852;-2.90504;2.72267;2.74226;-2.60028;-2.64832;3.05028;-2.79276;-3.02429;-2.75679;-2.71917;-2.93367;-2.48251;-2.70023;-2.90291;2.72923;-2.62337;2.69097;-2.38113;-2.89667;-2.8084;2.69466;2.8674;-2.47328;2.78764;2.69235;2.67005;2.71282;2.78147;0
-0.883008;-2.67164;-2.78633;2.846;2.90126;2.74871;2.82412;-2.49906;2.68523;2.70178;-2.96025;-2.86898;-2.77615;-2.92262;2.99084;2.91009;-2.62746;-2.97577;-3.00696;-2.90949;2.64057;-2.89605;2.99485;2.83833;-2.64506;-2.62915;2.6829;-2.86326;-2.82284;-3.1159;-2.87237;-2.97649;-2.7948;-2.79323;-2.73905;2.64954;-2.71161;2.63779;-2.50199;-2.67281;-2.76738;2.74891;2.88382;-2.76147;2.68181;2.6875;2.97354;2.83434;2.74882;0
-0.883008;-3.0339;-2.97068;2.9105;2.73263;3.0504;2.94553;-2.81225;2.74279;2.89468;-2.76958;-2.91178;-2.51488;-2.90099;2.73965;2.6946;-2.83459;-2.74757;-2.89146;-2.54455;2.66216;-2.79306;2.6325;2.68346;-2.69515;-2.65891;2.84193;-2.57529;-2.88037;-2.88184;-2.8219;-3.00778;-2.62265;-2.80923;-2.55245;2.76396;-2.71502;2.65451;-2.54815;-2.60215;-2.92982;2.76584;2.58336;-2.72364;2.74787;2.80994;2.69411;2.80803;2.53738;0
-0.883008;-2.75959;-2.66681;2.80306;3.03525;2.46682;3.10919;-2.73603;2.7581;2.78034;-2.82391;-2.83953;-2.97111;-2.44318;2.71503;2.84164;-2.62791;-2.74857;-2.77802;-2.73964;2.82642;-2.61804;2.76143;3.04492;-2.56512;-2.57824;2.72176;-2.65097;-2.80708;-2.87178;-2.74501;-2.81982;-3.02139;-2.96234;-2.4539;3.00769;-2.73926;2.83454;-2.81699;-2.84886;-2.87039;2.75215;2.84154;-2.55893;2.77692;2.84246;2.64405;2.78783;2.84941;0
-0.883008;-2.73086;-2.522;2.81549;2.62182;2.54332;2.66855;-2.80327;2.64374;2.68255;-2.67838;-2.85928;-3.10607;-2.67802;2.89554;2.7303;-2.79053;-2.88836;-2.93246;-2.97762;2.76821;-2.63381;2.70084;2.66832;-2.56503;-2.72624;2.94389;-2.77228;-3.0009;-2.66434;-2.57471;-2.9727;-2.9408;-2.93175;-2.57571;2.69047;-2.4287;2.7725;-2.85364;-3.06715;-2.9348;2.75482;2.85753;-2.6904;2.82843;2.75628;2.64405;2.84843;2.87193;0
-0.883008;-3.00137;-2.85188;2.95608;2.84996;2.9183;2.62284;-2.66125;2.84185;2.91514;-2.66465;-2.73115;-2.62015;-2.83231;2.63413;2.57422;-2.82942;-2.70538;-2.8706;-2.6139;2.68641;-2.82274;2.77225;2.73388;-2.77871;-2.73384;2.70264;-2.88965;-2.85651;-3.01274;-2.81597;-2.73502;-2.85062;-2.69393;-2.71368;2.86842;-2.80601;2.48901;-2.64763;-2.92067;-2.86829;2.80169;2.46264;-2.8161;2.5811;2.85523;2.73312;2.44646;2.88293;0
-0.883008;-2.8893;-2.79861;2.73889;2.72632;2.91383;2.9989;-2.86729;2.53861;2.66739;-2.61809;-2.74602;-2.65791;-2.9881;2.79998;2.88848;-2.8258;-2.70141;-2.91725;-2.7042;2.6068;-2.89648;2.82275;2.76709;-3.03917;-2.79741;2.85309;-2.94625;-2.85284;-2.82518;-2.77814;-2.66712;-2.7682;-2.6083;-2.80259;2.73604;-2.70857;2.49456;-2.62404;-2.80967;-3.02028;2.80169;2.84652;-2.74089;2.65614;2.86151;2.8081;2.89048;2.94378;0
-0.883008;-2.83222;-3.02412;2.74593;2.87432;2.6572;2.64166;-2.79967;2.70265;2.82193;-2.86242;-2.74766;-2.8075;-2.62689;2.81795;2.68911;-2.67108;-2.89356;-2.9592;-2.73727;2.42783;-2.62998;2.74809;2.89686;-2.67439;-2.48497;2.44631;-2.79986;-2.64975;-2.76314;-2.7954;-2.76113;-2.90774;-2.80574;-2.72741;2.72607;-2.61894;2.58758;-2.67101;-2.789;-2.91147;3.00691;2.62777;-2.43062;2.59815;3.01923;2.86551;2.73481;2.84082;0
-0.883008;-2.77218;-2.9318;2.83353;2.93227;3.11297;2.56716;-2.57359;2.96505;2.66506;-2.65928;-2.88107;-2.95477;-2.70823;2.63416;2.82246;-2.63177;-2.51868;-2.6914;-2.71597;2.75715;-2.71184;2.64569;2.78005;-3.12412;-2.73333;2.83628;-2.88409;-2.70305;-2.92756;-2.90429;-2.72989;-2.73663;-2.84278;-2.73943;2.95816;-2.6215;2.43687;-2.75605;-2.89223;-2.8254;2.82452;2.80085;-2.79948;2.66571;2.78781;2.72539;2.78259;2.71433;0
-0.883008;-2.74822;-2.78352;2.66453;2.92731;2.77925;2.7493;-2.61924;2.7003;2.86356;-2.88821;-3.03958;-2.76201;-2.84683;2.77094;2.79662;-2.38351;-2.92411;-2.79822;-2.65107;2.74644;-3.04544;2.77066;2.7945;-2.73657;-2.71749;2.71657;-2.64929;-2.77454;-2.90654;-2.83088;-2.80456;-2.94437;-2.68215;-2.75006;2.87555;-2.7177;2.81704;-2.79571;-3.05696;-2.79054;2.84683;2.77947;-2.72288;2.66524;2.78279;2.85189;2.97595;2.76318;0
0.401231;-3.18854;-2.78832;2.7641;2.71975;-2.69676;-3.21043;-2.56374;2.64637;2.56562;-3.02527;-2.88245;-2.95811;-2.79861;-2.64738;2.75206;2.61326;2.78145;-2.7047;-2.77702;-2.7619;2.66742;2.7676;2.58886;-2.89528;2.56302;2.77977;-2.63854;-2.86607;2.92175;2.60206;2.86116;-2.66632;2.68322;-2.90209;2.79007;2.78934;-2.77278;-2.75587;2.58108;-2.79554;-2.63626;2.80278;-2.9258;2.75462;-2.89731;2.75771;-2.73533;2.61256;0
0.401231;-2.68609;-2.82484;2.77875;2.69547;-2.73511;-2.78738;-2.70109;2.9155;2.74921;-2.84678;-2.91149;-2.698;-2.69373;-2.80523;2.79345;2.87005;2.81695;-2.71812;-2.99783;-2.66809;2.94872;2.77717;2.96442;-2.50968;2.77402;2.74082;-2.98147;-2.6302;2.70786;2.77585;3.00547;-2.70676;2.74045;-2.89568;2.62828;2.78066;-2.85611;-2.757;2.60225;-2.74345;-2.66443;2.68955;-2.65404;2.52379;-2.76893;2.85618;-2.71011;2.7514;0
0.401231;-2.67356;-2.79412;2.57164;2.81069;-2.86262;-2.85327;-2.8538;2.93628;2.72272;-2.75896;-2.67359;-2.65307;-2.79964;-2.71851;2.63009;2.87778;2.61969;-2.70015;-2.76712;-2.6961;2.76252;3.06616;2.92567;-2.67222;2.84241;2.88496;-2.64507;-2.87946;2.70628;2.7292;2.65361;-2.41113;2.69348;-2.84966;2.59584;2.68184;-2.6439;-2.58738;3.0884;-2.88777;-2.8746;2.76459;-2.63281;2.82437;-2.76923;2.5139;-2.78665;2.64576;0
0.401231;-2.68715;-2.8379;2.68098;2.89934;-2.68316;-2.74461;-2.6504;2.92968;3.0458;-2.87171;-2.7155;-2.66771;-2.96869;-2.57686;2.86836;2.70297;2.65528;-2.85057;-2.81228;-2.7104;2.86072;2.90921;2.59488;-2.63766;2.98602;2.75644;-2.88728;-2.7835;2.72289;2.67493;2.82084;-2.77782;2.71776;-2.5616;2.87869;2.91702;-2.9277;-2.77506;2.74251;-2.88932;-2.86355;2.72428;-2.78464;2.66759;-2.70316;2.71968;-2.78665;2.84158;0
0.401231;-2.7474;-2.79712;2.88891;2.68423;-2.95261;-2.80719;-2.58402;2.72016;2.66534;-2.75665;-2.93652;-2.93359;-2.73075;-2.80114;2.9099;2.70997;2.71424;-2.80539;-2.91319;-2.78972;2.84553;2.81269;2.83633;-2.8853;2.76062;2.81748;-2.56955;-2.75796;2.67164;2.81777;2.57826;-2.65577;2.69508;-2.68342;3.00641;2.85368;-2.60406;-2.68501;2.84728;-2.85713;-3.03573;2.64537;-2.76708;2.69217;-2.95996;2.72548;-2.79148;2.76646;0
0.401231;-2.86618;-2.64422;2.74014;2.88017;-2.56145;-2.97922;-2.80439;2.96816;2.56678;-2.84369;-2.97442;-2.77614;-2.79202;-2.90365;2.79255;2.98249;2.62949;-2.81235;-2.86433;-2.83467;2.71878;2.83808;2.76118;-2.5561;2.72645;2.87922;-2.67635;-2.60671;2.96485;2.72874;3.12608;-2.71762;2.70591;-2.81608;2.68282;2.5908;-2.89713;-2.84575;2.70895;-2.65672;-2.69521;2.543;-2.54699;2.53494;-2.6059;2.7428;-2.86519;2.82373;0
0.401231;-2.71178;-2.84363;2.6673;2.68575;-2.83563;-2.86331;-2.7223;2.88835;3.01898;-2.85937;-2.65373;-2.88853;-3.07975;-2.71672;2.84356;2.95754;2.92757;-2.81023;-2.77181;-2.54678;2.94315;2.6419;2.67596;-2.79742;2.86223;2.28739;-2.74803;-2.89544;2.76503;2.88123;2.89632;-2.96402;2.77954;-2.61077;2.60657;2.64069;-2.65239;-2.83278;2.64017;-2.76914;-2.93444;2.75821;-2.83538;2.75798;-2.63971;2.96911;-2.82507;2.90872;0
0.401231;-2.89907;-2.71278;2.83941;2.81422;-2.87193;-2.88152;-2.69671;3.01719;2.74212;-2.77721;-2.79861;-2.81201;-2.74447;-2.94776;2.55635;2.75706;2.64588;-2.71679;-2.56868;-2.76776;2.55938;2.92003;3.04957;-2.52061;2.75166;2.85182;-2.73188;-2.71478;2.74554;2.61957;2.94402;-2.71423;2.59681;-2.66099;2.68207;2.70783;-2.619;-2.70845;2.88787;-2.75255;-2.63021;2.74425;-2.73412;2.67892;-2.92423;2.8506;-2.61806;2.71661;0
0.401231;-2.90547;-2.5316;2.70771;2.70537;-2.84863;-2.58939;-2.92449;2.5111;2.98238;-2.77367;-2.8482;-2.73655;-2.68803;-2.67171;2.79773;2.93325;2.69211;-2.891;-2.85157;-2.81657;3.02298;2.82927;2.66746;-2.85687;2.85465;2.88999;-2.6979;-2.71392;2.61195;2.80611;3.0028;-2.6775;2.90839;-2.85578;2.7901;2.78456;-2.62206;-2.697;2.68383;-2.84601;-2.78834;2.64262;-2.8306;2.55588;-2.96888;2.62466;-2.74997;2.69528;0
0.401231;-2.73106;-3.0036;2.74855;2.59544;-2.71045;-2.73042;-2.69373;2.85369;2.89821;-2.64853;-2.83497;-2.53422;-2.7067;-2.92765;2.75449;2.8504;2.88542;-2.78717;-2.72989;-2.76042;2.66507;2.90065;2.96107;-2.75756;2.77677;2.73345;-2.7664;-2.86254;2.5898;2.63607;2.73566;-2.63741;2.72898;-2.82173;2.898;2.79741;-2.66878;-2.72319;2.61404;-2.93797;-2.78062;2.74857;-2.80309;2.74826;-2.59294;2.3286;-2.81096;2.80688;0
0.174385;2.45628;-2.67823;-2.97212;2.90125;-2.56495;-2.71687;-2.57341;-2.76452;2.75975;-2.61796;2.8007;2.66505;-2.95484;2.7446;-2.89932;-2.76118;-2.57622;-2.65319;-2.86288;-2.79057;2.58142;-2.86506;-2.78451;2.72578;-2.88965;2.60528;-2.80008;-2.68188;-2.83701;-2.71003;2.65512;-2.86484;-2.813;2.76115;2.75413;-3.05826;-2.78415;-2.8303;2.73303;-2.91643;2.6361;-2.89914;2.85465;2.89561;-2.69026;-2.80081;2.77981;-2.60212;0
0.174385;2.76145;-2.88642;-2.63084;2.49635;-2.58608;-2.86258;-2.87317;-2.69433;2.70111;-2.61832;2.90674;2.95524;-2.73836;2.84356;-2.83268;-3.00047;-3.02748;-2.84977;-2.75481;-2.87804;2.96307;-2.57131;-2.78275;2.58482;-2.72434;2.5395;-2.67845;-2.86412;-2.85464;-2.66773;2.87338;-2.84215;-2.80019;3.03842;2.7742;-2.67747;-2.77829;-2.82141;2.51807;-2.63612;2.59039;-2.80471;2.74555;2.62529;-2.83411;-2.83019;2.78567;-2.64379;0
0.174385;2.85151;-2.89249;-2.70726;2.61845;-2.57787;-3.00058;-2.82046;-2.6907;2.73076;-2.77736;2.78614;2.79448;-2.50205;2.6857;-2.58017;-2.84658;-2.73568;-2.77897;-3.00811;-2.85365;2.75527;-2.82914;-2.66744;2.77468;-2.87967;2.638;-2.7003;-2.60105;-2.87096;-2.98512;2.72751;-2.79245;-2.68392;2.79828;2.66644;-2.86939;-2.7521;-2.94153;2.98717;-2.80344;2.85392;-2.64337;2.71959;3.10048;-2.87199;-2.70853;2.8688;-2.68291;0
0.174385;2.86421;-2.67952;-2.86114;2.81096;-2.53885;-2.89505;-2.87644;-2.96704;2.87783;-2.73511;2.50905;2.86132;-2.69286;2.87207;-2.97071;-2.83858;-2.87882;-2.87356;-2.78104;-2.75489;2.77886;-2.743;-2.691;2.78284;-2.78121;2.67095;-2.63725;-2.74562;-2.71608;-3.01007;2.90542;-2.71557;-2.80282;2.45728;2.95665;-2.82516;-2.84227;-2.6315;2.83963;-2.75902;2.86946;-2.69171;2.96944;2.89687;-2.90356;-2.64562;2.66145;-2.65784;0
0.174385;2.90605;-2.70469;-2.69788;2.73912;-2.88774;-2.81407;-2.8005;-2.73732;2.72758;-2.6504;2.79992;2.68055;-2.67073;2.66971;-2.89958;-2.54345;-2.59672;-2.89588;-2.75472;-2.90015;2.48676;-2.90601;-2.79145;2.68592;-2.7733;2.77718;-2.77535;-2.76887;-2.87305;-2.92843;2.59196;-2.69766;-2.82064;2.96048;2.63625;-2.73505;-2.9765;-2.69607;2.92119;-2.85572;2.57837;-2.95046;2.64061;2.59713;-2.73015;-2.87245;2.81127;-2.6676;0
0.174385;2.9956;-2.95483;-2.71668;2.47712;-2.83585;-2.71969;-2.75199;-2.9171;2.47734;-2.6686;2.79429;2.62726;-2.96939;2.88479;-2.57967;-2.8957;-2.9288;-3.02607;-2.85383;-2.73655;2.67811;-2.90561;-2.61172;2.75257;-2.59832;2.46278;-2.88529;-2.77246;-2.95931;-2.90291;2.84895;-2.81441;-2.73667;2.83541;2.77207;-2.86305;-2.9983;-2.94821;2.6721;-2.55106;2.77093;-2.69646;2.91008;2.67563;-2.83292;-2.86612;2.67492;-2.72287;0
0.174385;2.75953;-2.83502;-2.67436;2.89036;-2.89657;-2.91507;-2.9584;-2.94687;2.63951;-2.83086;2.9252;2.85072;-2.56533;2.77543;-2.80094;-2.93702;-2.81029;-2.84447;-2.71415;-2.66543;2.78554;-2.54404;-2.96059;2.77962;-2.8604;2.71448;-2.67339;-3.04029;-2.74415;-2.68938;2.81301;-2.85796;-2.86895;2.8112;3.03423;-2.78639;-2.7955;-2.70763;2.66932;-2.84423;2.62698;-2.99457;2.74374;2.87095;-2.70189;-2.74301;2.69405;-2.80744;0
0.174385;2.69391;-2.80679;-2.89421;2.82357;-2.91995;-2.93924;-2.94236;-2.66293;2.65251;-2.85335;2.62775;2.8875;-2.95669;2.50548;-2.78026;-3.03571;-2.56974;-2.64381;-3.06808;-2.62788;2.83351;-2.77167;-2.88138;2.78054;-2.643;2.77964;-2.82399;-2.90276;-2.73474;-2.65666;2.83025;-3.00349;-2.79308;2.91729;2.83438;-2.614;-2.90696;-2.62641;2.81668;-2.763;2.92617;-2.85668;2.85149;2.81222;-2.54567;-2.66182;2.8276;-2.7982;0
0.174385;2.84449;-2.56219;-2.86015;2.63494;-2.77612;-2.5712;-2.88183;-2.66501;2.53867;-2.82961;2.90976;2.59649;-2.71021;2.71814;-2.88163;-2.82842;-2.81291;-3.12306;-2.63721;-2.59625;2.75713;-2.81653;-2.67738;2.76692;-2.86172;2.56196;-2.96405;-2.84241;-2.79672;-2.66977;2.64704;-2.60159;-2.73181;2.88946;2.71624;-2.76096;-2.76716;-2.61103;2.55179;-2.78386;2.69275;-2.65654;3.00686;2.61474;-2.6884;-2.66414;2.7994;-2.61626;0
0.174385;2.87362;-2.83379;-2.72423;2.86091;-2.94717;-2.70847;-2.82031;-2.92267;2.66153;-2.70631;3.02608;2.83864;-2.6431;2.91379;-2.84074;-2.78392;-3.01539;-2.89503;-2.68805;-2.66792;2.60218;-2.81653;-2.87472;2.81072;-2.84672;2.6428;-2.58016;-2.87286;-2.79672;-2.62501;2.78271;-2.94582;-2.77088;2.7747;2.90422;-3.02831;-3.05314;-2.70248;2.55367;-2.57239;2.84561;-2.7247;2.87523;2.85246;-3.02151;-2.73264;2.80656;-2.80891;0
-0.859576;-2.75384;2.82181;-2.73658;2.76695;2.90269;2.99778;2.86431;2.66822;-2.81771;-2.67533;2.87569;-2.85096;-2.85426;-2.97049;-2.90329;-2.77387;2.94157;2.48998;-2.66441;-2.76753;2.69479;-2.73636;2.836;-2.57102;2.83947;-2.68379;-2.65108;2.48432;-2.76981;-2.85131;2.8687;-2.82034;-2.80306;-2.7517;-3.00191;2.86606;-2.59018;2.68057;2.69092;-2.66657;-2.85326;-2.7386;2.79497;2.71076;2.58243;-2.75494;2.46056;-2.67094;0
-0.859576;-2.61885;2.6236;-2.67584;2.80744;2.83335;2.75386;2.63105;2.73206;-2.52052;-2.53893;2.7552;-2.78298;-2.93225;-2.8833;-2.79667;-3.07034;2.84576;2.80652;-2.83811;-2.76641;2.66143;-2.76054;2.51547;-2.80742;2.65028;-2.90565;-2.60893;2.83072;-2.71672;-2.66542;2.78114;-2.78601;-2.62001;-2.80817;-2.59321;2.65261;-2.82043;2.91144;2.77681;-2.62039;-2.7417;-2.80758;2.5592;2.79042;2.87755;-2.75938;2.75203;-2.63558;0
-0.859576;-2.53578;2.58627;-2.79691;2.62686;2.69845;2.92419;2.74093;2.9033;-2.92829;-2.53678;2.63457;-2.63711;-2.92393;-2.66278;-2.75836;-2.94711;3.0752;2.77157;-2.52226;-2.62929;2.79076;-2.65946;2.71533;-2.54185;2.64385;-2.81074;-2.87438;2.78162;-2.83659;-2.72409;2.50772;-2.61052;-2.78806;-2.81822;-2.69847;2.82138;-2.81981;2.68473;2.82817;-2.77557;-2.76984;-2.87589;2.87698;2.87542;2.70735;-2.64781;2.89379;-2.53376;0
-0.859576;-2.82375;2.69634;-2.73677;2.72169;3.06506;2.83053;2.95182;2.61106;-2.92908;-2.78499;2.83751;-2.87025;-2.94843;-2.72196;-2.8615;-2.58143;2.81553;2.73056;-2.70075;-2.75538;2.87366;-2.71301;2.74935;-2.98527;2.72029;-2.98912;-2.82939;2.78162;-2.83562;-2.85006;2.55397;-2.6264;-2.83873;-2.56839;-2.84961;2.69732;-2.87369;2.63859;2.92029;-2.93261;-2.72851;-2.86998;2.75756;3.14884;2.74556;-2.4669;2.81215;-2.71979;0
-0.859576;-2.62174;2.77315;-2.61779;2.78288;2.70231;2.73637;2.88526;2.67192;-2.80791;-2.78499;2.65018;-2.69175;-2.63822;-3.00297;-2.59256;-2.74106;2.59345;2.90437;-2.76789;-2.83992;2.86963;-2.79923;2.75847;-2.84266;2.586;-2.61215;-2.89697;2.70883;-2.86265;-2.81666;2.78388;-2.64939;-2.77494;-2.68015;-2.62808;2.80406;-3.00499;3.14709;2.89865;-2.76301;-2.78359;-2.63718;2.67066;2.75094;2.84537;-2.6204;2.79339;-2.77613;0
-0.859576;-2.79801;2.55576;-2.78784;2.60261;2.76756;3.02166;2.91654;2.80049;-2.81016;-2.97675;2.77789;-2.66576;-2.71677;-2.81844;-2.75174;-2.65157;2.62475;2.9346;-2.74026;-2.77961;2.66389;-2.82718;2.73593;-2.83071;2.68117;-2.86804;-2.77753;2.6972;-2.79432;-2.6183;2.67576;-2.7637;-2.61777;-2.71176;-2.75315;2.76479;-2.63809;2.91258;2.77424;-2.56181;-2.74716;-2.67891;3.01869;2.7307;2.71165;-2.83375;2.79764;-2.70291;0
-0.859576;-2.63074;2.87741;-2.79352;2.73922;2.89668;2.69736;3.04819;2.89224;-2.84851;-2.78474;2.78852;-2.6244;-2.99857;-3.00216;-2.71057;-2.65836;2.75859;2.71729;-2.65051;-2.97868;2.91617;-2.57108;2.65743;-3.17255;2.53056;-2.59581;-3.01233;2.61198;-2.96787;-2.82874;2.85299;-2.60207;-2.83607;-2.97356;-3.13217;2.66408;-2.88168;2.77308;2.87761;-2.80031;-2.79389;-2.70906;2.82477;2.67492;2.65118;-2.62702;2.59546;-2.76361;0
-0.859576;-2.47112;2.92752;-2.79971;2.83335;2.95365;2.66956;2.8531;2.53066;-2.75704;-2.83724;2.62392;-2.67361;-2.63979;-2.91419;-2.92845;-2.99494;2.90363;2.90609;-2.70523;-2.67971;2.75161;-2.62098;2.71696;-2.7323;2.65261;-2.80455;-2.72835;2.86769;-2.73584;-2.93946;2.69231;-2.72991;-2.73379;-2.69814;-2.64919;2.73556;-2.72076;3.10855;2.87666;-2.54067;-2.76237;-2.87193;2.69122;2.79415;2.74996;-2.80533;2.75601;-2.87429;0
-0.859576;-2.7814;2.61174;-2.57647;2.49533;2.79475;2.68138;2.65328;2.6379;-2.95259;-2.96058;2.85696;-2.85914;-3.07098;-2.80292;-2.84042;-2.74196;2.80666;2.61073;-2.65716;-2.75409;2.8615;-2.51342;2.79691;-2.71387;2.71508;-2.84898;-2.74539;2.65803;-2.86749;-2.82569;2.68624;-2.62549;-2.60685;-2.9255;-2.58009;2.48255;-2.57293;2.83806;2.80023;-2.84712;-2.73973;-2.76935;2.82161;2.89555;2.56313;-2.87572;2.72532;-2.77957;0
-0.859576;-2.67321;2.47672;-2.92026;2.69528;2.58805;2.80431;3.03431;2.78409;-2.80186;-2.71876;2.83218;-2.49211;-2.87251;-2.96697;-2.89155;-2.78505;2.99058;2.8508;-2.84918;-2.71969;2.65498;-2.82194;2.68108;-2.88189;2.92261;-2.81577;-2.87724;2.79546;-2.82485;-2.86127;2.55166;-2.86031;-2.7167;-2.7696;-2.88602;2.7471;-2.67216;2.96287;2.69305;-2.49769;-2.85057;-2.57485;2.94253;2.91446;2.86686;-2.61677;2.97833;-2.71424;0
