0.93306;1.38104;1.68143;1.70239;-1.56937;1.32895;1.12555;-0.995449;-1.08796;-0.987636;-1.39467;1.47426;1.26998;1.23144;1.39438;1.46201;1.53188;0.772467;1.20667;1.31872;0.976663;1.38941;1.18127;1.32796;1.58556;1.42219;1.17254;1.58607;1.54555;1.77798;1.67692;1.63019;-0.783673;1.5821;-0.114048;1.39223;1.40221;1.16317;1.35253;-1.01222;-1.3026;-1.23422;-1.16665;0.907583;1.20999;1.46015;1.00818;1.72348;1.61692;0
0.93306;1.12631;1.4918;1.5216;-1.60458;-1.16665;1.23351;1.75333;1.07999;1.10528;-1.3232;-1.4697;-1.66152;-1.4388;-1.38483;1.19823;1.84599;1.42029;1.36434;1.33161;1.6557;1.5132;0.958677;1.5491;1.66616;-1.29749;-1.29272;-1.52302;-1.40682;1.14161;1.562;1.25827;1.36609;1.00654;1.27465;-0.817082;1.34278;1.12448;-1.23187;-1.67773;1.21635;1.57567;1.27957;0.742071;1.7572;1.31084;-0.679919;-1.39782;1.18838;0
0.93306;1.44919;1.39495;1.20193;-1.09847;-1.60635;1.3758;1.20951;-0.203338;1.59685;1.14784;1.44205;-1.22871;1.50918;1.49201;1.292;1.25736;1.08073;1.00827;-1.07219;-1.26127;-1.42946;-1.28412;-1.46175;1.45308;1.41637;-1.33227;-1.15591;1.61819;1.34276;1.68505;1.16495;0.830843;0.452377;1.58975;1.63337;1.53557;-1.28168;-1.57067;-1.72716;-1.41197;1.40868;1.079;1.72118;-1.13958;-1.03543;-1.75094;1.0013;1.52631;0
0.93306;0.966683;1.43098;-0.412019;1.03934;-1.47008;-1.68923;-1.98787;0.97614;1.44351;1.2893;1.55781;1.33071;1.15121;0.732441;0.637016;1.3129;-1.32982;-1.52547;-1.05481;-1.22266;1.38143;1.73121;0.946835;1.32498;1.17654;0.997681;-0.962853;-0.960144;1.30249;-1.26995;1.16567;1.54027;1.30831;1.01756;-0.717849;-1.00352;-1.47839;-1.73949;-0.953601;-1.45245;1.30624;1.54452;1.2676;1.62079;1.12799;1.58368;1.32372;1.38168;0
0.93306;-1.24529;-1.51943;-1.35807;-1.42649;-1.07476;1.09744;1.43132;1.41217;0.286859;1.23996;0.643254;1.17349;1.18119;1.73975;1.35303;1.18377;1.43654;1.07012;-1.08454;-1.27567;-0.935972;-0.593654;1.2292;1.38543;1.41351;1.61973;1.55823;1.51859;0.695525;1.1327;1.25957;-0.209762;1.25125;1.69944;1.39926;-1.02335;-1.3719;-0.919127;-0.860037;-0.740053;1.47837;1.33497;1.74798;1.82911;1.69643;0.600805;1.26456;1.14014;0
0.93306;1.42705;1.53824;-1.51207;-1.48195;-1.44047;1.37171;1.14303;0.986931;1.59044;1.01214;1.33602;1.54046;1.28647;1.32702;1.09478;0.934172;-0.578645;-0.9891;1.27073;1.61638;0.562038;1.23771;1.23469;1.50289;0.903004;-1.37136;-1.08552;0.784838;1.24333;1.80389;0.684315;-1.4664;1.46614;0.814013;-1.26306;-0.339113;1.10783;1.20532;0.613038;1.06129;0.718547;1.29273;1.57951;-1.13649;-1.16329;-1.46152;-1.14519;1.07991;0
0.93306;-1.27027;-1.74186;-1.6201;-1.06108;1.41113;1.69352;0.975921;1.50968;1.08758;1.35446;1.50009;0.931155;1.5966;-1.69539;-1.64593;-1.25197;-1.3977;0.943522;1.11569;1.46899;1.46444;1.1799;1.15003;1.53854;-1.1369;-1.04558;1.39629;1.35207;1.50508;1.15276;1.73778;1.68353;-1.06537;-1.57627;1.33798;1.10536;0.636258;1.59748;1.26559;1.35698;0.854664;1.19106;1.27757;-1.38461;-1.62685;-1.58992;-0.647777;1.16089;0
0.93306;-1.46142;-1.1216;-1.00425;-1.17713;-1.40331;-1.69727;-1.2815;-1.02772;-1.59046;-1.01188;-0.668687;-0.82862;-1.28781;-1.10444;-1.51192;-1.58491;-1.61867;1.36968;1.5809;1.18818;1.64333;1.2109;-1.18304;0.99902;1.32182;1.46607;1.15543;1.73635;1.36038;1.3732;1.49036;1.25196;1.14362;1.12146;0.828451;1.53219;0.851491;1.37871;1.25654;-1.06432;-1.44169;-1.26388;-0.757077;-1.25969;-0.934285;0.796729;1.48541;1.46097;0
0.93306;0.91389;1.29643;-0.972436;-1.16071;-1.74443;-1.27682;-1.17257;-1.54887;-1.22382;-1.55966;-1.13221;-0.993492;-1.12674;-1.25186;-1.10527;0.776356;1.33575;0.837012;0.894307;1.65819;1.03458;1.65489;1.3883;1.6865;1.04815;1.73111;-1.10627;-1.54672;1.36613;1.25523;1.63157;1.03415;1.65808;1.77742;0.890343;0.710908;1.28495;1.69933;0.749976;-1.43497;-1.47728;-1.74055;-1.42967;-1.20778;-1.50369;-1.24863;-1.01524;1.15444;0
0.93306;1.52305;1.40983;1.06172;-0.703029;-1.27608;-0.848921;-1.84531;-1.2377;-1.31238;-1.71281;-1.4334;-1.03791;-1.75669;-1.05053;1.2447;-0.834358;1.0316;1.74515;0.961775;1.7787;1.36624;1.5658;1.20455;1.77772;1.62227;-0.749326;-0.922268;-1.27084;1.12478;0.914029;0.991262;1.64394;1.00865;1.21342;1.17267;1.0998;-1.20272;1.60183;1.63544;1.78816;1.53522;1.47054;-1.55603;-1.05745;-1.0894;-1.59506;-1.35124;-1.21204;0
0.15746;-1.59734;1.5416;1.39819;1.28991;1.39791;0.848746;1.29898;-0.513599;-1.655;-0.979428;1.30201;0.93214;1.39225;1.71275;1.40886;-1.78881;-1.63552;-1.55171;-1.49631;-1.6813;-1.45634;1.19761;0.802093;-1.20677;-1.62816;-1.2915;1.26128;1.33557;0.693126;1.3778;1.23428;1.02977;1.12532;1.11483;1.7314;1.58034;1.34331;1.4855;1.30165;1.51074;1.53872;1.6786;1.43337;-1.16738;1.48866;1.12641;1.35504;1.31329;0
0.15746;-1.18276;1.00537;1.45043;1.43071;1.52591;1.48573;-1.19394;-1.42847;-1.02047;1.23268;1.46853;0.618648;1.25996;0.923721;-1.1375;-1.02207;-0.780743;-1.01961;0.832345;0.911788;1.05157;1.70424;-1.39949;-1.34021;-1.69079;-1.46483;0.934213;1.49285;1.23573;1.20662;1.72035;1.2648;1.45695;1.45811;1.75633;1.65138;1.37956;1.37473;1.64277;1.16667;1.40262;0.20682;1.36575;1.11921;0.918581;0.642558;1.1052;1.45418;0
0.15746;1.11073;-1.26376;1.25671;0.742997;1.45492;-0.69654;-1.30635;-0.990477;-1.479;-0.999006;-0.974777;-1.10325;-1.37676;1.48571;-1.01086;-1.27634;-0.871759;1.40744;0.558577;0.42858;1.51853;1.31611;0.713104;-1.08489;-1.41291;-1.61288;-1.63941;-1.51228;-1.17012;1.32608;1.25863;1.05703;1.17413;0.989512;1.62531;1.24351;1.28359;1.63868;1.18577;-1.19507;1.28553;1.29678;1.55426;0.93951;-1.40756;-1.53747;-1.45773;-0.960189;0
0.15746;0.617358;-1.36463;-1.51925;-0.965552;-1.26478;-1.41752;-1.43475;-1.26108;-1.19615;-1.05801;-1.38718;-1.04149;-1.53472;-1.44304;-1.06039;-1.26818;-0.899531;-1.48147;-1.35226;1.00415;1.6406;1.15634;1.16224;1.54669;0.766356;1.1413;1.08185;-1.11923;1.56983;1.28597;1.19123;1.18629;1.45782;0.799932;1.20925;1.15116;-1.06864;-1.41586;-1.33223;1.19595;0.431637;1.35267;1.44835;1.10324;1.27969;-1.20046;-1.18412;1.21752;0
0.15746;-1.65484;-1.66692;-0.82801;-1.18661;1.03479;1.42128;-0.817883;-0.856568;-1.34316;-0.671665;-1.37419;-1.28682;-1.58605;-1.4762;-1.25127;-1.39002;-1.16101;-1.60547;-0.65756;1.55604;1.0487;-1.51672;1.31375;1.19687;1.81164;-1.39979;-1.37177;-1.4406;-1.31864;-1.02251;-0.376142;1.24254;1.2004;1.30734;1.32672;1.58346;1.2606;1.24327;-1.07255;-1.34971;-1.75871;0.781282;1.53383;1.25117;-1.25808;-1.40902;-1.7214;-1.69656;0
0.15746;1.22716;1.0808;1.24511;1.49136;1.28183;-1.30197;-1.14107;-1.05795;-1.60003;-1.15576;-1.02144;-1.11251;-1.29542;-1.28537;-1.20568;1.31768;-1.2405;-1.06558;-1.81902;1.00135;1.29111;1.64871;1.38051;1.5098;1.44966;0.956725;-1.62532;-1.38386;-1.35775;1.15844;1.75558;0.849908;-1.37737;-1.27158;-1.18077;1.4856;-1.2326;1.05011;1.08916;1.21072;0.775495;-0.922037;-1.42811;-1.2029;-1.0334;-1.33542;-1.71639;-0.976644;0
0.15746;1.31105;1.3833;1.35396;1.63711;1.40825;-0.637847;-0.732089;-1.09634;-1.43245;-1.83371;-1.60152;-1.31551;-0.853086;-1.48064;-1.47303;-1.56415;-1.90221;-0.996848;-1.50904;-1.29676;-1.15072;-1.35069;1.106;1.5244;-1.17588;-1.59859;-1.64911;-1.5647;-0.39462;1.63846;1.5483;1.6625;-0.482333;1.24327;1.52047;-1.05016;1.21701;1.24162;1.55579;1.19447;-0.960415;-1.6371;-1.67953;-1.18602;-1.3892;-0.869605;-1.62748;-1.77632;0
0.15746;0.745494;1.42446;1.48944;1.28471;1.49355;1.20542;1.66714;-1.55394;-1.26977;-1.3751;-1.61571;-0.737156;-1.48095;-1.66389;-1.11948;-1.43573;-1.58651;-1.22352;-1.3679;-1.32309;-1.15586;-1.45948;-1.39193;-0.995285;-1.01697;1.26284;1.59318;1.22542;1.5225;1.3713;1.4143;1.61795;1.00553;1.36286;1.6041;1.87628;1.34125;-1.08285;-1.61212;-1.27029;1.64726;1.46836;-1.70536;-1.48385;-1.56668;-1.13097;-0.961916;1.2335;0
0.15746;1.30634;1.27247;1.55889;0.92439;1.25297;-1.23177;-1.3991;-1.58728;-1.38567;-1.24382;-1.20418;-1.48766;-1.21817;-1.39757;-1.26122;-1.3971;-1.58608;-0.816265;-0.969336;-1.61362;-1.43377;-1.27242;-0.235708;0.894325;-0.437541;0.270478;1.52846;1.50393;1.66598;1.05236;1.2696;1.24153;1.47488;1.45882;1.22059;1.69148;1.29073;1.47335;-1.25828;1.24112;0.881471;1.49395;1.10619;-1.66329;-1.61826;-1.20918;-1.49247;-1.38147;0
0.15746;-1.53504;-1.39221;-1.33637;-0.120979;1.5732;1.09186;1.15265;-1.50771;-1.46258;-1.14714;-1.23986;-1.45223;-1.10972;-1.59415;-0.93156;0.0468047;1.22575;1.52217;1.42229;-1.57949;-1.34506;1.24932;-0.899503;0.552918;1.36938;1.20797;1.04383;0.796824;1.60514;1.0257;-1.64331;1.40457;1.51868;1.33975;1.62544;1.21305;1.34984;1.47399;1.59481;1.57218;1.61898;0.386034;1.3253;1.51803;-1.4349;-1.28923;-1.38825;-0.714757;0
0.247067;1.23553;1.22811;1.27145;1.37423;1.57898;1.57014;1.12607;1.6007;0.957033;0.924552;-1.34071;1.29373;1.52298;1.41187;0.977833;1.07428;-1.35023;-1.38589;-1.49274;-1.55406;-1.17877;1.4271;1.24069;0.902643;1.3154;0.97376;-1.38248;-1.69215;-1.55943;-0.921491;-1.19743;1.52756;-1.22203;-1.37549;-1.11148;-1.15524;1.47767;1.84432;1.26476;1.27184;1.0882;1.333;1.59521;1.26108;1.68317;2.08806;0.959527;1.44084;0
0.247067;1.48493;1.43346;1.67744;1.20049;1.17553;0.955208;1.23202;1.40106;1.50872;1.74935;1.48457;1.60504;1.29287;1.52075;1.36588;1.89464;0.750449;-1.34346;-1.36199;-1.11784;0.943611;1.79645;1.40682;1.44273;-1.44388;-1.91778;-1.24572;-1.35616;-1.2786;-0.0708055;-1.73676;-1.73738;-1.15783;-0.612643;-1.49602;-1.6708;-1.05541;1.24273;1.68188;1.09927;1.62899;1.40577;1.10783;1.58088;1.08467;1.43039;1.64969;1.73356;0
0.247067;1.33389;1.49685;1.41492;1.03542;1.47815;1.36769;1.52473;1.54496;1.51669;1.04363;1.32337;1.22096;1.37643;1.63793;1.84711;1.56598;1.65491;0.124582;-1.53677;-1.17471;-1.23403;-1.673;-0.725705;-1.4736;-1.4143;-1.48494;-1.09851;-1.34552;-1.52103;-1.46655;1.44151;1.3222;1.44178;1.22331;-1.45356;-0.851232;1.07648;1.67403;1.53527;-1.00788;-1.23355;1.81638;1.65628;1.31415;1.50235;1.36635;1.15125;0.823856;0
0.247067;1.11606;1.71137;1.21452;1.34521;1.52373;1.07646;0.38423;1.24227;0.832643;1.55583;1.60878;-1.01845;1.05511;1.11446;1.30029;1.51233;-1.11843;-0.138679;1.30619;1.41562;-1.05904;-1.55518;-0.388225;-1.43204;-1.68996;-1.24165;-1.54435;-1.24206;1.62771;0.96719;1.73435;0.95547;0.908685;1.55755;1.48646;1.47886;1.54725;1.48166;1.50725;1.25358;1.09555;1.65672;1.48802;-1.04096;1.54552;1.42178;1.50392;1.54991;0
0.247067;1.37932;1.51264;1.54762;1.52522;-1.52999;-1.16958;-1.36943;1.51772;1.29287;0.669676;1.56833;1.60269;1.56663;0.930185;1.52546;1.60658;1.64104;1.59658;0.894835;1.08869;-0.989626;-0.827199;-0.866874;-1.45953;-0.195707;1.10289;-0.77627;-1.09713;-1.40451;-0.962663;-1.00986;1.5886;1.3589;1.74861;1.311;1.12929;1.25756;1.72381;1.32407;0.814164;1.61726;1.51982;1.63768;1.50771;1.66825;0.774557;1.17114;-0.815323;0
0.247067;1.1598;1.28219;0.972182;1.49982;-1.24259;-0.987897;-1.79625;-1.30649;-1.51903;-1.44601;-1.63117;1.13956;1.11447;1.05075;1.48836;1.22558;1.27673;1.37189;1.11928;1.28565;1.61768;1.12049;-1.21171;-1.07074;-1.456;-1.19934;-1.51369;-1.47975;-1.3925;-0.633197;-0.604759;1.32747;1.41723;1.30539;1.4464;1.35465;-1.42912;1.39289;1.16751;1.06416;1.35673;-1.13138;1.31596;1.54385;1.33576;1.48387;1.65384;1.39806;0
0.247067;1.20607;1.49748;-1.60297;-1.3036;-1.40565;-1.2471;-1.09402;-0.747728;-1.29293;-0.931056;-1.47658;-0.60267;1.48503;1.39102;1.37523;1.54369;1.17689;1.31174;1.44017;1.29467;1.61828;0.864745;0.971873;0.164913;-1.2562;-0.592382;-1.11885;-1.26898;-0.915823;-1.2537;0.873721;0.681235;1.37246;1.31539;1.34181;1.07521;1.47313;1.82043;1.49253;1.67316;0.847318;1.7029;1.71248;1.50153;1.43188;0.993423;1.50871;1.08215;0
0.247067;1.47278;1.40053;1.57207;1.60972;1.45805;1.93958;1.43012;1.48831;-0.657448;-1.50223;-1.24496;-1.50014;0.483872;2.06083;1.2819;1.56962;1.39022;1.49343;1.50075;1.23576;1.034;1.53294;1.28729;1.13718;-1.18269;-1.50102;-1.69809;1.35204;-1.006;-1.64834;-0.76439;-1.50712;1.37884;1.61262;1.12594;1.68816;0.977955;1.50469;1.49279;1.53894;1.99292;1.07735;1.2046;1.57234;1.30214;0.900431;-1.66873;-1.0265;0
0.247067;1.08574;1.10243;1.61064;1.29925;1.45246;1.1436;1.38594;-0.150855;1.36853;1.16047;1.5697;1.58272;1.09189;1.37354;1.56069;1.41203;1.61514;1.21378;1.31905;1.50996;1.47994;0.916518;1.52903;0.987402;-1.54452;-1.5265;-1.63813;-1.5335;-1.04533;-1.42275;1.31157;1.76619;1.25658;0.893945;1.01844;1.34219;1.50854;1.1323;1.18767;1.28805;1.4972;1.41631;1.48421;1.79109;1.20445;1.21031;-1.02177;-0.885807;0
0.247067;1.47554;2.00836;1.65918;1.06089;1.33286;1.4446;1.51118;1.48563;1.61819;-0.739939;1.06073;-1.32248;1.47573;1.383;1.46653;1.74165;1.23539;1.73139;1.32253;1.24195;1.68501;1.10926;0.69951;1.52585;-1.16658;-1.29971;-1.36533;1.54985;-0.671798;-1.16749;0.249348;-1.71893;-1.57381;-1.4228;-1.03696;1.10421;1.22841;0.970886;1.1785;1.17926;0.654974;1.03374;-1.34204;-1.06796;-1.07473;-1.51053;1.28858;1.31681;0
-0.667143;1.69026;1.39258;1.3481;1.32904;1.08104;1.53233;1.41703;1.38342;1.11872;0.893955;1.67864;1.35296;1.53581;1.36932;-0.233265;0.972979;1.53254;1.25697;1.30656;1.53504;1.3734;1.42592;-1.54006;-1.73232;-1.24987;-1.08638;-1.46765;-1.2575;-1.18675;-1.30036;-1.35162;-1.00221;-1.36447;1.49788;1.02119;1.23719;1.25363;1.47299;1.0943;1.26568;1.28488;1.66606;1.37676;1.30102;-1.4588;1.31507;1.35315;1.30133;0
-0.667143;-0.910986;0.645352;1.60844;1.4219;1.50877;1.58761;1.30171;1.58771;0.977071;1.38083;1.56976;1.27554;1.20058;1.78671;1.61118;1.39463;1.42702;-1.43645;1.43274;1.27333;1.14339;1.77286;0.755949;-1.3248;-1.45179;-1.46852;1.01312;-0.982288;-1.65867;-1.01842;-1.07715;-1.6583;-0.838389;-1.15065;-1.65218;-1.00804;0.964027;1.48932;1.123;1.22794;1.26163;1.12865;1.41716;-1.18058;1.3263;1.62435;1.31881;0.459759;0
-0.667143;-0.981175;1.13039;-1.42721;1.1536;1.49901;1.50928;0.920867;0.936349;1.00662;0.901597;1.33303;1.23676;1.46483;1.4462;1.46712;1.41441;1.67004;1.54078;1.846;1.59188;0.151662;-1.15041;-1.44259;-0.993735;-1.16962;1.09663;1.02543;-1.6822;-1.36149;-1.58682;-1.52518;-1.4747;-1.23172;-1.16225;-1.4325;-1.07364;1.42881;1.53506;1.22459;1.51047;1.12989;1.05962;1.79907;1.55613;0.801451;1.83586;1.34681;-1.43439;0
-0.667143;1.35852;0.927427;0.39615;1.09293;0.62703;1.57571;1.67716;1.4637;1.43568;1.45582;1.33591;1.52322;1.14891;1.28925;1.18841;1.69223;1.16637;-0.641201;1.35276;1.55165;0.696499;-1.45082;-1.19975;-1.09044;-1.59658;-1.10986;-1.11704;-1.71779;-1.71527;-1.96709;-1.7346;-1.43213;-1.42578;-1.05646;1.14663;1.54249;1.3724;1.67269;1.63487;1.3442;-0.448799;-1.31246;-0.982374;1.16412;1.26735;0.99733;1.55501;-1.28861;0
-0.667143;1.09858;0.689971;1.65049;-1.61259;1.12802;0.898078;1.08266;0.986222;1.46833;0.969823;1.16685;1.21984;1.46052;1.4714;0.220463;1.46248;-1.16187;-1.44746;-0.760056;-1.57564;-0.961933;-1.53264;-1.34091;-1.09472;-0.830537;-1.4636;1.65008;1.43073;1.37052;1.38337;-1.39744;-1.22781;-1.51886;-1.55681;-1.22278;0.970844;0.932292;1.06501;0.662984;-1.54053;-1.51535;-1.26087;1.33612;1.27693;1.60698;1.33549;-1.37311;-1.39038;0
-0.667143;0.184972;1.04856;1.38164;0.91663;1.20346;0.220925;1.49121;1.52888;1.43577;1.65306;1.0501;1.46867;-1.1236;-1.26842;-1.47784;-1.32814;-1.19642;-1.4216;-1.11561;-1.43104;-1.20268;-1.44002;-1.28351;1.42563;1.21552;1.62882;-0.961877;-1.0565;1.58852;1.43787;-1.53844;-1.19962;-1.26416;-0.934322;1.13489;1.41828;1.63501;-1.2759;-1.42231;-1.64097;-1.69072;-1.38057;1.11554;1.14886;1.70498;1.62802;-0.305304;-1.4448;0
-0.667143;-1.43749;-1.63825;1.44586;1.42385;-1.54729;0.0304705;1.07803;-0.950655;-1.22049;0.53417;1.68325;-1.77232;-1.49736;-1.27896;-1.66695;-1.01257;-1.39202;-1.09042;-1.20402;-1.59722;-1.42924;-1.61035;-1.26529;1.6149;1.2161;-0.820805;-1.51701;-0.941454;1.09991;1.31875;-1.38518;-1.46506;-1.54553;-1.68956;1.35111;0.827229;-0.89139;-1.67504;-1.33381;-0.578104;-0.741236;-0.181587;1.2077;1.71907;1.04413;1.17593;-1.06505;-1.08364;0
-0.667143;-1.33808;-1.3172;-1.70826;-1.32941;1.63911;1.73465;1.29644;1.03141;1.19825;1.47576;0.417854;-1.48968;-1.60373;-1.90861;-1.17276;-1.68607;-1.49802;-1.18414;-1.21978;-1.31759;-1.56854;-1.08013;-1.7099;-1.03141;1.74536;0.428159;0.967462;0.512257;1.83545;-1.66754;-1.43071;-1.44021;-1.56511;-1.17942;-1.28157;1.03562;-1.1961;-1.3758;1.45881;1.17744;1.12774;1.3333;1.6175;1.65222;1.00354;-1.15927;-1.2271;-1.34378;0
-0.667143;-1.4259;-1.75836;-1.50752;1.54842;1.00772;1.37678;1.60973;1.46356;0.89765;-0.96488;0.965299;1.82242;1.42481;-1.4889;-1.42932;-1.46397;-1.26445;-1.36423;-1.70247;-1.58208;-1.72715;1.32297;1.3941;-0.843243;-1.17309;1.42723;-1.34498;-1.49776;-1.32033;-1.01343;-1.45546;-1.49555;-1.32993;-1.55179;-1.39015;0.747513;1.43491;0.803914;1.32281;-1.46125;-0.998531;1.14241;1.58006;1.41656;-1.2795;-1.3876;-1.42825;-1.71305;0
-0.667143;-1.60512;-1.07757;-1.31317;-0.839542;1.5726;1.34572;1.5022;1.42004;1.1937;1.13722;1.1289;1.62589;1.08349;-1.45036;-0.924311;1.15031;1.00591;1.48876;-1.15631;-1.10631;-1.81669;-1.58933;-1.40168;-1.44038;-1.15677;-1.18921;-1.44336;-0.851092;-1.055;-1.35913;-1.59395;-1.16685;-1.01699;1.16369;0.355492;1.48317;-1.49583;-1.58894;-1.33127;-0.406966;0.568372;1.20982;1.40719;1.47405;1.03692;0.895132;1.57683;-1.57296;0
-0.517125;-1.0435;-1.45278;-1.74701;-1.57459;-1.58241;-1.08265;-1.19771;1.50309;1.15141;1.4365;1.36708;1.44759;1.54433;1.40351;1.04216;1.38342;1.42333;1.70853;1.33492;1.34298;1.08001;-1.05048;0.821902;1.20099;0.85898;0.670412;-1.08553;-1.53679;-1.60212;-1.01054;-1.50003;-1.45298;-1.43427;-1.90298;1.29752;-1.22398;1.47944;1.33892;1.54468;1.26561;0.866037;1.42776;-1.01991;0.00802075;-1.22457;-1.04732;-1.35646;-1.31689;0
-0.517125;1.00802;-1.46384;-1.58121;-1.74643;-0.17921;1.02572;1.74288;1.55297;0.893623;1.3803;1.05844;0.922934;1.42041;1.69608;1.36643;1.52147;1.22059;0.988357;1.69509;1.44497;1.4643;1.53189;1.41491;1.06542;1.44132;1.23504;1.25511;1.49638;1.51479;1.05285;-1.39362;-1.58676;-1.36156;1.11283;1.03637;1.25309;1.24327;1.5391;1.78613;0.984047;1.15791;-1.49855;-1.42078;-1.49729;-1.10259;-1.1986;-0.786574;-0.102682;0
-0.517125;-0.967411;-1.52743;-1.66485;-1.0875;-1.61499;-1.03282;-1.60701;-1.45348;-1.60299;-1.42306;1.40827;1.47284;-1.47572;-0.926995;-1.14789;1.58928;1.13279;1.26972;1.23725;0.773226;-1.30596;1.72639;1.09935;1.41127;1.13382;1.41305;1.32622;1.38499;-1.2069;-1.20496;-1.48178;-1.67433;-1.56613;-1.56858;-1.67397;-1.08001;1.17568;1.83633;1.5282;1.36712;-0.273531;1.22788;0.0933078;-1.81028;-0.609969;-0.653398;-1.00502;-1.50307;0
-0.517125;-1.20312;-1.27432;-1.46727;-1.45055;-1.08341;-0.830843;-1.42795;-1.35835;-1.53363;-1.01095;-1.06808;-1.09861;-1.53477;-1.48929;0.115122;0.974295;1.25665;0.74756;-1.28763;-1.50178;-1.3374;-0.808815;-0.835776;-1.03702;-1.09277;-1.30696;1.13982;1.73629;1.35045;1.33843;1.0085;-1.31257;-1.17287;0.0405718;-1.58158;-1.24088;-1.71772;-1.3931;-1.34631;-1.18625;-1.07355;0.768957;1.21407;0.27517;-1.22735;-1.77072;-1.62856;-1.25688;0
-0.517125;-1.27092;-1.32465;-1.50849;-1.48361;-1.49327;-1.79347;-1.57996;-1.3262;-1.14268;-1.35259;-1.56868;-1.44636;-1.87255;-1.65687;1.16208;1.22767;0.859337;-1.22038;-1.57048;-1.39125;-1.35327;-1.51744;-1.23575;-1.03119;1.11654;1.61406;1.33614;0.889176;1.19592;1.02508;-1.75734;1.48163;0.949695;1.46111;-1.2044;1.36686;1.30775;-1.19859;-1.23444;1.23458;1.19408;1.14873;1.37526;0.669113;-1.21397;-1.23572;-1.12538;-1.32964;0
-0.517125;0.818458;1.47911;1.53769;-1.70669;-1.51882;-1.17866;-1.16538;-1.63041;-0.601815;-1.74153;-1.25739;-1.09307;-1.30756;-1.05271;-0.863232;-0.963962;-1.17654;-1.7224;-1.5612;-1.59264;-1.7705;-1.4968;0.983863;1.36686;1.50114;1.16156;-1.4019;-1.04107;1.15999;1.06262;0.747108;1.36127;0.936337;1.40258;1.51675;1.2563;-1.61261;-1.36766;-1.4232;1.26817;1.32708;1.49045;1.13159;-1.71522;-1.45317;-1.17479;-1.67875;-1.40415;0
-0.517125;-1.37304;-1.17702;-1.27095;-1.31153;-0.825639;-1.01026;0.320169;-1.65945;-1.19111;-1.61654;-1.2386;0.95981;0.629159;-1.21247;-1.26141;-1.23151;-1.20698;-1.4443;-1.27345;-1.36211;-1.48487;-1.47821;-1.41567;-0.607926;0.824765;-0.293102;1.33478;1.34916;1.28691;0.772954;1.35135;1.5424;1.48271;0.921465;1.34852;1.58615;-1.17142;-1.54362;-1.22999;0.978573;1.08416;1.46089;-0.48433;-1.61254;-1.4365;-1.24218;-1.56716;-1.44308;0
-0.517125;1.13224;0.846768;1.09296;-0.691521;1.11076;1.81573;1.24151;-1.05756;-1.55628;-1.34676;-1.15351;-1.62022;-1.32298;-1.57409;-1.41451;-1.69588;-1.38846;-1.04564;-1.26459;-1.50054;1.2794;0.904283;1.275;1.28372;1.28215;0.302657;0.995266;0.784558;1.41102;1.30646;0.983659;0.939825;1.20538;-0.516789;1.65174;1.22054;0.969066;-0.94494;1.12464;1.49605;1.49315;0.92409;1.35686;1.33937;1.37628;1.27311;1.6311;-1.60056;0
-0.517125;-0.917819;-0.920768;1.12727;1.27339;1.3488;1.50889;-1.32238;-1.69958;-0.859432;-1.7874;-1.5805;-1.31326;-1.94469;-1.27428;-1.32719;0.76605;-1.17962;-1.38135;-1.55394;-1.37818;-0.407826;1.54106;1.16535;1.50828;1.2628;1.23295;0.89508;1.33401;0.704273;1.59119;0.884481;1.28712;1.19207;1.29587;1.35147;1.27876;1.38531;0.412806;1.61056;1.6307;1.4255;1.10018;1.49979;-1.05146;-1.09089;-1.6152;-1.52712;-1.55537;0
-0.517125;-1.56966;-1.59904;-1.35071;-1.5451;1.88934;-1.40437;-1.17515;-1.72155;-1.41798;-1.59778;-1.61614;-1.41717;-0.84835;-1.45301;-0.423245;-1.30604;-1.20094;-0.87516;-1.529;-1.70822;-0.934929;1.60631;1.46216;1.57331;1.88629;1.52108;1.39652;1.10272;1.37962;1.71354;1.69122;1.07841;1.72308;1.04869;1.67143;1.56185;1.17742;1.57102;1.83153;1.19257;1.573;-1.06184;-0.719421;-1.41197;-1.59039;-1.31204;-1.15666;-1.26377;0
0.900607;0.854444;1.15858;-1.20576;-1.74071;-1.44315;-0.742437;-1.17794;-1.22506;0.842535;1.27639;0.641962;1.35753;1.39237;1.30109;1.51824;1.4522;1.11227;1.51178;1.00721;1.28255;1.0068;-0.909712;1.35089;1.28122;1.20443;-0.711612;-1.55515;-1.30874;-1.22974;-1.52098;-1.57072;-1.47671;-1.42184;-1.18331;1.60087;0.140626;-1.26658;1.21883;-1.01227;1.04565;1.42017;1.31203;-1.11845;-1.3836;1.49412;1.47992;1.4229;1.26115;0
0.900607;0.472574;1.50176;0.988549;1.21617;-1.25196;-1.25017;-1.21305;-1.26866;-0.957987;-0.74823;1.76346;1.01892;1.17208;1.37807;1.06834;1.52459;-1.05439;1.30836;0.907128;0.638566;1.64541;1.30761;1.24621;-1.38055;-1.44803;-0.994787;-1.25353;-1.45086;-0.751056;-1.38373;-1.1828;-1.51081;-1.3115;-1.78459;-1.28255;-1.79207;-1.61525;-1.37388;-1.4649;-1.34813;-0.729335;0.733061;-1.15576;-1.61591;1.62703;1.40805;1.05268;1.51218;0
0.900607;1.11804;1.02679;-0.822514;-1.50691;-1.10276;-1.05827;-1.39498;-1.2588;-1.51492;-1.40896;1.02229;1.18135;1.54943;1.30386;1.57979;1.37898;1.12975;-1.74355;-1.50657;-1.54572;-1.22623;-1.26189;-1.58076;-0.64402;-1.52778;0.941905;1.42822;1.15247;1.11809;-1.21215;-1.41559;-1.33361;1.16815;-1.1774;-1.26445;-0.332305;-0.982395;-1.63187;-1.42553;-1.62366;-0.922963;1.18644;-1.39317;1.43261;1.07529;0.604014;0.717424;-1.21544;0
0.900607;1.10962;-1.45523;-1.12858;-1.26046;-1.31516;-1.20188;-1.07583;-1.54631;-1.07239;-1.05944;1.20194;1.56742;0.832346;1.95162;0.892844;-1.08912;1.54414;1.47202;1.12616;0.276269;-1.27404;-1.20985;-1.02523;1.00703;1.33647;1.40475;1.20165;1.47708;1.80578;1.4881;1.29585;0.405671;1.25419;-1.16969;-1.02999;-1.45015;-1.86767;-1.14471;-1.48877;0.775921;1.13647;0.320492;1.36333;-1.22951;-1.62047;-1.74205;-1.45395;-1.16398;0
0.900607;1.10063;1.02207;1.57024;1.33897;-1.16327;1.00435;-0.897538;-1.07897;-1.06802;-1.06558;-1.54561;-0.847339;0.383095;-1.23055;1.12094;1.34269;1.46233;1.33105;1.56575;1.62086;1.28796;0.786708;-0.718089;-1.03618;1.34058;1.05552;1.29263;-1.28844;-0.961658;-1.45326;-1.47361;-1.35656;-1.60042;-1.29477;-1.07841;-1.55624;-1.37795;-1.39593;-1.33973;-1.41741;-0.755607;-1.54972;-1.09413;-1.452;-1.49153;-1.26586;-1.50222;1.47671;0
0.900607;1.38527;1.29942;1.15101;1.61208;1.49404;1.3088;-1.37917;-1.7755;-1.40109;-1.7929;-1.4842;1.07517;1.24242;1.26439;1.16854;1.11445;1.49539;1.26333;1.23988;1.51732;0.427161;1.80202;-1.67601;-1.21778;-1.67864;-0.759864;1.43219;1.50803;1.70607;-0.807678;-1.49278;-1.55811;-1.04586;-1.53833;-1.50222;-1.3129;-1.0388;-1.45925;-1.06337;-1.54603;-1.13077;-1.21599;-1.39554;-1.13513;-1.0151;-1.29165;0.968734;1.48329;0
0.900607;1.07292;1.05201;1.24491;1.65788;1.44876;1.12502;-1.28054;-1.23231;-1.5043;-1.35693;-1.15405;1.11462;1.85193;1.27107;1.54775;1.54109;1.33597;1.21576;1.22773;1.33912;-1.22021;-1.28426;-1.55397;-1.25811;-1.47774;-1.38417;1.06514;1.2256;1.16531;-1.29686;1.05133;1.12827;1.16959;-1.68184;-1.6666;-1.36051;-1.32951;-0.875703;1.10034;-1.33858;-1.15228;-1.49361;0.858432;1.52806;-1.50977;-1.58228;1.44096;1.76586;0
0.900607;1.25698;0.240222;1.24202;1.11148;-1.4771;-1.62056;-1.55649;-1.52132;-1.51764;-1.26868;1.1826;1.41768;1.19453;-1.02856;1.51316;1.18873;1.63958;1.06052;1.27538;0.720807;-1.26962;-0.836071;-1.72444;0.961582;1.38285;1.59537;1.52578;1.91592;0.93571;1.27977;1.4741;1.53562;1.33677;1.23722;-1.44593;-1.43857;-1.4557;-1.25102;-1.37406;-1.44367;-1.46265;-0.861235;-0.609198;1.29946;0.0410817;-1.34473;1.57135;1.2559;0
0.900607;1.72428;1.63911;1.32799;-1.61644;-1.65171;-1.26265;-1.61746;-0.896478;-1.51329;-1.06271;1.27605;1.6755;1.29328;1.59363;1.50329;1.36926;1.10076;1.58108;1.3723;1.69368;1.22877;1.0345;1.25809;0.673498;1.10135;1.31817;0.760691;-1.32243;1.15467;1.72839;1.31928;1.00292;1.33784;1.34936;1.10488;-0.907394;-1.32195;1.43817;-1.3896;-1.21288;-1.78623;-1.34237;-1.32053;-1.23962;1.22631;1.78826;1.01128;1.33436;0
0.900607;-1.22421;-0.215504;-1.81416;-1.13167;-1.0319;-1.19787;-1.34614;1.23941;1.6009;0.335252;1.58996;-0.686408;-1.51948;-1.16197;-0.338396;1.27958;1.44401;1.68113;1.44779;1.25218;1.45433;1.07326;1.26674;1.68647;1.46496;1.22433;1.60014;1.36379;1.08179;1.02751;1.41719;1.79765;1.37291;-1.3438;-1.53851;-1.36888;-1.04038;-1.35973;-1.55013;0.971428;-1.19886;-1.81833;0.844389;1.48402;1.02283;1.18309;1.36771;0.2263;0
-0.454247;-0.80195;1.41664;1.46593;1.35275;1.17764;1.75668;1.10956;1.20195;1.47228;0.986244;0.762893;1.22497;1.06039;1.60882;1.69202;1.20394;0.963486;-0.619296;-1.05451;-1.09714;-1.49679;-1.44363;-1.22;1.7713;1.76352;1.34596;1.17081;-1.08188;-1.36239;-1.42903;-1.22827;-1.32848;-1.42193;1.21443;1.23194;1.40634;1.479;-1.42121;-1.43698;-1.49482;-1.53792;-1.0497;-1.70815;1.18132;1.24769;1.36847;1.67232;1.30364;0
-0.454247;1.26503;1.3763;1.41294;1.14301;1.19032;1.39102;1.7059;1.05364;1.32266;1.27602;0.912152;1.57979;1.76258;1.43471;1.22971;1.10523;1.1753;1.58743;1.12937;1.5263;1.23117;1.23503;1.32142;1.31182;1.24682;1.67735;1.23951;0.856372;-1.19562;-1.39388;-1.59505;1.35309;1.59401;1.39741;0.831826;1.51024;1.59156;-1.47727;-1.63696;0.74928;-1.05428;-0.791109;-1.33196;1.4475;1.64129;1.66698;1.34791;1.06158;0
-0.454247;1.27187;1.65528;1.28301;1.63506;1.24901;1.4424;0.968119;1.07194;1.37079;0.799847;1.60142;1.2926;1.68944;1.6753;1.42367;0.63571;1.23039;0.953364;1.504;1.69398;1.45777;1.47987;1.58375;1.19682;1.44563;1.52992;1.06016;-0.668681;-1.21703;1.77027;0.822086;-1.54439;-1.44404;1.33763;1.5306;1.40162;-1.19089;-0.877544;-1.30608;1.31342;1.27658;0.852852;1.4922;1.7651;1.28776;1.38699;1.27419;0.797518;0
-0.454247;1.06967;1.03151;1.33683;-1.01149;1.16339;1.29119;1.34156;1.50403;-1.44228;1.3116;1.51122;1.35994;0.909878;1.29135;1.76058;1.77473;0.77713;1.3682;1.65729;1.78344;1.28215;1.38857;1.50599;1.73284;1.02817;-1.3097;-1.71868;-1.71064;-1.27665;-1.18189;-1.62572;-1.07225;0.359929;1.15955;-0.932988;-1.22249;-1.27383;1.5622;1.57611;1.47137;1.3458;1.13502;1.16182;0.990932;1.39884;1.45135;0.984512;1.41548;0
-0.454247;1.18228;0.692804;1.44797;1.47298;1.58037;1.26357;1.6513;1.50664;1.69686;1.50715;1.23112;1.10984;1.07873;1.27257;1.4779;1.4082;1.22694;1.28294;1.58253;-1.16189;-1.42549;-0.866103;-1.70834;-1.68099;-1.16182;-1.06762;-1.53292;-1.63352;-1.68826;-1.34159;-1.34173;-1.26805;-1.70945;-1.21941;-0.4946;-0.306993;1.27413;1.67466;1.12755;0.993795;0.679805;1.17781;1.34456;1.29318;1.29132;1.1887;0.671123;0.218695;0
-0.454247;1.2163;1.38851;1.04193;1.1116;1.27764;1.16521;1.65778;1.43712;1.79114;0.69099;1.01091;1.4402;1.37625;-0.193968;-1.0843;-1.16792;0.841391;1.30872;-1.42303;-1.62739;-1.30662;-1.68955;-1.57811;-1.36383;-1.57976;-1.37232;-1.5039;-0.886376;-1.40613;-1.37253;-1.20849;-1.41912;-1.13851;-1.69078;-1.40724;-1.25771;1.32851;0.822082;1.24677;1.07161;0.961866;1.67684;1.21278;1.75113;-1.15095;-1.0768;-1.40923;1.24555;0
-0.454247;1.41269;-1.02489;-1.16343;1.13797;1.70538;1.51202;0.828106;1.00244;-0.535158;1.60706;1.10579;-1.50009;-1.05871;1.50668;1.87487;1.40044;1.2465;1.20723;-1.0158;-1.43825;-0.986635;-1.36722;-0.988562;-0.898959;-1.22892;-1.47758;-1.48282;-1.56623;-1.2436;-1.49427;-1.4246;-0.942549;-1.47423;-1.24992;-1.76323;-0.589214;1.37514;0.536794;1.55018;1.39957;1.03508;-0.821784;-1.25176;-1.29797;-1.13416;-0.913223;-0.545118;1.77598;0
-0.454247;1.52725;0.132591;-0.718155;1.71805;0.925934;1.28189;1.54311;0.310405;1.66965;1.56665;0.843224;-1.26772;-0.980037;-0.781079;1.07876;1.25003;1.44899;-1.17761;-1.42906;-1.52156;-1.37333;1.67351;1.03672;-0.89325;-0.896602;-1.34036;0.976258;1.16599;-0.547586;1.11198;0.0409568;-1.48731;1.43285;1.33851;0.681177;1.05006;-0.967972;-0.736721;1.33338;1.01332;1.34532;-1.2439;-1.60029;-1.51877;-1.46972;0.91338;1.56422;1.09551;0
-0.454247;-1.32086;1.41055;1.63691;1.53825;1.74564;1.37937;1.52551;1.17262;1.41162;1.38195;1.21754;-0.74301;-1.64029;-0.817785;-1.31532;1.41209;-1.11507;-1.25196;-1.19694;-1.62301;-1.49367;-1.29135;-1.14123;-1.17074;-1.15228;-1.01656;-0.464367;1.5541;1.26969;-0.520401;-1.3641;-1.11334;1.33866;1.23162;1.16218;1.02683;1.3455;1.60346;1.43028;1.0091;1.53733;1.38839;0.745908;1.34123;1.40999;1.26607;1.28611;-1.11482;0
-0.454247;-1.10367;-1.26743;1.13982;1.13817;1.32808;1.5535;0.816924;0.96298;-0.559588;-1.45488;-1.46456;-1.78401;-1.11888;-1.45664;-1.32553;-0.725783;-1.24441;-1.42723;-1.64073;-1.37464;-1.31071;-1.27745;-1.46402;-1.62182;-1.42135;-1.46616;1.45206;1.50695;0.528467;-0.759303;1.28509;1.24278;0.950874;1.4702;1.50664;1.60757;-1.30532;-1.2153;0.464056;-1.06564;1.08411;1.30945;1.52792;1.16841;1.00046;0.514956;1.58973;1.22574;0
0.845016;1.38363;1.33494;1.24707;1.06267;1.30544;1.68453;0.675047;0.914993;-1.27409;-1.45287;1.38522;1.21392;1.60143;-0.871069;-1.46944;-1.33428;-1.32929;-1.84039;-1.49665;-1.07815;-1.3365;-1.29003;-1.60699;-0.130899;-1.50989;-1.37213;0.831296;1.80559;1.60366;1.38454;1.45342;1.1623;1.32624;-1.3929;-1.62171;-1.63327;-1.08884;-1.38045;-1.47463;-1.40629;-1.49168;-1.2817;-1.62539;1.04841;-1.82798;-1.80477;-1.32413;-1.11852;0
0.845016;1.22674;1.31351;1.1665;-1.67996;-1.39884;1.51129;1.13063;-1.18088;-1.28225;-1.16782;-1.68393;0.0737951;1.56344;1.31913;1.05274;-0.976485;-1.39656;-1.40191;0.672887;-1.46474;-0.966955;-1.32207;-1.36691;-0.932545;-1.61703;-0.885606;-0.949086;-1.03356;-1.69069;-1.04209;-1.05521;-0.761251;1.43419;1.66637;-1.06634;0.830672;1.00778;-1.19328;-1.40528;-1.3711;-1.19616;-1.55564;-1.70906;-1.12233;1.27725;1.47027;1.28217;1.25693;0
0.845016;-0.475862;-0.860394;-1.2805;-1.04175;1.10874;1.36653;1.18906;0.778858;-1.42658;-1.15849;-1.74495;1.33866;-0.88793;0.826336;1.26709;-0.92761;-1.39601;-1.21317;-1.3313;-1.18194;-1.10333;-1.34254;-1.34431;-1.38349;-0.703532;-1.50719;-1.27225;-1.37106;-1.561;-1.25943;-1.41807;-1.50146;-1.09704;-1.14034;-1.583;-1.26843;-1.59592;-1.42555;-1.338;-1.96127;-1.21109;-0.515439;-1.39834;-1.69404;0.845533;1.59765;1.08323;1.6973;0
0.845016;-1.5689;-1.22029;1.64379;1.17968;1.33215;0.9476;1.02473;1.3962;1.64097;1.688;1.52518;1.32547;-1.50921;-0.900146;-1.64089;1.31317;-1.25586;1.23005;-0.907081;-1.24402;-1.64984;-1.35877;-1.15483;-1.42496;-1.32569;-1.32273;-1.2347;-1.42932;-1.53255;-1.68556;-0.686081;-1.27482;-1.60253;-1.26795;-1.42631;-1.10363;-1.46464;-0.915933;-1.31755;-1.39395;-1.21479;-1.31139;-1.4909;-1.4357;1.59596;0.969346;1.52946;1.62863;0
0.845016;1.4433;1.54041;1.30431;1.64643;1.44616;1.34521;0.751813;1.09998;0.463701;1.51463;1.48432;1.11688;1.3396;1.2947;1.36637;0.927263;1.62548;1.26175;1.28498;0.631443;1.71487;-1.20779;-1.395;-1.30583;-1.21663;-1.59681;-1.30739;-1.7321;-1.22856;-1.62944;-1.28019;-1.31779;-1.82911;-1.02779;-1.0338;-1.35973;-1.61381;-1.41615;-1.57228;-1.45587;-1.19328;-1.42448;-1.24251;-0.979034;-1.33291;-0.42127;1.55286;-1.16461;0
0.845016;0.802343;0.346496;1.42466;1.18851;0.886798;1.20262;1.26402;1.02938;1.57895;1.23133;-1.49771;1.51228;1.24078;1.00957;1.33063;1.45532;1.26739;1.27403;1.13761;1.01819;1.42748;-1.02076;1.04889;1.50871;1.4302;1.69129;0.401221;-1.44727;-1.45032;-1.53607;-1.25421;-1.44584;-1.04473;-1.35184;-1.23262;-1.70112;0.84394;1.30215;1.17298;1.47008;-1.44461;-1.47279;-1.57825;-1.54073;1.28341;1.24499;1.57524;1.22192;0
0.845016;1.37083;1.6545;1.25049;1.6546;1.31996;1.05622;1.26356;1.30288;1.47771;1.2803;1.53277;1.54497;1.32696;-0.0410422;1.06801;0.227408;1.38972;1.33185;-1.842;-1.55801;-0.973253;1.4558;1.24073;1.52332;0.331183;0.646744;-1.12231;-1.49352;-1.17822;-1.48867;-1.65526;-1.94304;-1.03043;-1.70825;1.06258;-1.40429;0.732739;1.15428;1.60174;-1.32215;-1.32119;-1.3964;-1.24832;-1.45799;1.71019;1.23339;-1.26244;0.835132;0
0.845016;1.5394;-1.0746;1.26866;-1.52405;-0.988739;0.660623;1.14589;1.08322;1.45405;1.22295;-0.45922;-0.899261;-1.21946;-1.80392;-1.67412;-1.21368;0.138426;-1.40124;-1.46976;-1.00641;1.66726;1.29467;-1.42982;-1.27213;-1.68757;-1.22042;-1.50441;-1.41907;-1.3229;-1.61056;-1.59352;-1.05123;-1.33166;-1.57881;-1.47593;-1.22354;-1.43403;-1.55758;-1.56058;-1.56144;-1.45938;-1.35339;-1.43396;-1.28676;-1.41936;-1.55716;-1.22614;1.22328;0
0.845016;1.28312;1.60226;1.20828;1.13679;1.21058;1.24451;0.142123;0.637396;0.90339;-1.47734;-1.24352;-1.58219;-1.53903;-1.2746;-1.31706;-1.21648;-1.63374;-1.37074;-1.39872;-1.24598;-1.45456;-1.15527;-1.36462;-1.12896;-1.45688;-1.62297;-1.28337;-1.19197;-0.387313;-0.599365;-1.39867;-1.69464;-1.41973;-1.33288;-1.57491;-1.40913;-1.36172;-1.63458;-1.37407;-1.32939;-1.46446;-1.3769;-1.6782;-1.53606;-1.45116;-1.21387;1.09689;0.896587;0
0.845016;1.33993;1.26613;1.66246;1.44305;1.56706;1.68261;1.30742;0.892096;1.53995;0.878443;-0.813188;-0.702863;-1.30959;-1.25766;-1.05676;-1.76896;-1.28093;-1.81651;-1.40261;-0.910145;-1.3122;-1.17795;-1.28206;-1.33602;-1.87301;1.03273;-1.26918;-1.51376;1.36947;-1.60425;-1.35095;-1.00362;-1.53566;-1.71896;-1.48654;-1.5016;0.817809;-0.974111;-0.77645;-1.44031;-1.20272;-0.979122;-1.46613;-1.33426;-1.1525;-1.56564;-1.2581;-1.61903;0
-0.857483;1.60401;0.986487;0.799308;1.58579;0.998587;1.70367;1.18147;-0.877956;1.02109;-1.53376;-0.91442;-1.20305;-1.54476;-1.05908;-1.29521;-1.62333;-1.73398;-1.26931;-1.5858;-1.90607;-1.1756;1.52588;1.01686;1.44196;1.38469;1.19298;1.60717;1.55859;1.36029;1.54708;1.67571;1.56552;1.01247;-1.50401;-1.56984;-1.40868;1.40538;1.49954;1.57854;1.24888;1.45108;1.49362;-1.82863;-1.45033;-1.67753;-1.2714;-1.50861;-1.32034;0
-0.857483;-1.16232;-1.24298;1.32943;1.74808;1.14843;1.30436;1.34783;1.69792;1.18584;-1.47331;-1.26435;-1.1886;-1.44331;-1.11752;-0.514884;1.68668;1.12755;0.842503;1.53941;1.13478;-0.411448;1.34786;1.13904;1.69002;1.22393;-0.609946;-0.14545;1.52274;0.95005;1.78168;1.58622;1.47996;1.326;1.22744;0.258284;1.84572;1.72514;1.46122;1.4624;1.2306;-1.05192;0.796274;-1.37282;-1.46588;-1.01178;-1.47635;-0.953508;-0.922348;0
-0.857483;-1.34233;-1.46796;-0.691465;1.39789;1.11028;1.69752;1.66401;1.67594;1.4101;1.1969;1.26221;-1.20161;1.187;-1.1543;-1.31766;-1.90812;1.63717;1.36031;1.16836;1.37725;1.12448;1.64249;1.44297;1.52943;0.842318;1.07087;1.26615;1.57355;1.35208;0.899524;-1.0041;1.17445;1.20193;-1.16595;-1.11025;0.742124;1.34199;1.18507;-0.888774;-0.926983;-1.51747;-1.25848;-1.68831;-1.36986;-1.39089;-1.57541;-1.74481;-1.3933;0
-0.857483;-1.03693;-1.6252;-1.55857;-0.642091;1.36973;1.68812;1.76472;1.31756;1.39843;0.975079;1.64726;-1.23924;-1.32644;-1.02635;0.611462;1.82289;0.98126;1.07552;1.54886;1.49851;-1.3919;-0.372757;1.20833;1.42691;1.40922;0.893608;1.57021;1.6317;1.32819;1.47877;0.532284;1.05042;0.958812;0.489179;-1.53817;-1.33821;-1.24288;-1.29182;-1.3254;-1.07515;0.907823;-1.46325;-1.65777;-0.799335;-1.2555;-1.21312;-1.65118;-0.821399;0
-0.857483;1.05366;-1.33502;-1.03684;-0.910736;1.25234;1.57661;1.59971;1.45039;1.19815;1.55901;1.53549;1.83706;1.18267;0.65323;1.84444;1.64372;0.915716;1.38527;1.64181;0.923665;-1.47057;-1.58255;-1.64867;-1.46562;-1.70049;1.13216;1.20131;1.38643;1.19615;1.49913;1.38136;1.61725;1.61525;1.54779;-1.13321;-1.14953;-1.57158;1.52671;1.30218;-1.61575;-1.64012;-0.61852;-1.33615;-1.11183;-1.34296;-1.9181;-1.51912;-1.52551;0
-0.857483;-1.25636;-1.55374;-1.32713;-1.48518;-1.06301;-1.39816;1.13907;1.34471;1.56142;0.49602;-1.04686;-1.17111;-1.14458;-1.2984;-1.6181;1.3399;1.63246;1.70944;1.35713;1.33356;1.02846;1.64726;1.68254;0.903969;1.50691;1.47344;1.50613;0.794203;1.16853;1.59099;1.0805;1.52812;1.15315;-1.00575;-0.554042;-0.927626;1.32343;1.19083;1.59413;1.42197;1.56517;-1.01451;-1.0792;-1.20128;-1.2626;1.31319;-1.19244;-1.24576;0
-0.857483;1.04352;1.5308;1.54656;1.23652;1.52176;-1.19676;-1.18766;1.29795;1.82575;1.35388;-1.6029;-1.38053;-1.66618;1.14187;1.42693;0.805921;0.415421;-1.44558;-1.39156;-1.48296;-1.24175;1.11828;1.47378;1.27786;0.531975;1.30805;1.42373;0.749373;1.28816;1.54297;1.59129;-1.07199;-1.5421;-1.36752;-1.74219;-1.54316;-1.28514;-1.24071;-1.50559;-0.932068;-0.487613;1.15399;1.39205;-1.15295;-1.17135;-1.01874;-1.24641;-1.63723;0
-0.857483;0.891367;0.306761;1.35897;1.14286;1.66491;1.82658;0.992104;1.49602;0.975891;0.883708;0.898903;1.06967;1.15513;1.2792;1.76045;-1.39031;-1.32127;-1.42921;-1.60106;-0.943011;-0.851207;0.728913;-0.818114;-0.0651871;1.2353;1.38065;1.64427;1.65306;1.40212;0.860215;1.46431;1.45723;-1.66977;-1.51771;1.1136;-0.941009;-0.852076;-1.2733;-1.27823;0.902515;1.24769;1.09675;1.02061;-1.37843;-0.907137;-1.31327;-1.41353;0.442872;0
-0.857483;-0.697545;-0.935412;1.46953;1.3556;1.2765;1.14391;1.57033;1.24952;1.08633;1.13531;1.18807;1.46536;1.42183;1.67369;-1.42574;-1.79285;-0.953571;1.67232;1.66073;0.985239;0.538091;-1.46906;0.501534;-1.13398;-0.656896;-1.71269;-1.17058;1.11113;1.27893;1.47536;1.43566;1.03682;0.950971;1.40205;0.977083;-1.55099;-0.250557;1.48303;1.28708;1.66491;1.27231;0.721649;-1.62334;-1.12757;-1.21966;-1.47004;-1.05171;-1.44087;0
-0.857483;-1.38429;-1.4412;-1.24797;1.17716;1.648;1.26966;-0.176152;-0.69651;-1.34092;-0.823575;1.60795;1.655;1.55113;-1.02833;-1.15463;1.27167;0.947605;1.33226;1.37101;-1.42681;-1.29289;1.2639;1.60872;1.53194;1.62569;1.79843;1.01321;-1.30377;-1.49514;1.14229;1.10643;1.36933;1.02298;2.00312;1.4616;1.21831;1.44178;1.24938;1.88932;1.28518;1.4286;-0.921028;-1.53628;-1.51164;-1.21633;-1.07932;-1.38331;-0.778438;0
-0.247516;-1.43894;-1.26971;-1.03775;-1.68094;-1.41821;-1.09947;-1.56869;-1.58198;-1.25543;-1.28992;-0.928583;-1.1596;-1.68017;-1.60011;-1.6112;1.47245;1.15429;1.22674;1.00387;0.726733;1.04626;1.30943;-1.15812;-1.55312;-1.32182;-1.22214;-1.65495;-1.57376;-1.4638;-1.17744;0.693096;-1.31762;-1.46754;-0.451041;0.984598;1.50506;-0.907175;-0.935185;-1.68007;-1.46703;-1.50853;-1.23795;-1.49613;-1.58395;-1.37021;-1.4751;-0.71931;-1.33556;0
-0.247516;-0.758493;-1.216;-1.47831;-1.13457;-0.915993;-1.42453;1.04983;-1.21043;-1.38696;-1.38426;-1.54869;-1.64133;-1.31258;-1.05587;-1.31281;-1.55375;0.170669;1.19515;0.576727;1.87339;1.01594;-1.17315;-0.900225;-1.15409;-1.62647;-1.54744;-1.57672;-1.24823;-1.62933;-1.28596;-0.869896;1.43515;1.14322;1.42546;1.16695;1.41124;1.30546;1.23179;1.19563;1.45849;1.24813;-1.28667;-1.35027;-1.62561;-1.54666;-1.04646;1.48261;0.585023;0
-0.247516;1.36638;-1.40921;-1.13432;-1.37734;0.22151;1.45726;1.51316;-1.25739;-1.483;-1.22543;-1.48408;-1.44237;-1.46777;-1.31785;-0.909352;-1.53264;-1.55685;0.94534;1.08994;-1.35694;-1.30643;-1.52793;-1.29783;-1.28155;-1.15809;-1.52252;-1.07834;-1.54584;-1.43275;-1.67232;-1.11114;0.449033;0.771799;-0.27531;0.576503;0.891282;1.02663;-1.05397;-1.38262;-1.51812;1.19877;1.53583;0.780612;-0.451424;-1.15899;-1.3892;-1.64069;-1.19519;0
-0.247516;-1.06812;-0.486821;-1.33673;-1.31008;-1.11753;-1.23419;-1.62804;-1.54694;-1.48197;-0.96605;1.47194;-1.2072;-1.36489;-1.84628;-1.31836;-1.32811;-1.60966;-1.69554;-0.985953;-1.3889;-1.48135;-1.25183;-0.929482;-1.23132;-0.961497;-1.20817;-1.50196;-1.54703;-1.57019;-1.54936;0.440113;0.630361;1.60446;1.32895;1.45808;0.99597;1.63215;-1.14781;-1.37492;-1.67198;0.730551;1.46578;1.80529;1.18347;0.554562;1.2701;0.745357;-0.738333;0
-0.247516;-0.832722;-1.1462;-0.220633;-1.46882;-1.17401;-1.47517;-1.49914;-1.26077;-0.935408;-1.37476;-1.45904;-1.5072;-1.23106;-1.4344;-0.468341;-0.410558;-1.5726;-1.09082;-1.18471;-1.68787;-1.45595;-1.50675;-1.99096;-1.71833;-1.60429;-1.14949;-1.81655;-1.44105;1.33225;-1.50836;-1.27852;1.2;1.31688;1.51473;1.52888;1.49767;1.70672;1.67014;0.742106;-0.674034;-1.46767;-1.01034;1.50952;1.36218;-1.57619;-1.47151;-1.62452;-1.85049;0
-0.247516;-1.66897;-1.74648;-1.14682;1.14951;-1.18579;-1.56951;-1.21844;-1.77053;-1.67641;-1.31535;-1.34723;-1.50577;-1.38695;-1.77019;-1.28047;-1.21886;-1.01221;-1.42756;-1.25068;-1.06126;-1.19584;-1.63566;-1.39953;-1.32142;1.3653;-1.43017;-1.07545;-1.01068;-0.795702;0.88816;1.37157;1.44628;1.40327;1.52363;1.86518;1.37573;1.44364;1.39909;1.22662;-1.00417;-0.206521;1.34051;1.66748;1.28449;-1.43737;-1.3091;-1.38048;-1.55163;0
-0.247516;1.27091;-0.938217;-1.12785;-1.29577;-1.16186;-0.734676;-1.02491;-1.84666;-1.43868;-1.82042;-1.40727;-1.52045;-1.08703;-1.12944;-0.647835;-1.41485;-1.55597;-1.30184;-1.22874;-1.6764;-1.41529;-1.69948;-1.35548;-1.61459;-1.61199;-1.2671;-1.29997;-0.99901;0.974617;0.31698;1.24418;-1.11946;0.684802;1.35821;1.20948;1.64247;1.21433;1.04714;-0.0861472;1.52368;1.56152;1.13364;0.622181;-1.39255;-1.44862;1.96691;1.69824;1.32235;0
-0.247516;-1.369;-1.4412;-1.28852;-1.69399;-1.79627;-1.51476;-0.448823;-1.45033;-1.29403;-1.27309;-1.10954;-1.27717;-0.832935;-1.65853;-1.87751;-1.3011;-1.76387;-0.797055;-1.34138;-1.08092;-1.62118;-0.68101;-1.43537;-1.45744;-1.63505;-1.29552;-1.34624;-1.41506;-0.803004;-1.69905;-1.36468;-1.61945;-1.4162;1.41392;1.65415;1.40068;1.49206;1.11927;-1.17652;0.156777;1.22904;1.49193;1.41599;0.957552;1.36527;1.41592;0.915261;1.38107;0
-0.247516;-1.44528;1.24743;-1.2141;-1.17809;-1.48007;-1.11742;-1.5963;-1.59365;-1.41253;-1.32433;1.19449;-1.23795;-1.13848;-0.970359;-1.56218;-1.7083;-1.06384;-1.46733;-1.0998;-1.64908;-0.868637;-1.41312;-1.05807;-1.10259;-1.71214;-1.62447;-1.24417;-1.34318;-1.55804;-1.71158;-0.834719;-1.19975;0.891487;1.6971;1.45395;0.834744;1.55172;1.28786;1.065;1.38815;0.88808;1.36748;1.47217;1.5682;1.22555;1.37795;1.27233;-1.65341;0
-0.247516;-0.91745;-1.63431;-1.61967;-1.25476;-1.32713;-1.53301;-1.21447;-0.94232;0.99608;1.25113;1.43247;1.45035;-0.749413;-1.7329;-1.21345;-1.3064;-1.18553;-1.39323;-1.09592;-1.15273;-1.502;-1.13598;-1.34845;-1.1281;-1.27012;-0.901595;-1.50973;-1.17789;-1.65819;-1.62319;-1.30072;-1.21397;1.64686;-1.33152;-1.13608;-0.529952;-1.39921;1.18235;1.04123;1.37687;1.39464;0.910579;1.1262;1.53753;1.51193;1.53405;1.68964;1.56003;0
