0.93306;-1.46215;1.86749;2.11924;-1.67281;-2.08118;-2.07752;-2.11794;-1.91432;1.7186;-1.98096;-2.02702;-1.70922;1.7108;1.99172;1.8448;-1.86876;-1.62865;1.89753;-1.83408;-1.43899;1.91586;1.71107;-2.17037;-2.27609;2.06258;1.90509;-2.15644;-1.73546;1.69855;-1.54377;1.79237;1.53434;-1.7804;-1.96027;1.84975;1.90705;-1.90413;-1.90245;1.80807;1.82472;-1.89466;1.83224;2.02982;1.73725;1.91123;-1.51414;-2.14254;-1.93737;0
0.93306;-1.84712;2.03113;1.91607;-1.50134;-2.08665;-2.10552;-1.94819;-1.95585;2.05983;-2.1161;-1.94203;-1.81863;2.10988;1.99586;1.94549;-1.95245;-1.92848;2.11695;-1.423;-1.9802;2.08392;2.07109;-1.90283;-2.23779;2.0759;1.90509;-2.135;-2.07449;1.97362;-1.55249;1.93102;1.89183;-2.03511;-1.74724;1.99595;1.67219;-1.56724;-2.07259;1.42974;1.98772;-1.83814;1.78269;1.73638;2.10837;1.5659;-1.85961;-1.87008;-1.90242;0
0.93306;-1.84612;1.72876;1.61289;-2.20373;-1.96726;-2.24876;-1.95043;-2.13257;2.09695;-2.0021;-2.01844;-2.24829;1.82102;1.94013;2.17369;-1.75444;-1.38152;1.76253;-2.07553;-1.7758;2.08385;1.7838;-1.98329;-2.07185;1.69163;1.70367;-1.8202;-1.86049;1.77071;-1.68233;2.07741;1.83361;-1.90879;-2.12018;1.7501;1.97709;-1.63543;-1.55164;1.64786;1.86266;-2.05436;1.81343;1.91016;2.08451;1.82675;-2.17614;-1.88068;-1.85973;0
0.93306;-1.97711;2.00273;2.02624;-1.78682;-1.76412;-1.86123;-1.88137;-2.1966;1.93103;-2.1273;-1.80118;-1.54924;1.70028;2.07319;1.81695;-1.2943;-1.68209;2.085;-2.05265;-1.97675;1.95605;1.91459;-1.61175;-1.89663;1.8194;1.71109;-2.12081;-2.07574;1.88927;-1.46037;1.57066;1.77565;-2.11166;-2.15867;1.84109;2.11776;-1.74383;-1.92496;1.86008;2.01471;-1.23697;1.94883;2.31215;2.3002;1.87948;-1.90614;-2.07833;-2.35324;0
0.93306;-1.9658;2.02306;1.8717;-1.95626;-1.67058;-1.91589;-1.85161;-2.11006;2.0153;-1.69232;-1.92831;-2.2956;1.87926;1.82292;2.1774;-1.97913;-1.47512;1.53689;-2.06492;-1.88142;2.11775;1.87381;-2.12387;-1.98163;2.25638;1.98968;-1.964;-1.91063;1.95787;-1.83084;1.64104;1.69059;-1.89508;-2.04993;1.87183;1.62332;-1.94678;-1.61302;1.96134;1.73253;-1.62175;1.55328;1.7599;1.74459;1.95026;-1.87367;-2.0091;-2.06469;0
0.93306;-2.05501;1.7867;1.92003;-2.17041;-1.76928;-1.59089;-1.79765;-1.95526;1.74643;-1.56049;-2.10893;-1.89408;1.97417;1.50451;1.72837;-1.82478;-1.91911;1.50445;-2.13145;-2.10716;2.03346;1.93179;-2.04073;-2.1302;2.21724;2.08132;-1.5867;-1.92909;1.86624;-1.8523;2.06151;1.97247;-1.89649;-1.77529;1.69061;1.69885;-2.14258;-1.37248;1.90589;2.09566;-2.1125;2.17244;1.95291;2.08579;1.80397;-2.14387;-1.94726;-1.96957;0
0.93306;-1.56727;1.98146;1.53215;-1.58421;-2.04713;-1.78352;-1.88857;-1.90923;1.9511;-1.99082;-1.65273;-1.99338;2.16221;1.84296;1.97855;-2.08877;-1.89967;1.68693;-2.0397;-1.9196;1.965;1.46919;-2.08824;-1.91116;2.00996;1.76164;-1.86803;-1.87593;2.21102;-2.04656;1.49944;2.1261;-1.81081;-1.85189;2.04903;1.72565;-1.88588;-2.19478;1.73963;1.77688;-2.02999;1.66663;2.04626;1.80097;2.22299;-1.90364;-2.16867;-2.10047;0
0.93306;-1.9124;2.07098;1.60571;-2.10223;-1.9744;-2.05819;-1.89737;-1.66827;1.90702;-2.02764;-1.99919;-1.65542;1.93172;1.97549;2.02145;-2.11289;-1.70659;1.83049;-2.18163;-1.98855;2.19439;1.69673;-1.86352;-1.79731;1.94563;1.73316;-1.72802;-2.03527;1.82779;-2.19822;2.02846;1.90064;-2.02494;-2.05082;2.09376;1.81902;-1.97347;-1.66374;1.90306;1.99271;-1.82878;1.782;1.90623;2.15753;1.9705;-2.40422;-1.99289;-1.82271;0
0.93306;-1.57627;1.7847;1.88943;-2.08816;-1.88498;-1.79971;-2.12777;-2.11911;1.56006;-1.65481;-2.03804;-1.76833;1.81734;1.94762;2.02156;-1.7372;-1.81166;1.76333;-2.1143;-1.95704;2.09458;1.84519;-1.80646;-1.76652;1.83868;1.87884;-1.97128;-2.31049;2.05835;1.9294;1.95786;2.1509;-1.61531;-1.89898;2.01619;1.84204;-1.6549;-1.73134;1.81673;1.80191;-1.80744;1.25769;1.80198;1.84695;2.25436;-1.60628;-2.30378;-2.16606;0
0.93306;-1.60192;1.32349;1.95156;-1.86318;-1.79752;-2.07199;-1.94857;-1.56605;1.63074;-1.83491;-2.1461;-2.11028;2.16847;1.90774;1.78357;-1.47725;-1.84572;1.73843;-2.25486;-1.94086;2.13526;1.93578;-2.04537;-1.6547;2.03972;1.70949;-1.73283;-1.79171;2.10183;2.07147;1.90843;1.85073;-1.58966;-2.1701;2.173;2.15215;-2.21239;-2.17005;1.80682;2.06658;-1.56026;1.99127;1.76719;2.09259;1.75773;-1.71092;-2.00232;-1.96896;0
0.914074;-1.76589;-1.96113;1.77119;1.50791;2.16848;2.2609;1.88879;1.81005;-2.08875;-1.85412;1.9612;1.72165;2.39324;1.84921;-1.88819;2.03732;1.91337;-1.93721;-2.07854;1.93944;1.93731;1.68207;1.7417;1.59549;2.04655;2.12685;-1.89122;2.3704;2.00794;1.95396;1.97255;2.16352;2.09218;-1.69791;-1.57537;-1.94967;-1.91329;-1.73051;1.42238;-1.93075;-1.81581;-1.92961;-2.04458;1.5698;-1.88907;-1.95071;1.83978;-2.0205;0
0.914074;-1.86234;-1.51535;1.93994;1.9377;2.04564;1.99404;2.07581;1.71658;-2.38082;-1.89802;1.99934;1.83169;1.97292;1.6454;-1.4306;1.77609;1.71007;-1.98322;-1.7992;2.04842;1.91508;1.90634;1.95436;1.40948;2.00308;1.7951;-1.72095;2.25903;2.16329;2.00769;2.00493;2.009;2.1627;-2.12501;-2.16407;-1.98488;-1.96127;-1.91988;1.49975;-1.81185;-2.14154;-2.11422;-1.97801;1.88681;-1.95688;-2.17943;1.78339;-1.90356;0
0.914074;-1.68957;-2.00443;1.90523;1.91394;2.02077;1.77767;2.00031;1.89985;-1.82002;-1.90356;1.77235;2.20602;1.86842;1.66563;-1.51096;1.93437;1.97441;-2.08805;-1.64529;1.97055;2.01802;1.7672;1.92757;1.82682;1.59291;2.23075;-1.70141;2.00328;2.19851;1.92122;1.92813;2.06961;1.54438;-1.95672;-2.04234;-2.00649;-2.06736;-2.17781;1.62855;-1.95818;-1.99156;-2.04276;-1.95934;1.83829;-1.83829;-2.20923;2.02912;-1.66255;0
0.914074;-1.39634;-1.90205;2.24608;2.24217;2.23372;1.80838;1.9342;1.812;-1.84186;-2.04388;1.71931;1.9077;1.87829;2.03615;-1.82212;2.10736;1.68315;-1.92826;-1.7188;1.66525;1.66173;2.09203;1.9625;1.99382;1.77511;2.0401;-1.7349;2.15591;1.92792;2.10109;2.04843;1.98167;2.0085;-1.87123;-2.0935;-2.172;-2.10123;-1.99139;-2.31975;-1.975;-2.14175;-1.90747;-2.01773;1.80591;-2.01969;-1.79958;1.76794;-1.93984;0
0.914074;-2.07975;-1.86334;1.92073;2.35933;1.96394;2.50314;1.55896;1.75319;-1.96311;-2.12833;1.56513;1.98846;2.0451;2.2037;-1.54491;1.86477;1.78379;-1.62637;-1.84867;1.57109;2.00694;1.72877;1.73656;1.92312;1.96106;2.12773;-1.9683;2.1318;1.81689;1.89972;1.77881;2.00329;1.77861;-1.66547;-2.18107;-2.06837;-2.06902;-1.91566;-1.75649;-2.01632;-1.99496;-1.67645;-1.78648;1.77347;-1.806;-1.88407;1.88233;-1.74826;0
0.914074;-2.1706;-2.24089;1.82678;2.04636;2.01688;1.9202;2.02538;1.94764;-1.96243;-1.87218;2.10062;2.16451;1.92409;2.17004;-1.50549;1.9823;1.98401;-2.02931;-2.11715;2.0043;2.01512;1.80006;1.76916;2.03545;2.09736;1.67218;-1.44575;1.78365;1.76714;1.54263;2.15878;1.97403;1.52442;-1.6882;-2.13145;-2.06669;-2.22229;-2.10632;-1.93628;-1.91326;-2.0182;-1.55525;-1.90359;1.62762;-1.97878;-1.56596;1.99263;-1.85537;0
0.914074;-2.19986;-2.10166;2.11984;1.7981;2.05437;2.08091;2.09856;1.99675;-1.77199;-1.95066;2.11445;1.98799;2.17235;1.83629;-1.88943;2.05962;1.99205;-1.91838;-1.89666;1.64417;2.19858;2.05287;2.06841;1.93205;1.85145;1.88959;-1.99858;1.85431;2.27323;2.10599;2.24183;1.74061;2.14334;-1.67587;-1.96344;-2.11477;-1.95803;-2.06024;-1.96121;-2.04196;-2.14235;-2.16719;-2.06282;1.95625;-2.18809;-2.05759;1.88826;-1.67491;0
0.914074;-1.95081;-2.1852;2.24343;1.6476;2.23491;2.31364;1.99356;1.66566;-1.96752;-1.9792;1.98965;1.96349;1.89523;1.81642;-1.63728;1.66553;1.68607;-2.06597;-2.00984;1.85694;1.80404;1.81766;1.9938;2.00612;1.88931;2.17479;-1.84412;2.00551;1.65135;2.17878;2.02873;2.28762;1.85206;-2.16184;-1.94081;-2.02956;-2.09907;-1.74856;-1.87878;-1.93272;-2.09102;-1.82143;-1.92865;1.31676;-1.83353;-2.09147;1.29157;-1.85652;0
0.914074;-2.23747;-1.47241;1.60398;1.9653;1.87115;2.34551;2.1814;1.81203;-2.09644;-1.81557;1.98071;1.96787;1.92525;2.01979;-1.86743;1.81204;2.08707;-2.05592;-1.93324;1.74494;1.93413;1.73416;2.02764;2.13121;2.26558;1.65352;-1.71837;1.74753;2.08935;2.08543;1.688;1.75414;2.20924;-2.01505;-2.221;-1.6346;-2.12044;-1.68962;-2.0184;-1.74524;-1.99421;-1.90334;-1.95698;1.92724;-1.78673;-1.94509;1.99868;-2.1156;0
0.914074;-2.02228;-1.92541;1.94641;1.75945;1.89846;1.88383;1.95005;2.10583;-2.17813;-1.76864;1.76375;2.06869;1.95869;1.68433;-2.12922;1.82644;2.05277;-1.82002;-1.8441;1.85232;1.95927;1.91266;2.04788;2.02904;1.919;1.65887;-2.01787;1.93354;1.74775;1.9434;2.07619;1.94317;1.83585;-2.18142;-2.16721;-1.71226;-2.00282;-1.94235;-1.93798;-2.15788;-1.93081;-1.87108;-2.09183;1.33044;-1.86284;-1.93768;2.14245;-1.82136;0
0.805246;-1.87093;1.91118;-1.95221;-1.5864;1.59811;-1.64913;1.84907;-2.16783;-2.16742;-2.11402;2.09464;2.07642;1.85114;-2.03756;1.96616;2.05666;1.85322;-1.67425;2.20626;1.99873;1.78285;-1.822;1.61207;2.05139;1.88495;1.95377;1.77235;1.88073;-2.02879;-2.13028;1.98223;1.70273;-1.90052;2.08347;-1.81366;1.87429;2.11431;1.88436;1.92355;-2.23503;1.28227;-2.04479;1.61651;1.78998;-1.87285;-1.73122;-1.90336;-2.18394;0
0.805246;-2.17652;1.83668;-1.44512;-1.98022;1.79496;-1.617;1.92442;-2.06091;-2.27461;-1.83494;2.05304;2.09203;1.96048;-2.11529;1.96439;2.01137;2.0988;-1.73362;1.84327;1.73385;1.71513;-1.73773;2.03222;1.90981;2.27487;2.16874;2.07049;2.11784;-2.03267;-1.99292;1.93126;2.15162;-1.76765;1.56061;-1.70688;2.08405;2.14488;2.00542;2.02321;-1.70455;1.67829;-1.64252;1.6916;2.07536;-1.9313;-1.9846;-1.79807;-1.84288;0
0.805246;-2.05761;1.57631;-2.20943;-2.04612;1.84902;-2.11167;2.03628;-1.9635;-1.98117;-2.20062;1.92844;1.73915;1.95938;-1.88585;1.75055;1.93046;1.94553;-1.76593;1.93387;1.95274;2.39023;-1.78525;2.25211;1.71618;1.72119;1.98623;1.73827;1.92141;-1.93356;-2.23576;1.86616;2.11216;-1.84616;1.92311;-1.97529;2.07748;2.18707;2.07458;1.60979;-1.71735;1.87859;-2.21671;1.9922;1.35041;-2.19808;-1.88763;-1.95322;-2.1031;0
0.805246;-1.7154;1.85445;-1.89492;-1.92978;1.28887;-1.91898;1.76251;-2.16909;-1.90915;-2.07554;1.65236;1.96835;1.88089;-1.81876;1.63567;1.88901;1.95768;-1.89776;2.09967;1.84505;2.03383;-1.94743;1.44579;2.22991;2.04459;1.94046;2.07145;2.09202;-1.87146;-1.80179;2.17244;1.93279;-1.73321;1.79452;-1.36298;2.15097;1.78353;2.06775;1.92906;-1.77416;1.58182;-1.29516;1.87748;1.52485;-1.67879;-1.69651;-1.85106;-1.77;0
0.805246;-1.70294;1.57775;-2.00762;-1.89818;1.66102;-1.98042;2.14974;-1.92226;-2.1516;-1.96635;1.77216;2.25239;1.86766;-1.87445;1.65235;1.98127;1.87905;-1.47501;1.9099;1.9338;2.07397;-2.19229;1.8636;1.94179;2.02531;2.03022;2.37581;2.13154;-2.11486;-1.88481;1.85601;1.8688;-1.79635;1.57234;-1.56628;1.86144;1.74143;1.66811;1.93308;-1.82475;1.83786;-1.15242;1.50867;2.02549;-1.88161;-1.82372;-1.76819;-2.03322;0
0.805246;-1.2876;2.0793;-2.16898;-2.09024;1.59887;-2.06869;1.75921;-1.68486;-1.95093;-1.94346;1.87114;2.02904;2.15351;-1.60305;1.95514;1.47679;1.45958;-1.94206;1.75163;1.92704;1.77747;-1.69439;1.99163;2.16167;1.98291;2.03948;2.08347;1.9839;-1.92164;-1.84075;2.29237;2.11028;-1.65027;1.75993;-2.14899;1.82893;2.45867;2.03768;1.7418;-2.13995;1.94267;-1.73851;2.01525;1.96566;-2.03218;-1.81103;-1.90492;-1.38002;0
0.805246;-1.79651;1.94271;-1.47337;-1.88863;1.89929;-1.62522;1.89699;-2.07857;-2.0266;-1.86824;2.141;1.91756;1.8833;-2.10787;1.79243;1.91684;1.99868;-2.01926;2.19824;1.99442;1.99352;-2.01112;2.13321;1.80788;1.93594;1.90309;2.09179;1.65319;-1.6915;-1.57205;2.13442;1.77141;-2.14765;1.95134;-2.15933;1.90103;2.29932;2.13616;1.38992;-2.18429;1.71293;-1.91774;1.42526;2.22515;-1.91184;-1.98918;-2.16701;-2.09043;0
0.805246;-1.86886;2.04526;-1.73584;-2.0763;1.92373;-1.90077;1.78914;-1.93051;-1.98315;-1.87936;1.64212;1.83107;1.94264;-1.84687;1.64653;1.66654;1.98387;-2.11345;1.78692;1.81582;2.11883;-1.95231;1.97966;1.98607;2.00633;2.03313;1.91948;1.84904;-1.8153;-2.34264;1.86665;1.7603;-1.84544;1.32864;-1.86055;1.85701;2.04686;2.00111;1.9026;-1.70271;1.76491;-2.03609;1.90605;2.01037;-1.9075;-1.944;-1.92032;-1.97344;0
0.805246;-1.73603;2.14022;-2.01253;-1.94018;1.85553;-1.70881;1.38681;-1.94408;-2.06896;-1.53929;1.84053;1.78099;2.19971;-1.84731;1.93608;2.0229;1.87151;-1.781;1.61166;2.18954;1.68949;-1.92511;1.93995;1.97279;2.09863;1.78101;1.82372;1.67254;-2.1707;-2.27015;1.61025;1.94709;-1.50972;1.831;-1.91297;1.81772;2.16434;2.07275;1.95482;-1.82636;1.69695;-2.09757;2.03263;1.9183;-2.16522;-1.76504;-2.22063;-1.86419;0
0.805246;-2.05512;1.8509;-2.03018;-2.06649;1.87227;-2.17247;1.80719;-1.75323;-1.90801;-1.70134;2.18609;2.22658;1.95306;-0.97736;1.88234;1.5846;1.75316;-1.94908;2.0028;2.01254;2.00853;-1.84768;1.87868;1.97767;1.98134;2.03907;2.03695;2.02278;-1.92788;-1.82392;1.99632;1.83394;-1.83528;2.0245;-1.57583;1.97076;2.04337;1.96352;1.82364;-1.75488;2.1337;-1.83772;1.83333;1.83771;-1.65677;-2.00515;-2.05624;-2.01168;0
-0.908249;1.82269;-1.90751;-1.81714;1.73396;2.00399;-1.91486;1.74847;-1.89059;-2.22121;1.88763;-1.7995;-2.25289;2.30047;-1.88493;-1.82715;2.08436;1.92963;-1.87758;-2.0069;-1.86395;1.97619;1.52087;2.07943;2.04072;2.09098;1.97484;1.60613;-1.88605;-2.08296;1.96398;1.85233;1.9229;2.20905;2.17791;2.03116;2.04994;1.81053;-1.98066;-2.31622;-2.0375;1.89767;-2.09687;2.19824;-2.02956;1.99717;-1.82322;-1.99498;-1.83151;0
-0.908249;2.15328;-1.98669;-1.92586;2.00746;1.71703;-2.1042;1.74467;-1.98947;-1.75415;1.7491;-2.07499;-1.69289;1.77027;-2.052;-1.97128;1.61404;1.92963;-1.88077;-2.22833;-2.05202;1.91701;1.89125;2.04582;1.83541;1.81596;2.09515;2.11713;-1.9383;-1.71786;1.9376;2.13767;1.89434;1.93911;2.21235;1.85216;1.5795;2.04262;-1.30704;-1.78161;-1.87654;2.00321;-2.04068;2.13466;-1.52232;1.77676;-1.95945;-1.90049;-2.1568;0
-0.908249;1.45675;-2.19516;-1.5518;1.72306;1.97142;-1.86003;2.12484;-1.75111;-2.05821;1.56835;-1.8518;-1.82633;1.71321;-1.79795;-1.95849;1.72349;2.08811;-2.00012;-1.88631;-1.63026;1.9003;1.88216;1.64832;2.24819;1.98454;2.17786;2.14512;-2.00503;-1.90052;1.84864;1.94726;1.96771;2.08864;2.31148;2.03651;2.02173;1.88523;-1.79472;-1.72624;-1.85808;1.96963;-1.96054;1.75828;-1.86683;1.92466;-1.74442;-1.76725;-1.90983;0
-0.908249;1.73941;-1.968;-1.80143;2.1555;1.58854;-1.97112;2.00654;-1.91113;-1.57429;1.93904;-1.59602;-1.76969;1.52933;-2.04434;-1.85775;1.69063;2.17208;-1.46689;-1.72286;-2.01719;1.99308;1.79687;1.95197;2.10872;2.04649;1.86119;1.96803;-2.20245;-1.88532;2.07803;2.09816;1.85001;1.68791;2.01195;2.04816;2.16297;1.52175;-1.84991;-1.93801;-1.76422;1.60212;-2.13107;2.00669;-1.79014;1.93582;-1.94295;-2.31121;-2.06216;0
-0.908249;1.74579;-1.91438;-2.09373;1.90262;2.02989;-1.90817;1.85444;-2.04744;-1.65529;1.53011;-1.89485;-1.8116;1.80902;-2.2809;-2.22339;1.81602;2.0043;-2.00067;-1.68083;-1.77406;2.02605;2.18586;2.10137;2.07883;1.89165;1.76089;1.78869;-1.78697;-2.07791;2.20125;2.07923;1.87557;2.24425;2.1312;1.81655;1.91375;2.16963;-1.87815;-2.21824;-1.99279;1.91067;-1.89045;1.53898;-1.45909;1.91576;-1.64665;-1.73995;-1.85424;0
-0.908249;1.89293;-1.62237;-2.10145;1.63959;1.83904;2.0592;2.02488;-2.13023;-2.0199;2.09893;-2.35709;-1.98792;2.02443;-1.85662;-1.57583;1.7499;1.5155;-1.8156;-2.04609;-1.7885;1.82615;2.15403;2.25785;2.14658;2.02081;1.63312;1.62958;-2.00385;-2.17744;2.00722;1.90227;1.65348;1.9592;1.94948;2.08552;2.00747;2.10775;-1.64579;-1.90911;-1.69914;1.72191;-1.70241;1.62014;-1.88952;1.72995;-1.82283;-1.93352;-2.20922;0
-0.908249;1.6155;-1.85603;-1.94274;2.07114;1.90227;2.0263;2.10349;-1.94812;-1.83814;2.01893;-2.18056;-2.138;2.19776;-1.67356;-2.22618;2.22357;1.9575;-2.10541;-1.76828;-2.02719;1.85865;2.12702;1.49645;1.90709;1.93355;1.84141;1.64842;-2.01965;-1.71964;2.09365;1.99018;1.81204;1.97594;2.1114;2.14771;2.16309;2.11002;-1.7193;-2.04007;-1.80374;1.81109;-2.0342;1.87194;-1.96421;1.60079;-2.0762;-2.27487;-2.053;0
-0.908249;1.68546;-2.19413;-1.67043;1.91773;1.84379;1.9116;1.77776;-2.04922;-1.70062;1.93574;-2.01828;-2.05944;1.63473;-1.82406;-1.84617;1.79032;1.74554;-1.82217;-2.07426;-1.52493;2.04866;1.96116;2.16533;2.10979;1.96481;1.72023;1.52589;-1.91135;-2.00072;1.92252;2.12961;1.83112;1.79746;1.99342;2.15454;1.91201;2.3639;-1.68282;-2.12934;-1.8226;1.98665;-1.7636;2.07512;-2.00681;1.84703;-1.7072;-2.4413;-2.17238;0
-0.908249;1.77429;-1.91792;-1.9769;1.94864;2.16283;2.20036;2.12957;-1.74782;-1.76571;1.4978;-2.04678;-1.86689;1.67973;-2.11099;-1.79622;1.92971;2.10213;-2.17429;-1.71885;-1.80724;1.92383;2.2185;1.946;2.09534;1.74502;1.9984;1.79103;-1.67357;-2.02926;2.07783;2.33651;1.73099;2.11724;2.07971;1.6724;2.11245;1.81781;-1.87843;-2.12518;-1.50122;1.45785;-1.76929;1.86098;-2.09235;1.53652;-2.14221;-1.60792;-2.09876;0
-0.908249;1.82013;-1.73129;-1.86715;1.85429;1.66508;1.9107;1.87894;-1.98014;-1.82613;1.96902;-2.16648;-2.21545;1.81662;-2.1425;-2.18525;2.16797;1.90856;-1.78214;-2.01801;-2.05602;1.82089;1.97611;1.88247;2.11271;2.03406;1.88797;1.82468;-1.97422;-1.44703;1.98629;1.9395;1.48051;2.09633;2.2738;1.9306;2.0123;1.90936;-2.07098;-1.95872;-1.94666;1.97507;-1.72225;1.77057;-2.08705;1.866;-1.26119;-1.97844;-2.19257;0
0.862154;-2.17702;-1.96056;-1.92726;1.86561;-2.03347;2.3303;-2.02476;1.93512;-1.607;-2.18855;1.46439;2.07204;-1.91236;-1.94518;-1.92735;1.95433;2.00662;-1.77187;1.74824;1.90326;1.99493;-1.5414;1.75699;-1.90827;-1.77153;2.03826;1.91141;1.95369;-1.86808;1.97975;-1.9353;1.69599;-1.96495;1.96697;1.91127;1.91625;2.09263;-1.58567;-1.92949;-2.13478;-2.06592;1.88863;-1.57201;-1.98645;-1.71156;-2.03034;1.7827;1.83717;0
0.862154;-2.24842;-1.78065;-1.83129;2.16317;-1.64651;1.88551;-1.89287;1.66889;-2.1661;-2.21129;1.94293;2.02421;-1.88539;-1.89389;-2.01984;2.21036;1.92946;-1.69808;2.09391;2.04626;1.92456;-1.43585;2.29896;-1.79682;-1.97554;1.74655;1.93544;1.8039;-1.95933;1.89349;-1.88048;1.79151;-1.93113;2.02652;2.12531;2.05395;1.90594;-1.62029;-2.03007;-2.02706;-2.07512;1.88278;-1.86622;-2.09959;-1.87113;-1.81291;2.01538;1.88089;0
0.862154;-1.33174;-2.03831;-2.11305;2.06848;-2.28838;2.18909;-2.07508;2.06242;-1.78921;-2.01048;2.27362;1.59742;-1.89154;-2.10972;-2.00314;1.70686;1.49928;-1.52678;2.10396;2.14098;1.76349;-1.78279;1.57399;-1.81078;-1.57584;2.19025;2.06315;1.89602;-1.83464;2.18097;-1.38641;1.97597;-1.95277;2.18618;2.34153;1.82416;2.00692;-1.35147;-1.69535;-1.81462;-1.96165;2.08849;-2.35642;-2.17335;-2.15574;-1.857;1.76198;2.23191;0
0.862154;-2.12361;-1.70681;-1.91037;1.29977;-2.18636;1.8257;-1.65463;2.01983;-2.32087;-1.95122;1.86837;1.87712;-1.8818;-2.11245;-2.1687;2.06489;2.09263;-2.0611;2.09578;2.42065;1.97411;-1.86616;2.23876;-1.78992;-1.93723;1.49784;1.7451;1.42169;-1.56116;1.74604;-1.89778;1.93968;-1.87738;1.61708;2.03412;1.99614;1.81997;-1.76731;-1.9326;-1.94954;-2.03367;2.07819;-1.95561;-1.97173;-1.93132;-1.84817;1.987;1.86759;0
0.862154;-2.05175;-2.02955;-1.82692;1.53754;-1.8854;1.65813;-1.43436;1.78138;-1.55892;-1.86668;2.04994;2.09891;-1.81035;-1.71472;-1.91216;1.64763;1.73411;-1.93256;1.7437;1.83737;1.81702;-2.20788;1.9799;-2.04218;-1.97928;2.10336;1.69604;2.20983;-1.43752;1.70623;-1.91012;1.66396;-1.74515;2.11862;2.04853;2.00558;2.00432;-1.86257;-2.1998;-1.6149;-1.76665;1.8591;-1.65018;-2.11995;-2.02152;-2.1413;1.9847;2.06391;0
0.862154;-1.93253;-1.64977;-2.12469;1.95636;-1.77305;2.3157;-1.61966;1.92009;-1.93671;-1.90471;1.90581;2.01608;-2.26081;-1.87713;-2.07111;1.84716;2.13283;-1.62885;1.91457;1.76668;1.98097;-2.19693;2.0713;-1.97172;-1.89273;1.99793;1.93231;2.06702;-1.63155;1.59346;-1.56846;1.45824;-1.72603;1.538;1.77723;1.86333;1.70402;-2.21746;-2.0428;-1.98127;-1.59224;2.02424;-1.90309;-1.80919;-2.36403;-1.82462;1.95282;1.74594;0
0.862154;-1.73731;-1.78646;-1.72546;2.16041;-1.99747;1.82163;-1.68685;1.7209;-2.01652;-1.89184;2.21903;2.03857;-1.84002;-1.89383;-2.16498;1.8675;1.99857;-1.84986;1.98291;1.71721;2.04514;-1.73295;1.91728;-1.67448;-1.96694;1.96022;2.02869;1.87612;-1.78259;1.48447;-2.03369;1.95693;-1.81066;1.86594;2.22015;1.97912;1.75957;-1.49159;-1.92053;-1.93807;-1.83322;1.99297;-1.87935;-2.12129;-1.89783;-2.04168;2.05681;2.08742;0
0.862154;-1.84897;-1.83224;-2.22156;1.55635;-2.04688;2.04643;-1.57133;2.12571;-1.88932;-1.81884;1.65879;1.77147;-2.06768;-1.90272;-1.85586;1.66388;1.84373;-1.82067;1.52011;2.1415;1.90507;-1.7918;1.69821;-1.6648;-2.21361;1.53971;2.02354;1.89404;-1.96138;1.92162;-1.66688;1.63633;-1.7541;1.74576;2.12096;2.26014;2.07752;-1.97924;-1.95285;-1.95445;-1.59158;1.89036;-2.08188;-1.98941;-1.72889;-2.08102;1.92337;1.9876;0
0.862154;-1.62931;-1.86242;-2.08753;1.90037;-1.42395;2.11826;-1.39018;1.89526;-1.99479;-2.08074;2.10011;1.94359;-1.99902;-2.08994;-1.93882;1.54343;1.82042;-1.87919;2.00024;2.03219;1.81873;-2.02104;1.66423;-1.8112;-1.95982;2.06383;1.73379;2.0283;-1.83143;1.83951;-1.46459;2.03369;-2.25307;1.83596;1.79325;2.16247;1.84742;-1.9239;-2.29816;-1.95506;-1.98704;1.61143;-2.21838;-2.04493;-1.85383;-1.91134;1.91085;1.77861;0
0.862154;-2.13322;-2.02206;-1.92327;1.5103;-1.53389;2.12432;-1.79173;1.76965;-2.03102;-1.99482;1.85281;2.11577;-1.81286;-1.79945;-2.11399;1.81402;1.68275;-1.89606;1.97139;1.76776;1.85288;-1.76151;1.91697;-2.01784;-1.77371;2.21451;2.02829;1.95463;-2.06635;1.76635;-1.70712;1.11938;-1.86908;2.14141;1.93464;1.8444;1.36109;-2.17717;-1.98754;-1.84478;-2.0334;1.82869;-1.80969;-2.16626;-1.83613;-1.70591;2.01372;2.36096;0
-0.628486;-2.04752;-1.85902;2.2944;2.10619;1.9773;-1.36093;-2.10877;-1.8992;1.9044;1.78495;-1.72584;-2.02662;-1.7094;-1.82076;1.94821;-2.30003;1.68693;-2.0016;1.70419;-1.78014;-2.16874;-1.70791;2.11428;-1.74175;2.10083;-1.8986;1.62202;-1.94862;-2.16069;2.20019;-1.85773;-2.09572;-1.89229;-2.02796;-2.03301;-1.9339;-1.78891;-1.98004;-1.98752;1.95726;1.8302;-1.85441;2.02907;-1.61305;2.07072;2.25223;1.95945;2.23839;0
-0.628486;-1.79559;-1.80995;2.22932;1.96993;1.95107;-1.97547;-2.14531;-1.96429;1.77659;1.72025;-1.92455;-2.03769;-2.07613;-1.77763;2.09106;-1.6249;1.8428;-1.6468;1.71817;-2.01999;-1.96159;-1.72869;2.08923;-1.73818;1.7505;1.70917;1.83641;-1.74247;-1.85758;1.88791;-1.72579;-1.77768;-1.76794;-1.48515;-2.01716;-1.97412;-2.1945;-2.04437;-2.02769;1.69206;1.94453;-1.98923;1.96436;-1.89328;1.7338;2.03441;2.09656;1.95085;0
-0.628486;-2.07223;-2.16234;1.81596;2.15876;1.71538;-1.89736;-2.17795;-1.82424;1.6692;1.76991;-2.05469;-1.74151;-2.16499;-1.79929;1.85033;-1.91376;1.8873;-1.74305;1.63222;-2.12461;-1.85255;-2.08684;2.22884;-1.84194;2.15045;2.17458;2.16648;-1.88216;-2.03711;1.53033;-1.69602;-1.66347;-1.81031;-2.03095;-1.67095;-1.80857;-2.12699;-1.86643;-1.68382;1.86865;2.18718;-1.78189;1.65708;-1.84733;1.90427;2.10813;1.38155;2.1695;0
-0.628486;-2.28263;-2.03384;1.79413;2.18428;2.15966;-2.38901;-2.2478;-1.83067;1.93058;1.80033;-1.52835;-1.97107;-2.02907;-2.06367;1.96396;-1.81786;1.93306;-1.98198;1.80406;-1.78737;-2.18698;-1.96551;1.98982;-1.8476;1.97214;2.14911;1.47135;-2.07051;-2.16169;1.6519;-2.20064;-1.94208;-2.34247;-2.29722;-1.95026;-2.03661;-2.20139;-2.31897;-2.27727;1.7681;2.0657;-1.65275;1.40802;-1.64551;1.9321;2.00773;1.72506;1.77705;0
-0.628486;-2.22531;-1.80266;1.87096;2.09346;2.01103;-1.62545;-1.90459;-2.07693;1.75802;1.99726;-1.8519;-1.56952;-1.8059;-1.9966;1.30083;-1.74679;1.89558;-2.02834;1.80926;-1.80184;-1.76293;-2.00305;2.10269;-2.17547;1.98091;2.19569;1.46932;-1.4427;-1.81587;1.94385;-1.74749;-1.87452;-2.09087;-1.9964;-1.80586;-2.16124;-2.14462;-1.61937;-1.95026;1.93737;2.08234;-2.17729;1.95303;-1.66419;1.8734;1.88963;1.94219;1.95593;0
-0.628486;-2.11453;-2.1772;1.67057;1.94314;2.08175;-1.76166;-2.10145;-1.96095;1.86108;2.08861;-1.65955;-2.28436;-1.85698;-2.13469;1.88174;-1.78614;1.76266;-1.69134;2.22727;-1.94996;-2.08523;-1.70335;1.61423;-1.6005;1.8402;2.1581;1.84204;-1.95355;-1.9918;1.86972;-2.2494;-2.04103;-2.27532;-2.22199;-1.85816;-2.11087;-2.12124;-1.79111;-2.04211;1.82962;1.89475;-1.92968;1.81055;-2.00911;1.8771;2.1652;2.05822;2.00808;0
-0.628486;-2.16409;-1.94981;1.8803;2.16755;1.72896;-2.05906;-2.01081;-1.72533;1.96052;1.94633;-1.76618;-2.1615;-1.8746;-2.06103;1.86985;-2.03144;1.87626;-1.75548;2.06664;-1.56114;-1.95961;-2.15299;1.45765;-1.60573;2.06518;1.80095;2.101;-1.94679;-1.77132;1.88555;-2.14751;-1.75955;-2.06736;-2.11095;-1.85905;-1.95158;-1.73149;-2.15934;-1.72501;2.0969;2.17649;-1.92795;2.02299;-1.68657;1.80362;1.79362;2.02556;2.12109;0
-0.628486;-1.98853;-1.97928;2.02976;1.72798;1.52553;-1.88182;-1.79928;-1.53726;1.86453;1.5874;-2.26473;-1.84077;-1.92935;-1.98424;1.8568;-1.82429;1.796;-2.07912;2.04631;-1.64299;-1.95466;-2.23176;1.95204;-1.62014;1.9293;2.04562;2.10496;-1.9919;-2.12107;1.93338;-1.79255;-1.70044;-2.13151;-2.18429;-1.93911;-1.9083;-2.09998;-2.13793;-1.7019;2.17333;1.89054;-1.74036;2.09209;-1.89856;2.08239;1.75545;1.88037;1.99007;0
-0.628486;-2.20924;-2.2061;1.72137;1.93259;1.65607;-1.97863;-1.97056;-1.98207;1.53861;2.21684;-1.9757;-1.8531;-2.01091;-1.79248;2.03228;-1.9299;1.63886;-1.79248;1.87633;-1.8842;-1.94302;-2.06417;2.3851;-2.21167;1.68003;1.79887;2.0724;-1.57302;-2.04286;1.97533;-2.03412;-1.97202;-1.64578;-1.75456;-1.73996;-1.75622;-2.2026;-1.69592;-1.60228;1.8587;2.07447;-1.79851;1.95891;-1.90498;2.08417;2.06358;1.89604;2.0166;0
-0.628486;-2.15372;-1.66849;1.76646;1.93725;1.92487;-1.76415;-1.84399;-1.82367;2.00089;2.1843;-1.46928;-1.94015;-2.10794;-1.85707;1.67774;-1.83934;1.79938;-1.91397;1.99972;-2.28955;-1.97464;-2.13074;2.04555;-2.20244;1.83827;1.8984;2.00461;-1.74723;-2.02151;1.59562;-2.03145;-2.11384;-2.0899;-1.72017;-2.37355;-1.95927;-2.10385;-2.08671;-1.9483;1.74918;2.00046;-1.55738;1.703;-1.7681;1.86378;1.76587;2.15454;2.03421;0
-0.219863;1.87603;-2.09681;-1.43341;1.93292;2.03468;2.12561;2.21828;-1.78691;1.50752;2.20417;-2.02189;-2.01946;1.77653;1.8958;-1.74952;-1.95346;-1.96654;1.7355;1.67672;-1.90871;-2.05017;-1.70071;1.89984;-1.98969;1.68102;-1.1855;1.98783;1.88608;-1.89264;1.88511;1.86968;2.02982;-1.72221;-1.86054;-1.95753;1.63075;-2.04278;-1.58783;2.0917;-1.95629;-2.02236;1.72087;-1.90443;-2.16207;2.0648;1.72129;-1.84323;-2.09387;0
-0.219863;2.15637;-1.79948;-1.77695;1.72407;2.08024;1.70026;1.96654;-2.01665;1.78324;1.93073;-1.83581;-1.94287;1.83794;1.82487;-1.67267;-1.90612;-1.96332;1.9809;2.12123;-1.96234;-2.24835;-1.59929;1.92517;1.99109;2.02568;-1.51442;1.98484;2.08472;-1.88695;1.93119;2.02006;1.74147;-2.02438;-1.99846;-2.13243;1.85684;-2.24586;-2.15281;1.84776;-1.83552;-1.91319;1.74876;-1.61815;-2.13476;1.97888;1.35197;-2.03477;-1.66243;0
-0.219863;2.06271;-1.589;-1.63996;1.7528;2.34241;1.95722;1.81968;-2.0398;1.80045;2.1618;-1.88295;-1.70136;1.89927;1.68476;-1.52583;-1.7389;-1.54654;1.98265;1.79513;-1.98801;-1.90611;-1.61104;1.67554;1.92149;2.07252;-1.94621;1.7405;1.7193;-1.89579;1.9838;2.03151;2.04621;-1.66069;-2.00407;-1.85059;1.54966;-1.90351;-1.84171;1.86448;-2.284;-1.68469;1.5191;-2.12316;-1.92367;1.96148;1.80736;-1.91738;-1.83871;0
-0.219863;1.7113;-2.05704;-2.06541;2.03556;2.07228;1.92235;2.00895;-1.70133;1.86767;1.7361;-1.88114;-1.95233;1.95676;1.69984;-1.56719;-2.30822;-1.98242;1.30857;1.80194;-1.96672;-1.87783;-1.93514;1.69305;1.88119;2.03746;-1.81869;1.72074;1.8633;-1.81405;1.84483;1.97512;1.87554;-1.97839;-2.00802;-1.85613;1.35553;-2.07039;-2.1973;1.81819;-2.10786;-1.94877;1.82822;-1.92496;-1.59298;1.60531;2.0502;-1.68031;-2.12529;0
-0.219863;1.88905;-2.12375;-1.84175;1.55691;1.96786;1.97987;1.82402;-2.25771;1.7144;1.85765;-2.03349;-1.697;1.93604;1.87539;-2.23593;-1.92572;-1.86558;1.97183;1.89351;-2.21184;-2.19431;-1.96401;1.81214;1.64897;2.22805;-2.05414;1.56507;2.27978;-2.05078;1.78407;1.89994;1.96098;-1.39981;-1.76676;-1.86388;1.78835;-1.89754;-1.52345;1.79457;-1.78937;-1.59359;2.13774;-1.82834;-1.69743;1.82625;2.0502;-1.83786;-2.11244;0
-0.219863;2.21548;-1.78564;-1.95871;1.66259;1.76307;1.87177;1.72821;-2.01237;1.82129;1.92227;-1.88593;-1.90059;1.93449;2.16184;-1.97613;-2.05827;-2.05523;2.05805;1.90239;-1.86988;-1.84237;-1.54879;1.9906;1.80893;1.93013;-1.92717;2.15517;2.13771;-1.58542;1.9015;1.6871;2.10188;-1.86943;-2.00596;-2.06183;1.55789;-1.84021;-2.23971;1.79014;-1.90283;-2.04075;1.62313;-1.90784;-1.88585;1.9199;2.15543;-1.65212;-1.89955;0
-0.219863;2.02495;-2.1111;-1.94917;1.79472;2.17386;2.00528;1.69046;-2.1133;1.75226;1.76931;-1.64828;-1.83988;1.9315;1.93338;-2.00697;-2.04933;-1.79263;1.96659;2.003;-1.73062;-1.87697;-2.12124;2.06132;1.78446;1.82377;-1.45808;1.85789;1.79622;-1.95896;1.70077;1.71141;2.0313;-1.84355;-2.12177;-1.58586;2.122;-2.23711;-1.73785;1.9005;-1.7663;-1.81369;2.15047;-2.09152;-1.92126;1.78739;2.13514;-1.8654;-1.7742;0
-0.219863;1.9735;-2.03409;-1.69165;1.75609;2.32782;2.05145;2.0035;-1.72871;1.94336;1.81189;-1.88026;-2.28694;1.88129;2.11701;-1.97361;-2.13581;-2.06929;2.01574;2.13296;-1.88968;-1.96493;-1.84113;1.78508;1.84312;1.95356;-1.36931;1.90529;1.89745;-2.27047;2.19897;2.02836;1.99416;-1.93179;-2.09687;-2.05728;1.79771;-2.41305;-2.01162;1.88744;-1.46029;-1.8662;1.47517;-1.81239;-1.81038;1.83276;1.64834;-1.90552;-2.12055;0
-0.219863;1.4671;-1.6842;-2.01201;1.60843;1.9986;1.89138;1.75681;-1.84836;1.79199;1.85021;-1.96157;-2.13186;1.75133;1.99426;-2.07237;-1.84334;-2.07315;1.71604;1.91242;-1.52254;-2.1299;-1.93646;2.09806;1.85456;2.14631;-1.82513;1.9999;1.6538;-1.97555;1.72107;2.39795;1.82819;-1.86448;-2.1146;-2.04784;1.70346;-1.78307;-1.73673;1.62194;-2.08065;-1.96767;1.67128;-1.85965;-2.14428;1.60604;1.87216;-1.99381;-1.67395;0
-0.219863;1.54105;-1.56605;-1.95504;2.1617;1.89963;1.8988;2.40372;-1.94568;2.08922;1.90015;-1.67456;-1.9072;1.88091;2.26668;-1.99528;-1.74586;-1.92823;1.81702;1.7916;-1.91474;-1.97192;-2.0294;2.01532;1.89932;2.01975;-2.11767;2.11372;1.71496;-1.97029;1.7366;2.05897;2.01425;-1.91469;-2.10053;-2.05458;1.72311;-1.99225;-1.99448;1.64144;-1.87531;-2.10741;1.7076;-2.12616;-1.78051;1.92935;2.10749;-1.94307;-1.8446;0
0.930688;-1.46843;1.67854;2.13629;1.78308;1.39699;-1.96281;1.85533;-1.89223;-1.94259;-1.84129;-2.25033;-1.97163;-1.95098;2.04293;1.84526;-1.90912;1.77931;-2.01619;-1.70199;2.11084;1.99891;2.12;1.86927;-2.20599;-2.19672;1.53082;2.02653;-1.8699;-1.95062;2.08629;-1.56018;1.81939;1.93625;2.09526;1.89203;-1.72248;-1.97188;-2.06539;2.1122;1.91338;-1.79891;1.75782;2.13109;2.38044;1.95578;-1.4992;-1.86235;2.01903;0
0.930688;-1.40202;2.09581;1.7968;2.10587;1.78388;-1.84442;1.80845;-2.13449;-2.01952;-1.99998;-1.75048;-2.15152;-1.89929;1.88892;1.9989;-1.68831;1.93214;-1.9171;-1.95076;1.74945;1.96851;2.33206;1.5568;-1.90235;-1.95199;1.80269;2.02876;-1.83363;-1.60765;2.30039;-1.91676;1.71601;1.93477;1.9099;1.94974;-1.74642;-2.25112;-1.89061;2.13396;2.27604;-1.55308;2.09173;2.09824;2.06129;1.98316;-1.95813;-1.97161;1.68857;0
0.930688;-1.99349;1.64349;1.96815;2.01741;2.16078;-1.57626;2.06506;-1.72542;-2.09584;-2.04677;-1.93422;-2.09559;-1.48167;2.005;1.8606;-1.71964;1.74979;-1.59131;-2.07047;1.60765;1.7573;1.81129;2.0646;-1.96638;-1.88086;2.15451;2.15114;-1.48662;-2.03492;1.79431;-1.13848;1.93382;2.36012;2.04789;2.12963;-1.90294;-1.86729;-2.08566;1.96848;1.90319;-2.20697;2.20846;2.07184;2.0683;1.60171;-2.08566;-1.65515;2.14998;0
0.930688;-2.23174;1.91573;1.87876;1.75667;1.70187;-2.05996;1.6704;-2.20881;-2.07045;-1.98231;-1.94148;-2.11203;-2.03609;1.9505;1.36067;-1.78159;1.97135;-1.95769;-1.89146;1.89759;1.86925;2.067;1.88263;-1.78673;-2.0375;2.42082;2.08393;-1.45515;-1.82511;1.97394;2.05558;2.21213;1.99002;1.82296;1.65899;-1.86197;-1.96948;-1.77026;2.16753;1.98201;-1.58046;1.94147;1.69449;2.10062;1.92529;-2.03456;-1.9203;2.1097;0
0.930688;-1.97577;1.55769;1.89333;2.10406;1.66506;-2.01962;1.75384;-2.20385;-1.94885;-2.18085;-2.06225;-1.92051;-1.76165;1.92918;1.93097;-1.70725;2.00158;-2.02234;-1.93374;2.04636;2.26612;1.52502;1.69353;-1.87271;-2.03688;1.56723;2.12897;-1.84613;-1.73391;1.85888;2.28107;2.09847;2.0769;1.88863;1.79307;-2.16158;-2.05661;-1.82096;1.99657;2.10681;-1.95746;1.95256;2.3749;2.30222;1.94868;-2.16014;-1.78261;1.76315;0
0.930688;-1.82591;1.81882;2.19307;2.09985;1.98349;-1.98791;1.53305;-1.75676;-1.95342;-2.07001;-2.12288;-2.00844;-2.20493;2.06992;2.04289;-2.10599;1.72493;-2.07746;-2.08222;2.04853;2.10455;1.85543;1.81448;-2.03534;-1.55379;1.78916;2.00033;-1.98109;-1.99642;2.01684;2.19412;2.11978;2.12129;2.14325;1.95339;-2.20572;-2.04975;-2.07254;2.16358;1.52379;-2.19879;1.80123;1.97205;1.90549;1.75831;-1.98399;-1.74692;1.52033;0
0.930688;-1.83179;1.727;1.68546;2.00509;1.81722;-1.86556;1.66106;-1.65873;-2.0147;-2.14891;-1.98235;-1.76;-1.81419;1.91035;2.00087;-2.25659;-1.97385;-1.88839;-1.71592;1.76256;1.75582;2.16928;2.17686;-2.10822;-1.85294;1.90241;1.838;-2.19831;-1.77331;1.97791;2.04676;1.96983;2.24885;2.0439;2.11117;-2.22738;-2.21869;-2.00586;1.66536;1.96379;-2.0408;1.92367;2.17143;1.73522;1.97872;-1.7971;-2.28981;2.06346;0
0.930688;-1.91514;1.65407;2.11722;2.07476;2.09776;-1.92611;1.44569;-1.92385;-2.01233;-1.85554;-1.80284;-1.91515;-1.95947;2.08689;1.93568;-1.93581;-1.99677;-2.03548;-1.7715;2.05035;1.87155;2.15682;2.05786;-2.23585;-1.8075;1.99493;1.88918;-1.65419;-1.97668;1.68351;2.29771;1.75037;1.91391;2.12507;1.95219;-2.22102;-2.02815;-2.19922;1.74684;1.97923;-1.98062;2.24819;1.67402;1.67896;1.79311;-1.94366;-1.92504;1.99015;0
0.930688;-2.0252;2.17907;1.51472;1.6767;2.13088;-1.47776;1.95165;-1.13908;-2.04004;-2.07243;-1.64261;-1.9112;-1.82582;1.99194;2.09127;-1.97229;-2.14587;-1.9984;-1.87021;1.75376;1.69293;1.78626;2.1848;-1.41685;-1.61556;2.04105;2.14053;-2.01327;-1.8719;1.73541;2.06049;1.98527;1.6757;1.96056;1.98596;-1.78423;-2.03452;-1.69458;1.93229;1.80587;-2.0304;2.05255;1.59825;1.65762;1.8825;-1.88223;-1.90004;2.14491;0
0.930688;-2.07728;1.91583;2.4325;2.06065;2.09587;-1.69548;2.03427;-1.71218;-2.01245;-2.06774;-1.85679;-1.92215;-2.13089;1.93471;1.92376;-1.70247;-2.07787;-2.30039;-1.97426;1.8017;2.09273;1.86239;1.78927;-2.28346;-2.09816;1.77671;1.93939;-1.7811;-2.04951;2.15531;1.91295;1.95771;2.09462;2.06308;1.92228;-1.82558;-2.08545;-2.1101;1.74986;1.86628;-1.99793;1.71378;1.9778;2.02894;1.83545;-1.87328;-1.98327;2.09425;0
0.627786;1.86242;-1.64674;1.83274;1.84432;-1.91387;-1.98919;2.10643;1.83521;-2.01497;1.85041;-1.96113;-2.11479;1.62053;1.74361;1.69856;1.86584;1.88398;2.16398;1.67101;-1.88827;-2.03543;2.25859;1.8271;2.05114;1.7509;-1.78896;1.70423;1.81847;-1.76294;2.17634;-1.93574;-1.99413;-1.7452;-1.81403;-2.0062;2.02497;1.89599;1.99856;-1.81159;-2.14321;2.08495;1.99797;1.82443;-1.90204;2.0508;2.02317;-2.0482;-2.06493;0
0.627786;1.933;-1.91078;1.91114;1.82249;-1.85696;-1.90069;2.01734;2.17696;1.89999;1.46133;-2.13183;-1.77536;2.02738;1.88321;1.77907;1.96847;1.62559;2.19233;2.34281;-1.99432;-2.11507;1.77505;2.01426;2.02138;2.00131;-1.5654;2.15932;1.85445;-2.05934;1.71847;-1.79409;-1.96906;-2.13736;-2.31256;-2.11308;2.24813;1.84058;1.7759;-2.25613;-2.09749;2.09734;1.90106;2.01214;-1.57198;2.11515;1.81575;-1.89656;-1.95187;0
0.627786;1.81397;-2.02408;2.08014;1.65202;-2.01518;-1.83263;1.89056;1.86699;1.95041;1.8073;-1.96417;-1.92148;1.93608;1.77794;1.47292;1.77255;2.0411;2.14614;1.57043;-1.91859;-2.12306;1.94161;1.75599;1.64422;2.21808;-1.86975;1.52268;1.98604;-1.88019;2.25584;-1.81522;-1.97338;-1.73145;-1.92778;-1.95101;1.77719;2.21853;1.79269;-1.76738;-1.63947;1.76109;2.061;1.69279;-1.86794;2.20055;1.44682;-1.89519;-2.27292;0
0.627786;2.09658;-1.8735;2.03388;1.61333;-1.73788;-2.1454;1.75846;1.98161;1.44597;1.81812;-1.80004;-1.76833;2.07668;2.11566;2.08042;1.87592;1.81071;1.95587;1.94675;-1.96958;-1.99181;1.82314;2.09538;1.93143;1.92737;-1.86784;1.58587;1.91836;-2.03311;1.60143;-2.12506;-2.27676;-1.97513;-2.07927;-1.96694;2.26156;1.94526;1.97493;-1.81208;-1.92351;1.9761;2.17107;1.99641;-1.84626;2.20289;1.85172;-2.22729;-2.17067;0
0.627786;1.94489;-1.83334;1.82222;1.86737;-1.79167;-1.88284;1.65027;1.95232;1.99715;1.64525;-1.92132;-1.81936;2.191;1.76976;1.87615;2.35141;1.85717;1.8392;1.94192;-2.02126;-2.17106;2.50847;2.00909;1.95789;1.91964;-1.64625;1.80657;1.36346;-1.58932;1.64333;-1.85218;-1.60904;-1.77363;-2.21078;-2.0013;1.76222;2.25318;2.40313;-2.1623;-1.72721;1.92332;2.20148;1.97097;-1.67869;1.69706;2.14845;-1.87203;-1.85895;0
0.627786;1.44322;-1.49605;1.83188;1.97142;-1.7719;-1.69822;1.59249;2.29963;2.1642;1.79423;-2.12423;-1.63943;1.69455;1.72124;1.67;1.92574;2.0593;1.87313;1.88063;-1.94453;-1.97047;1.33739;1.88031;1.6542;1.91346;-1.86491;1.92783;1.27598;-1.76153;1.97704;-1.84097;-2.18641;-1.60627;-2.1018;-2.0474;1.78236;2.00402;2.29165;-1.92739;-1.98789;1.9618;1.82746;1.97899;-1.85431;1.70289;2.01917;-1.43274;-1.94505;0
0.627786;2.00527;-1.77431;2.29863;1.82545;-1.9782;-2.01518;2.00664;2.00305;1.58999;1.82476;-1.98532;-1.86954;1.89146;1.80882;1.69875;1.90476;1.95159;2.00302;1.92246;-1.82868;-1.45916;2.23269;2.0169;1.78359;1.9888;-2.14594;1.9524;1.85298;-2.0397;1.95361;-1.81988;-2.18831;-1.66849;-2.25603;-1.92374;1.91624;1.86406;2.14295;-1.48887;-1.86333;1.87131;1.96451;2.20893;-1.9588;2.17012;1.99566;-1.81263;-2.09189;0
0.627786;1.86688;-1.96205;1.99751;1.48072;-1.87547;-1.54911;2.17268;1.99225;2.19348;1.95798;-1.71186;-1.89642;2.14905;2.28938;1.94824;1.8368;1.82673;2.56847;1.95717;-1.77603;-1.73451;2.10916;2.15267;2.09923;2.15687;-1.32229;1.78832;1.60442;-1.79302;1.86139;-1.9336;-2.02194;-2.11828;-2.01619;-2.00696;1.85636;2.11932;1.9862;-2.17931;-1.8181;1.92409;1.83099;1.97963;-1.74763;1.90093;1.71556;-1.9743;-1.96421;0
0.627786;1.68214;-1.80524;1.91337;1.57501;-2.11301;-1.79092;2.11433;1.54769;2.15258;1.56372;-2.05165;-1.93355;2.1093;2.09896;1.93723;1.92624;2.25605;1.81926;1.92965;-1.64739;-1.51643;1.88841;2.1198;2.23294;1.77731;-1.66035;1.79068;2.42658;-1.97602;1.90278;-2.05787;-1.78146;-1.60856;-2.01619;-1.77849;2.08916;1.8217;1.83811;-1.8034;-1.99039;1.8357;1.93326;1.83151;-2.20726;1.8442;2.25897;-1.60826;-1.70128;0
0.627786;1.78292;-2.20893;2.11105;1.7181;-1.83399;-1.9512;1.53544;2.13092;2.00896;1.79709;-1.95173;-1.99886;1.98293;1.85275;2.25785;2.1736;1.82896;2.35281;1.97101;-2.15645;-2.13371;1.27262;1.85245;1.71187;2.08004;-1.81527;1.8405;2.05113;-2.09974;2.06901;-1.84045;-1.89399;-1.8872;-1.80742;-2.12703;1.66229;1.91254;1.81843;-2.05883;-1.80245;2.10201;2.09637;1.6198;-1.53028;1.6528;1.7055;-2.30167;-2.10313;0
-0.651345;1.88375;1.98783;2.28749;1.83245;-2.12258;-1.78117;-2.0741;-1.5307;-1.88628;-2.09885;-1.94015;1.88897;1.71785;-1.92191;-1.80288;-1.96615;1.80375;2.03824;2.02021;2.0354;1.86001;2.13117;1.84823;-1.78035;1.74158;2.06656;2.00974;1.81988;2.29497;2.00901;2.07586;-1.96251;1.74648;1.86811;-1.91608;2.1419;1.78675;-1.68464;1.68532;2.12869;-2.12252;-1.72685;1.76311;-1.91417;1.55914;1.8948;-1.7194;-1.89892;0
-0.651345;1.84641;2.11845;1.64791;1.81607;-1.87287;-2.04643;-2.02562;-1.96783;-1.91912;-1.84288;-1.69142;2.02511;1.98048;-1.89291;-2.07212;-1.91126;1.78835;1.85905;1.8649;1.79851;2.08373;1.99505;2.07922;-1.64959;1.84218;1.88425;1.99284;2.02529;1.95481;2.10718;1.83141;-1.71598;2.06454;1.75577;-1.94701;1.75842;1.80318;-1.96583;2.14722;1.82675;-2.09762;-1.92391;1.91215;-1.85117;1.87814;1.86109;-2.00506;-1.84928;0
-0.651345;1.91879;2.17449;1.78253;2.23518;-2.05318;-2.0648;-2.04529;-1.77435;-2.06822;-2.1663;-1.76668;1.75607;2.20207;-2.34783;-2.46847;-1.76811;1.83547;1.8506;2.03924;1.84133;1.61414;2.06492;2.03985;-2.11822;1.69344;2.06421;2.0893;2.28878;1.8853;1.95009;1.65487;2.06162;2.09644;1.7123;-1.56736;1.90291;1.83682;-2.10977;2.30425;1.93644;-1.97593;-1.97126;1.80704;-2.19638;1.83058;2.1237;-2.05444;-2.00668;0
-0.651345;1.5856;1.87223;2.19934;2.05057;-1.85784;-1.92766;-1.87217;-2.06326;-2.00202;-2.03524;-1.88132;1.85218;1.9;-2.11163;-1.61549;-1.98166;2.13368;1.80064;1.69083;1.88759;1.59158;1.89661;1.89679;-2.27891;2.12296;2.16291;1.75721;2.16025;2.03581;1.72907;1.96448;1.8396;1.84744;2.01089;-1.99878;2.33373;1.70881;-1.74806;1.27744;1.56423;-1.8322;-1.97743;1.85603;-1.96392;1.89961;2.1466;-1.82778;-1.98492;0
-0.651345;2.19086;2.2429;1.87814;1.8317;-1.54347;-2.02394;-2.02391;-1.81022;-1.74081;-1.91637;-2.23772;1.77776;1.74763;-1.88695;-1.88076;-1.88187;2.01845;2.04492;2.06823;1.98061;1.97786;2.04392;2.13916;-2.08697;1.88763;2.12913;2.22268;2.04161;1.94503;2.22963;2.25363;2.22923;2.02515;1.97026;-1.48012;1.91193;1.60833;0.714752;2.15037;2.206;-1.99941;-2.1285;2.08105;-2.245;1.93983;1.62686;-1.80161;-1.77634;0
-0.651345;1.71275;1.73392;1.96467;2.07544;-2.24359;-2.04913;-2.22437;-2.19004;-1.81458;-1.9087;-1.92891;1.88312;2.21695;-1.85847;-1.68005;-2.04838;1.51817;2.02749;2.03651;1.98665;1.69715;2.08959;1.84303;-1.80368;1.98343;2.17978;1.7644;2.07281;2.15059;1.93443;2.49402;1.95731;1.83534;1.9231;-1.90157;2.11004;2.02494;2.02169;1.88739;2.04982;-1.81668;-2.12037;2.10955;-1.45488;1.78728;2.16561;-1.70508;-1.70206;0
-0.651345;1.80378;2.1177;2.16882;2.12;-1.63583;-2.18809;-2.09197;-2.10047;-1.83491;-1.86862;-2.26658;1.99378;1.66462;-2.26674;-2.04993;-1.86883;1.78646;1.88387;1.94066;1.99559;1.90169;1.93555;1.48117;-2.25033;1.99228;1.74813;2.03061;2.00605;1.85587;1.93128;1.72429;2.00071;2.10978;2.26288;-1.63344;2.21081;1.65168;1.676;1.86299;1.97241;-1.82894;-2.02709;2.28564;-1.47856;2.10711;1.94684;-2.27399;-1.79588;0
-0.651345;2.18221;1.97338;2.01198;2.11331;-1.75308;-2.0749;-2.20107;-1.99787;-2.23763;-2.16225;-1.90321;1.73563;1.75516;-1.99703;-1.53819;-2.11924;2.20846;2.04466;1.85683;2.11504;2.02626;2.29801;1.78227;-1.7694;2.0732;1.68736;1.97344;2.22748;1.8244;1.95405;1.82862;1.83859;1.77317;1.87755;-1.77895;2.24847;1.96406;1.95398;1.97398;1.92903;-2.06169;-1.77686;1.84067;-2.11981;1.48036;1.67858;-1.78298;-1.95531;0
-0.651345;1.87144;2.17429;2.01901;2.14583;-2.02862;-2.0709;-2.02433;-1.93165;-2.10523;-1.85637;-2.03194;2.19873;1.36669;-1.76913;-2.02573;-1.73193;2.05163;2.0508;2.1508;2.04982;1.91852;2.06151;2.1174;-2.0208;2.07165;1.7978;1.97563;2.19581;1.82431;1.94326;1.92474;2.05286;2.11657;1.92889;-1.66278;2.14141;2.13778;1.83305;2.33078;1.7842;-1.51705;-1.83964;1.58456;-1.37194;1.72103;2.0387;-2.11462;-2.16458;0
-0.651345;1.87931;1.76369;2.01341;2.15417;-1.39762;-2.16064;-2.09763;-2.03325;-2.18368;-2.02154;-1.99484;1.53277;1.92973;-2.08;-1.8245;-1.68665;1.78965;2.01069;2.01151;2.309;1.85407;2.1201;1.89151;-2.03525;1.70184;1.98974;1.56868;1.92208;1.6598;2.12841;2.04669;1.73457;1.99109;2.08897;-2.12221;2.04278;1.74482;1.95009;1.95472;1.95727;-2.17808;-2.17242;1.9265;-1.8271;1.90677;1.62618;-2.16621;-2.09334;0
