0.93306;1.07585;-0.871316;-0.491374;-1.06452;0.131632;0.424434;0.860471;0.618963;-0.471159;0.0121612;0.828483;0.539487;-0.721384;-0.795034;-0.704955;-0.585035;-0.215744;1.03442;-0.79398;-0.181134;0.574873;-0.357519;0.973626;-0.797612;-0.710829;-1.13374;0.637843;0.188064;-0.574685;1.09356;0.536121;0.140003;-1.10092;0.0622658;-0.568713;0.112612;-0.348243;0.32973;-0.99041;-0.0237253;0.642697;0.112129;-0.956561;-0.637778;0.73983;0.803976;0.142583;0.307133;0
0.93306;-0.196218;-0.296267;0.938703;0.0923388;-1.08523;0.428932;1.27512;0.37495;-0.884301;-0.176366;0.295889;0.0596244;-0.302223;-0.848239;0.514543;1.13783;0.975203;-0.336242;0.605775;0.610085;0.270486;-0.824023;0.247791;-0.604674;-0.197034;0.123958;-0.386073;-0.443885;-0.735214;-0.301739;-0.315773;0.378639;0.421647;1.0525;-0.581086;0.648784;-0.339673;-0.246374;-0.357483;-0.168459;-0.0227861;-0.882915;0.600666;0.440746;-0.602852;-0.507531;-0.152096;0.587109;0
0.93306;-0.0642652;-0.7313;-0.817335;0.0809018;0.062598;0.28231;-0.323559;0.997156;0.853612;-0.481264;0.054053;-0.460573;-0.630021;0.205866;1.1469;0.0215053;-0.725606;-0.739091;-1.21547;-0.410057;0.239395;-0.495783;-0.267379;0.319609;0.00960915;-0.233166;-0.931287;-0.466471;-0.29835;0.252107;-0.0606904;0.315879;0.568961;-1.018;-0.314965;0.454085;0.0239114;-0.52711;0.46075;0.522018;-0.513859;0.148508;-0.80611;1.38362;0.696388;-0.254476;-0.167592;0.0518071;0
0.93306;0.604729;0.628261;0.525675;0.59238;0.502823;-0.460825;-0.120108;-1.09535;1.00453;0.0268439;0.527899;-1.2281;-0.565886;0.160075;0.767411;0.38923;-0.61723;-0.481522;-0.305476;-0.099846;0.91849;0.745893;-0.11656;-0.305394;0.894899;-0.782879;0.422382;-0.520763;-0.734344;-0.680959;-0.671027;-0.455121;0.522645;0.984044;-0.953662;0.19901;0.241511;0.0489401;0.317523;-0.19244;0.876959;-0.0710386;0.882734;-0.218792;-0.692246;0.139489;0.821808;0.854255;0
0.93306;1.05704;0.451987;-0.21084;-0.279235;0.316003;0.0258043;-0.653629;1.21998;0.879023;-0.182163;0.626556;-1.01394;-0.91657;-0.825784;-0.245453;-1.15946;-0.330908;-1.02363;0.509737;0.728412;0.892261;0.692348;1.16801;-0.0722863;0.678218;0.617399;0.558333;-0.498888;0.976805;0.336698;0.132073;-0.654779;-1.20813;-0.831879;0.537803;-0.831379;0.269261;0.255167;-0.543512;1.18546;1.04181;0.363822;0.924507;-1.12727;0.193958;-0.377847;-0.925318;-0.991045;0
0.93306;-0.355917;0.258871;-1.21565;-0.103409;-0.650703;-1.28123;-0.835162;-0.789406;-0.363919;-0.5734;0.283343;-0.638264;-0.269917;-1.42277;-0.638336;0.823118;0.856136;1.01186;0.940843;-0.485236;-0.735166;-1.23316;-0.342137;-0.355868;-0.568032;0.524413;-0.369276;0.292372;-0.358755;0.869004;0.365684;-0.460103;-0.237842;0.659005;0.0600227;0.0843885;0.0980846;0.594638;0.477462;-0.442882;0.382474;0.889779;1.07309;1.32284;0.135972;-0.569338;0.46186;1.12861;0
0.93306;1.09111;-0.509265;-0.786826;-0.293662;-0.64537;-0.762734;-0.407375;-0.494368;0.63929;0.684782;0.350167;1.28622;-0.0774782;-0.472797;0.708534;0.644513;-0.195101;-0.937398;-0.570255;0.179952;-0.195298;0.0661146;1.21983;0.145187;-0.541589;0.612862;-0.14563;-0.132572;1.26414;0.838668;0.763687;-0.9253;-0.815324;-0.0508022;0.598927;0.872648;-0.314006;0.186428;-0.576381;0.836924;0.817623;1.22925;0.862172;0.437016;-0.84284;0.027685;0.93791;0.404169;0
0.93306;1.13634;0.506758;-0.298049;0.714282;0.173174;0.147361;-0.278419;0.714658;0.304799;0.127442;-0.709698;-0.505988;-0.101981;-0.274193;-0.416586;0.276001;0.278918;-0.945718;-0.980863;0.735917;-0.472361;-0.45258;0.486393;0.286108;0.612901;-0.195917;0.692986;1.00992;-0.182535;-0.315175;0.400729;1.03525;-1.04276;-0.870482;1.02032;0.594502;-0.764581;-0.0965178;0.0962545;-0.209456;-0.645923;-0.382547;-0.260753;-0.00419411;-0.440136;-0.941864;-1.18795;0.779958;0
0.93306;-0.0610405;0.0956424;-0.708453;-0.0635538;-0.471116;-0.0454188;0.421551;-0.0736138;-0.909877;-0.90394;0.0422463;0.0757895;-0.761263;-0.799139;-0.25906;-0.0940235;0.531323;0.362401;0.333875;0.0220412;1.10496;-0.757699;-0.277056;-0.283345;-0.0113447;0.165732;0.266962;0.570365;1.00928;0.599875;0.720699;0.143861;0.489892;-0.861858;0.133248;0.993794;0.00950666;-0.331779;-0.170754;-0.924047;-0.677232;-0.349267;0.55494;0.305278;0.597388;-0.830509;0.678514;-0.869317;0
0.93306;0.728925;-0.722845;-0.167908;0.459464;0.18788;0.417519;-1.31957;-0.571372;-0.757352;-0.690148;-0.741939;-0.545525;-0.973574;0.118629;-0.286726;-0.298259;0.30313;-0.751387;0.261433;0.540428;-0.265216;0.833169;0.666447;0.0840078;0.538151;0.324097;-0.704957;0.550802;0.334347;0.325522;0.581226;1.3571;-0.115555;-0.76535;0.686151;0.604425;0.203222;-0.175486;0.471481;0.184908;0.607205;0.595059;1.00854;0.427719;-0.976108;-0.845227;-0.370491;0.410187;0
-0.646967;-0.638036;0.214378;0.420921;-0.260699;0.00193536;0.376652;-1.1931;0.00573642;-0.431417;0.636954;-1.05244;0.182619;0.6764;0.0157622;-0.406894;0.064053;-0.402538;0.271584;0.489841;-0.831589;0.390414;0.81759;-0.250248;-0.80889;-0.37829;-0.382504;-0.387558;0.144701;-0.646369;0.941637;0.33064;-0.254835;0.223606;0.896357;-0.720317;-0.986581;0.300198;0.528862;0.759383;-0.000827294;-0.347814;0.0565122;1.20083;-0.433742;0.528405;-0.0745424;0.404335;-0.490478;0
-0.646967;-1.04312;-0.669934;-0.255503;-0.703566;-0.755523;-0.731597;0.100682;-0.444395;0.91124;0.664366;0.756224;-0.601666;-0.303776;-0.372438;0.423951;0.597309;-0.882016;-0.76506;-1.07629;0.704873;0.189061;0.0929481;0.529537;0.623702;0.468958;1.08062;-0.10994;0.665424;0.716568;0.899033;0.297255;0.437152;0.530158;-0.0706731;1.02654;0.311283;-0.75594;-0.0938179;0.0230607;-0.983429;-0.599229;-1.38616;-1.38037;0.64013;0.418181;0.786627;0.235417;-0.155491;0
-0.646967;0.913563;-0.0558485;0.0806938;0.735691;0.0367441;0.409039;0.344943;0.667168;-1.03364;-0.55342;0.617833;0.220319;0.938985;0.520339;0.782103;0.78461;-1.20001;0.889915;0.564835;-0.0185261;0.975462;0.582691;-0.705146;1.10348;1.09998;0.290397;-0.0637176;-0.781708;0.226936;0.324321;0.597672;-0.796703;-0.990649;0.504509;0.0905608;-0.52582;0.235415;0.64995;1.06549;1.02929;-0.781553;-0.643922;-0.379306;-1.29244;-0.768576;-0.561311;-1.05719;-0.76578;0
-0.646967;-1.15318;-0.955612;0.673743;1.77844;0.796943;-0.648288;-0.296869;-0.332597;0.178986;-0.608142;-0.465715;-0.8755;-1.38617;-0.47191;-0.219182;1.18033;-0.58691;-0.519962;-0.403151;-0.238956;-0.849021;0.488865;-0.134171;0.412338;-0.743999;-0.85107;-1.55352;-0.336695;-0.596373;1.17145;0.569609;-0.305794;-0.802176;0.0352533;0.300203;-0.792969;0.820127;-0.254471;-0.0689058;-0.168381;-0.872769;-0.879959;-0.438394;0.0633619;-0.331147;-0.229324;0.0702273;-0.472585;0
-0.646967;-0.853251;-0.999034;-0.163495;-0.486457;-0.0133461;-0.91738;-0.238486;0.784589;1.07303;0.588495;-0.00236384;0.157415;1.14707;0.412157;-1.08384;-0.268715;1.12856;0.868694;0.30088;0.722813;-0.730278;-0.424033;0.410253;-0.0344261;-0.353614;0.577257;0.585689;-0.0344714;0.480673;0.0445366;-0.368498;-1.12712;-0.383154;0.442844;-0.0155961;-0.130089;0.535162;0.220795;-1.21135;-0.741815;-0.217361;-0.902274;-0.816469;0.624426;-0.679687;0.985935;0.401979;-0.316932;0
-0.646967;-0.962652;-0.226046;-0.321406;-0.969789;-0.430262;-0.00633869;-0.100286;0.48215;-0.330641;0.237462;0.44169;-0.169947;0.115018;-0.448994;-1.21792;0.280875;0.451973;-1.13538;-0.645834;-0.455295;0.690289;0.933242;0.748755;0.657291;-0.80687;0.286404;-0.0711344;-0.0692332;0.172863;-0.822536;0.324756;1.17247;0.202955;0.149707;0.808598;-0.380034;0.0702582;0.300219;0.257776;-0.844994;-0.899402;-0.762879;-0.114674;-0.972276;0.114167;0.172049;0.759803;-1.20043;0
-0.646967;-0.380543;-0.560225;0.809874;1.02652;-0.0650027;0.0174151;-0.213913;-1.08116;-0.689675;0.913823;1.4004;-1.1766;0.311911;0.505662;0.795854;1.01277;0.612702;-0.541173;-0.238966;0.172653;0.313339;-0.586866;-0.361536;0.822891;-0.956978;0.316222;0.86008;0.0902086;0.568241;-0.477036;0.13839;-1.12929;-0.786354;-1.17725;-0.445385;-0.543922;-0.746213;-0.449155;-0.430487;-0.494643;0.306168;0.505834;0.642894;0.76625;0.22029;-0.890806;-0.0384787;-0.484665;0
-0.646967;-0.739047;-0.293603;0.370022;0.340906;-0.810794;-0.563379;0.00543597;0.505092;0.382755;0.431782;-0.65587;0.689186;0.945849;0.272302;-0.265443;0.300903;0.679951;0.265733;-0.594847;-0.0308643;0.068894;-0.611735;0.375837;-0.238084;-0.17818;-0.416407;0.234828;-0.0421303;0.149209;0.487361;0.205667;-0.732144;-0.500192;0.27551;0.23206;-0.152048;0.512514;-0.825746;0.551454;-0.833481;-0.512481;0.0504355;-0.950706;1.43439;0.889546;0.168278;1.13295;0.033696;0
-0.646967;0.309667;1.18244;0.484296;0.474693;0.795747;0.466742;0.34485;0.902568;0.00289721;0.276506;0.807961;-1.17764;-0.651866;-0.526604;-0.483574;-0.187536;-0.612116;-0.204555;-0.20116;1.18166;-0.0342411;-0.478351;-0.458715;0.277434;0.381729;-0.078308;-0.132193;-0.355339;0.400127;-1.17136;-0.639958;0.51379;-0.608624;0.2793;0.62129;-1.31885;-0.839319;-0.655175;-0.726432;0.325469;0.939021;-0.787152;-0.0818093;-1.11727;-0.817434;0.385281;0.0911979;0.129557;0
-0.646967;0.0674153;-0.131222;-0.071402;-0.186707;-0.0381225;-0.568764;0.0145812;0.571657;0.227911;0.160757;-0.408936;0.677146;1.06437;0.577095;-0.49935;-1.17795;0.0355214;0.00891713;-0.862509;-0.508979;-0.509775;0.18964;-0.798352;-0.322566;1.08751;0.432507;-0.561015;-0.334282;-0.859691;-0.846729;-1.19964;0.45923;0.788654;-0.298607;-0.690171;0.706892;-0.277501;-0.513863;-0.717337;-0.159892;-0.0090728;0.722485;-0.0720618;-0.348898;-0.183307;0.457624;0.123561;-1.25367;0
0.305234;-0.39221;-1.45003;-0.457429;-0.910132;0.256716;0.962586;-1.01115;-0.00444249;-0.043349;1.04773;0.781171;0.568906;0.923711;0.558896;1.24657;0.198907;-0.142832;0.957766;0.0744004;0.425143;-0.903524;0.277576;-0.501971;-1.27721;-0.933004;-0.340374;-0.565055;-0.982148;-0.411677;-0.0298979;0.169197;-0.551119;0.873101;0.744852;0.387249;-0.348799;0.413497;0.125838;0.269796;0.446832;0.763344;0.904154;1.04778;-0.70128;-0.690551;-0.101773;0.77153;0.970753;0
0.305234;-0.860728;-0.68203;-0.0970279;-0.401845;-0.504189;-0.675785;0.477948;1.21843;0.696866;0.0586807;0.601913;0.626358;-0.831715;0.282552;-0.482676;-0.0652672;-0.211698;-0.532979;-0.0631924;0.566195;-0.569545;-0.265681;-0.743202;0.126162;-0.846057;0.265969;-1.27142;-0.58864;1.00013;-0.477273;-0.222523;0.326052;-0.908611;-0.149345;-0.121135;0.749924;-0.39751;-0.745313;0.077113;-0.728982;-0.808713;-0.948906;-0.902623;-1.08893;0.571491;0.918794;0.722245;-0.431176;0
0.305234;0.235446;0.93851;0.145345;0.248714;0.964258;-0.432642;0.254955;1.08483;0.693103;-0.321244;0.760701;1.22517;-0.714852;-0.0498687;-0.807073;0.575029;0.310969;1.31217;-0.16022;-0.215122;-0.29215;0.818487;-0.6572;0.0342013;0.821518;-0.463735;-0.533556;0.416089;-0.969548;-0.597486;-0.0208184;1.06119;-0.404367;-1.09391;-0.61808;-0.425618;0.184246;-0.0335936;0.820412;0.0411109;-0.100483;0.871172;-1.08174;0.0254452;0.360634;0.628905;0.612998;0.690231;0
0.305234;-1.09929;-0.428998;1.21432;0.173379;-0.725173;-0.507769;-0.299568;0.27203;-0.539829;0.18101;-0.503706;-0.465789;0.94034;-0.0220217;-0.742997;-0.616831;0.541093;-0.103887;0.923547;1.03303;0.31113;0.758063;-1.09236;0.415148;0.339487;-0.65246;-0.605757;0.891986;0.848627;0.949102;0.274882;-0.85451;-0.00839789;-0.274902;-0.451418;-0.533786;-0.245308;-0.194136;0.385134;-0.0983391;0.252801;0.230791;-0.469128;0.647149;0.325598;-0.927;0.262423;-0.65987;0
0.305234;-0.0946575;0.151869;0.657467;-0.304681;-0.089969;-0.00921582;0.395636;0.163516;0.158842;0.90321;0.531548;0.263714;0.604159;0.996721;0.801656;0.189178;-0.0585001;0.969059;-0.709762;0.162153;0.130625;0.202891;-0.217982;-0.642612;-0.307688;0.687311;-0.33046;-0.767206;-1.05887;-0.405866;-1.00445;-0.375519;0.365968;-0.207546;0.0534036;-0.490906;0.365791;0.279876;0.408584;0.331624;0.414895;-0.265108;-0.265976;-0.511471;1.18422;0.910773;-0.75682;-0.856338;0
0.305234;-0.461222;-0.839326;-0.756716;0.304148;-0.381261;0.52587;0.786915;0.143419;-1.0656;-1.09002;1.15445;0.943396;0.54855;-0.203567;0.712691;0.363654;1.12481;0.926423;-0.62232;1.00723;1.05525;-0.889552;0.0103343;-1.1144;0.919487;0.588839;-0.37189;-1.2006;-1.21565;-0.417916;-0.218652;1.20473;0.83682;0.604131;-1.3112;-1.0755;-0.0981261;-0.247354;0.832249;0.0175384;-0.304135;-0.989004;-0.037378;0.222263;0.103631;-0.404582;0.00557663;0.296856;0
0.305234;0.760913;0.804889;0.0130129;-0.267226;-0.650227;-0.633934;0.807834;0.917641;0.0573769;-0.272548;-0.590589;0.156335;0.649193;-0.233116;-0.899831;0.3862;1.05971;0.825347;-0.802919;-0.109981;-0.530377;0.770292;0.74874;0.21261;0.255907;0.482185;0.327536;1.3951;-0.837798;-0.720842;-1.34691;-0.664408;-1.03408;-0.446362;0.104719;0.237605;-0.90484;0.572106;0.0259997;-0.66017;0.487632;-0.0434693;0.539483;-0.881094;-0.231452;0.269042;-0.272753;0.948545;0
0.305234;0.384564;-0.0445694;0.350905;-0.38946;0.00731209;0.470121;1.44005;0.944637;0.0190276;0.439264;-0.10146;-1.0586;0.470468;0.364518;-0.252163;0.169777;1.10551;0.861333;-0.152525;0.831816;-0.0817306;-0.351014;-0.770558;1.15181;-0.791826;-1.039;0.304584;-1.02456;-1.17811;-0.519417;-0.291948;-0.510677;0.353552;0.362478;-0.679511;0.296322;0.332724;0.169688;0.336896;-0.87681;0.203648;0.712108;0.829449;0.111381;0.776978;0.787167;1.16927;-0.962826;0
0.305234;-0.148496;-1.30499;-1.31176;1.0558;-0.187465;-0.449515;-0.841976;-0.708689;0.193395;0.916919;-0.586622;0.620838;0.95206;-0.645844;0.283999;-0.10552;0.175144;0.0377022;0.0242072;1.22944;-1.13932;1.17686;-0.2278;0.38164;1.04937;-1.04298;-0.487128;-0.58094;0.390551;-1.16626;0.451943;0.47888;-0.131064;-1.0168;-0.654403;0.579727;-0.0266744;0.065465;-0.209524;-0.18243;0.000353657;0.111744;-0.224016;0.798908;0.957852;-0.617915;0.581314;0.843154;0
0.305234;0.5495;0.488992;0.294948;-0.264608;-0.192723;0.25844;1.37824;0.70666;0.417289;0.428242;-0.439351;-0.909155;0.341305;-0.545376;0.337107;0.150134;0.156978;0.782589;0.539364;-0.314072;0.44315;0.756535;-0.521389;0.258897;-0.14896;-0.729919;0.448752;-0.814033;-0.236755;-0.143354;-0.0467305;0.32142;-1.12439;-0.0483377;-0.626052;-0.737491;-0.380445;0.624628;0.246998;-0.240271;-0.0916123;0.18259;-0.255538;-0.568498;0.857696;0.61461;-1.14908;-1.25186;0
-0.678065;0.366437;-0.334822;0.944241;-0.485979;0.699987;-0.630218;0.70889;-0.525601;-0.35796;0.736735;0.801168;1.52988;-0.896835;-0.866588;-0.43995;-1.17251;0.679451;-0.378496;1.11938;-0.228276;-0.894683;0.0389561;0.221172;-0.56979;-0.667835;0.561917;0.190696;0.419761;0.390248;0.246428;0.660993;0.170703;0.316157;-0.633795;0.536655;-1.01457;-0.731447;-1.18476;-0.584861;-0.168259;0.397795;0.667684;0.696939;-0.837927;0.610671;0.979739;-0.924066;-0.914559;0
-0.678065;0.347984;0.491381;-0.833426;0.204376;0.365127;0.512492;0.625627;0.671514;-0.70741;-0.97357;-0.293609;0.951243;0.439877;0.962011;0.108907;0.0795992;0.40907;0.0333492;0.890094;-0.09503;0.697765;-0.52029;0.33512;0.120722;0.857682;0.0441421;-0.338713;0.162179;0.173498;0.535706;0.816213;1.07917;-0.619201;0.00549261;-0.620264;0.248981;0.625744;0.324948;-0.612348;0.562669;0.894997;-0.38766;-0.623697;0.0140031;-0.510647;0.0146713;0.491123;0.509566;0
-0.678065;-0.7081;-1.01421;0.0410625;0.578895;0.683033;-0.781003;-0.489864;0.0500841;-0.590734;-0.364961;0.572302;-0.551425;0.0809188;-0.85894;-0.548769;-0.471378;-0.773307;0.94444;-0.0908016;-1.06357;-0.527453;0.64808;-0.423224;0.614063;0.627789;0.0419346;0.265896;-0.914818;-0.547315;-0.970573;-0.161547;-0.054712;-0.676116;-0.733987;-0.487674;-0.47647;-0.380159;-0.780969;-0.0157697;-0.386041;-0.0669422;-0.269102;-0.0671464;-0.260114;-0.357167;0.658236;-1.25537;-0.180441;0
-0.678065;0.132194;0.432346;0.791174;0.946505;-0.462487;-0.414317;-0.106218;0.134947;-0.957869;0.0224256;-0.787321;0.453671;-0.63895;-0.969388;-0.523836;-0.562937;-0.698998;-0.420499;-0.440781;-0.993518;-0.0978618;-0.197451;-0.15817;0.696914;0.650487;0.87657;-0.0728531;1.1211;0.74921;0.0056039;0.985431;0.327642;-0.653132;-0.794045;0.775039;-0.66931;0.78098;-1.10914;-0.502035;-0.40066;0.826087;0.00479316;-0.162073;-0.54452;0.679258;0.700207;0.0443954;0.224447;0
-0.678065;-1.21217;0.0748574;0.240055;0.0350868;-0.304197;-0.500293;0.622829;0.658615;-0.559409;0.373285;-0.0626743;0.64115;0.445762;0.767373;1.28253;-0.115169;-0.374859;-0.793783;0.743861;-0.266786;0.280364;0.296281;1.1762;-0.162717;-0.195952;0.783976;-0.992014;0.00289116;-0.311425;0.642923;-0.497182;1.07869;-0.0115019;0.338665;0.574604;0.693515;-0.0203031;1.00165;1.29955;1.16286;0.689203;0.285774;0.492396;0.765562;0.503394;-0.0394289;0.126484;-0.896438;0
-0.678065;-0.836876;0.748687;0.240854;1.08727;-0.884094;-0.48015;0.764045;-0.961655;-1.36087;0.48896;-0.60515;-1.06183;-0.404084;-0.429984;-0.768631;-1.11809;0.567447;-0.732879;0.0633981;-0.378372;-0.571297;-1.17806;-0.350088;0.557834;0.618769;0.639033;0.772869;0.524653;0.593409;0.880741;-1.20183;0.191283;1.15224;-0.102155;-1.06764;-0.170809;0.741491;1.10509;0.770936;0.987577;-0.140024;0.841477;0.493845;0.518544;-0.402526;-0.825776;-0.652002;-0.941074;0
-0.678065;0.408072;1.15094;-0.403135;1.08002;0.854456;0.869478;0.654628;-1.34116;-1.23906;-0.699752;0.94476;0.427433;0.655028;-0.639019;0.448199;0.805862;-0.260492;-0.0857181;-0.820771;0.776398;0.139507;-0.726971;0.84217;0.329779;-0.224731;1.05132;1.05826;0.995719;0.691529;-1.24143;-0.938416;0.0485748;-0.440646;0.0310489;-0.0895357;-0.165754;-0.801424;0.864878;0.650652;1.05838;0.0346043;0.0983747;-0.774868;-0.794667;0.54941;-0.0175431;-0.559894;0.225114;0
-0.678065;0.152576;0.764913;0.0118729;-0.927543;-0.496326;-0.771678;-1.21395;-0.968653;-0.533633;0.0159249;-0.876079;0.163387;-1.05273;-0.147688;-0.726316;-1.10954;-1.06027;0.303025;0.708146;0.497363;-0.988694;0.0746481;0.292299;-0.0298803;1.04485;0.194849;0.0392058;1.04473;-0.592666;-0.483366;-0.719262;-0.351339;-0.0084934;-1.03531;-0.226552;0.619265;0.707193;-0.364546;-0.156178;0.877358;-0.29636;-0.661788;-1.34258;-0.03836;0.781252;0.69394;0.105969;-0.44834;0
-0.678065;0.904583;0.0351472;0.593205;0.62688;0.267138;-1.1911;0.0657049;1.26847;-0.692998;-0.00530528;0.397559;0.104628;-0.732394;-0.377357;-0.889224;-0.348942;0.20798;0.721743;-1.09676;0.667887;0.761214;0.574181;1.13453;0.58147;-1.47048;0.820623;-0.458634;-0.551994;-0.398958;0.0373277;-0.281938;0.0956786;0.535675;0.220675;-0.183486;0.0854655;-0.043194;-0.658749;-0.58107;-1.01294;0.429269;0.678084;0.786511;0.644903;-0.246967;-0.64182;-1.0287;-0.837939;0
-0.678065;-0.12278;-0.21396;-1.04615;0.732916;0.838716;0.563814;-0.0120515;-0.0649664;0.353882;-0.572797;-0.114605;1.12724;0.545653;0.953326;0.811991;0.552072;0.0220522;-0.0670199;0.133401;-1.21283;0.0710546;0.474181;-0.780657;-0.696846;0.915232;-0.365374;-0.147193;0.482589;-0.66612;0.215587;1.03551;1.00708;0.502928;-0.0908973;-0.852259;0.295032;-0.204845;0.326485;0.478123;0.396397;-0.333606;-0.790745;-0.796959;-0.93418;0.589084;0.417817;0.218799;0.777604;0
-0.518431;0.842751;-0.0102857;-0.850558;0.410871;0.837542;0.201726;-0.374389;0.527321;0.932954;0.284879;1.12883;0.136468;-0.0138798;0.729008;0.268792;0.894744;-0.901429;0.728332;0.653169;0.132373;-0.274558;0.87435;1.07612;0.839342;-0.087989;0.0662235;-0.0278724;0.455832;0.63679;0.272348;-0.421398;1.13943;0.911815;0.227231;0.789587;0.330951;-1.25745;-0.8817;0.935391;0.701688;0.699714;-0.997186;-0.380283;0.609563;-0.65859;0.582823;-0.612183;-0.122907;0
-0.518431;-0.353483;0.492592;0.598349;-0.224774;0.93107;-0.733885;-0.117831;0.0404453;0.138063;0.485383;0.799823;-0.4415;0.00478855;-1.16243;-0.700638;-0.743718;0.733695;-0.817699;0.753052;0.0741998;0.240849;0.406879;-0.839395;-0.760593;0.38034;0.770493;0.132563;1.04592;0.883779;0.956465;0.530173;-0.858402;-1.16869;-0.298622;-0.901151;-0.76838;0.552739;-0.283292;1.00713;0.601145;-0.738295;-0.317068;-0.273034;0.323324;0.309428;-0.614574;-0.494532;-0.784745;0
-0.518431;0.934143;0.819505;0.363154;-0.604398;0.0311177;0.845422;0.592719;0.352355;-0.803474;0.519155;-0.403028;-0.604008;-0.907268;0.0504156;0.249123;0.294866;0.323828;0.619475;0.179238;-0.661859;0.612687;-0.3761;0.63918;-0.256137;-0.404253;-0.64485;0.659772;1.3993;0.818996;0.447913;0.0957387;-0.478042;-0.489088;0.288877;1.09402;-0.528837;0.0540921;0.749529;-0.492371;-1.05553;0.106421;0.356489;0.114371;-0.205678;-0.131183;0.941242;0.609571;-0.844822;0
-0.518431;0.10453;1.10407;0.161013;0.231703;0.254639;0.615002;-0.243513;-0.510194;-1.2713;-1.42758;-0.682859;-0.760158;-1.01932;-0.133603;0.160995;-0.757434;0.292107;0.962707;0.147511;-0.557614;0.291759;-0.962072;-0.943789;0.598071;0.953786;-0.337164;-0.0733917;1.21953;0.143399;-0.619757;-0.169437;-0.664552;0.217414;-0.164051;1.10587;-0.777853;-0.785695;-0.525702;-0.410624;0.144248;-0.0317485;0.487491;-0.985773;0.064495;-0.158492;-0.0755787;0.445348;0.238457;0
-0.518431;-0.223176;-0.00244174;-1.02839;-0.104063;0.40441;-0.664611;-0.973611;0.0186521;0.66121;0.066297;1.13395;0.0512025;0.79441;-0.474061;-0.80405;-0.0478828;-0.0287004;0.188493;-0.300008;-0.779875;0.393069;1.0861;0.60281;0.193626;0.456429;0.296088;-0.462521;-0.56552;-0.228954;0.606089;0.794419;0.827247;1.01572;0.959602;0.911931;1.0743;-0.449025;-0.34302;0.14624;0.937133;-0.288505;-0.266631;-1.18617;-0.589991;-0.509427;-0.700948;-0.189428;-0.490672;0
-0.518431;-0.904021;0.3097;0.861986;0.50835;-1.20245;0.195261;0.180308;-1.00627;-0.0310573;-0.762352;-0.753061;-0.0934289;-0.387684;-1.08776;1.36278;-0.800327;-0.0243864;0.197785;-0.196477;-0.691097;-0.440743;0.94709;0.37599;0.161768;-0.151286;-0.45908;-0.0555542;0.987537;-0.854934;-0.32264;-0.494653;-0.224317;-1.36753;-0.0242506;-0.690901;-1.17957;-0.535047;-1.20212;-0.953956;0.291823;0.459058;0.425805;0.35295;-1.38143;-0.165326;0.975903;-0.500955;0.0681213;0
-0.518431;0.316767;0.449651;-0.143773;0.00913394;0.595742;-0.125044;0.312045;-0.395212;-0.703709;0.325414;0.523711;0.808022;1.24606;0.243623;-0.26205;-0.0990911;-0.237613;0.678735;1.09749;0.672388;-0.235932;0.478962;-0.268679;1.00461;0.930372;0.243441;0.145491;-0.0681479;-0.112931;-0.0686868;0.307983;1.00993;0.675878;-0.867585;-0.0112924;-0.307033;-0.647652;-0.306639;0.853601;1.05142;0.981112;0.695607;0.476881;0.527463;1.08637;0.077848;0.0603313;-0.065607;0
-0.518431;-0.841241;-0.0829673;0.344486;-0.526394;1.30018;-0.67157;-0.589203;-0.844325;0.540437;-0.408575;0.989675;0.262676;0.735102;0.356704;0.207804;-0.595022;-0.387324;-0.842198;-0.822496;0.173763;-0.589823;-0.789744;-1.11205;-1.1785;0.642904;-1.05651;0.184053;0.972337;0.102659;0.106897;-0.948459;-0.973552;-1.00169;0.228485;-0.379305;0.582818;-0.223381;0.246084;-0.899578;-0.0158343;0.624826;-0.623341;0.129397;-0.0737032;0.138748;1.03763;0.20875;0.70622;0
-0.518431;0.0307271;-0.175817;-0.0641116;0.00808006;-0.801383;-0.814977;-0.882691;-0.63308;-0.459414;0.940397;0.739592;-0.252757;-0.828386;0.798055;0.842147;0.597918;-0.533282;-0.62858;-0.585328;-1.24693;-0.0952394;0.0706018;-0.760464;-0.268521;0.19543;0.0132104;0.183272;-0.229698;0.604049;0.720552;0.643668;0.0116036;0.348319;0.615114;0.515334;-0.92192;-0.38751;-1.0053;0.574331;0.389826;-0.960292;0.124336;0.599;1.03601;0.436298;0.674713;-0.986655;0.2503;0
-0.518431;-1.02378;-0.307883;-0.384678;-0.843997;-1.01748;-0.607545;0.591064;1.20052;1.195;0.730013;1.11837;0.667905;-0.45833;-0.193806;-0.102929;1.0056;-0.355334;-1.00747;0.0907743;0.684636;-1.02755;-0.710855;-0.213496;1.23572;-0.0692192;1.11806;0.364956;0.7187;-1.07064;0.379896;0.719698;0.869276;-0.620777;0.659612;-0.742712;0.385315;0.248746;1.04132;-0.188764;-0.740004;0.788611;0.650395;0.811462;1.18682;-0.413837;-0.297622;0.138821;-0.584026;0
0.186474;0.882435;0.583141;0.375036;0.0372589;0.651149;-0.603314;-1.00762;-0.741555;-0.187634;0.514781;0.534086;-0.198317;-0.510706;-1.3064;-0.826815;-0.788118;1.02373;0.374038;0.0788057;0.579724;0.308283;-0.220335;0.922331;0.756714;0.456439;-0.326144;-0.365449;-0.522815;0.714212;-0.962009;-1.04902;-1.2045;-0.69067;0.430056;-0.621975;1.36511;-0.393415;0.445998;-0.640915;-0.560092;0.423142;0.124345;-0.317306;-0.359386;-0.59688;-0.278616;-0.964309;-0.778961;0
0.186474;-0.987228;-0.0112949;0.923847;-1.13649;-0.567118;-1.41409;-0.763467;-0.119392;0.63011;1.24388;0.838385;-0.892478;0.935005;-0.190398;-1.02529;1.25419;-0.722224;0.414264;0.674656;0.826954;0.0830687;0.479201;0.561571;0.651413;0.812422;-0.299494;0.409044;-0.264432;-0.858815;-0.90164;0.211125;0.589514;0.184119;-0.345054;-0.367895;-0.0291537;-0.869348;-0.494629;-0.292985;-0.244081;0.590313;0.00751299;-0.1031;-0.526957;1.07835;0.336971;0.274073;-0.486138;0
0.186474;0.0307326;0.0114621;0.996573;-0.354991;-1.12353;-0.383733;-0.873226;0.243609;0.579439;0.249499;-0.827685;-0.231327;0.141764;0.345492;-0.335257;0.855006;-0.760797;-1.11246;-0.561248;0.164272;0.0078536;0.385486;-1.07967;-0.785227;1.1289;1.21197;0.111781;-0.813172;-0.737097;0.762686;-0.213939;0.279267;0.7246;0.128328;-0.588689;0.892902;-0.726749;0.965526;0.874735;0.467364;-0.828208;-0.762595;0.233979;0.447146;-0.487866;-0.226692;0.0980062;-0.327953;0
0.186474;-0.177752;-0.713631;-0.130045;0.00375004;-0.526658;-0.970981;-0.747915;0.669702;0.758721;0.404848;-0.335719;-0.163045;0.346805;1.03894;-0.134354;0.802031;0.39731;0.751829;1.27848;1.30716;0.381092;-0.607604;-0.0877573;-0.102493;-0.589612;-0.522339;-0.412466;-0.658853;-0.154929;-0.78031;-0.950718;-0.90549;1.12409;-0.0729465;-0.55501;0.985244;0.93202;1.14479;-0.043922;0.980299;1.30679;-0.759663;-0.202034;0.193273;-0.0152743;-0.266194;0.461677;0.311513;0
0.186474;0.176521;1.37671;0.724192;0.10928;1.11703;-0.16172;-0.934018;-1.01826;0.233249;-0.94729;0.170475;-0.546148;0.682885;0.413338;-0.727236;0.606343;-0.488267;-0.514447;-0.965313;-0.791755;1.14723;-0.174256;-0.524639;-0.547772;-0.644724;0.263792;0.102118;0.717771;1.06723;-0.764705;-1.01978;-0.952171;0.887235;0.549398;0.442236;0.104664;1.14872;0.949562;0.249647;-0.650485;-0.408932;-0.31999;-0.0708304;0.350009;0.102516;0.299933;-0.607253;0.855465;0
0.186474;-0.246416;-0.377958;0.398014;-0.815259;-0.667541;0.456279;0.171333;-0.825178;0.154263;1.06182;-0.130012;0.269381;-0.0975272;-1.08558;-0.56733;0.0562168;-0.096374;0.311452;0.283095;-0.671671;0.456974;-0.611578;-0.0965333;-0.308464;0.611298;0.839863;0.614948;-0.453129;0.562099;-0.89928;-0.767619;-0.552903;-0.578246;-1.10514;0.433405;0.573898;1.11288;0.638015;-0.717504;-0.380824;-0.822031;-0.866406;-0.0158108;0.0459651;0.0143672;0.0902339;1.0676;-0.107751;0
0.186474;0.352285;-0.589305;-0.320116;0.741739;0.904319;-0.372995;0.488369;0.454901;-0.34748;-1.03954;-0.679309;0.33668;0.169389;-0.542267;-0.0397433;0.623784;-0.972567;0.271434;0.962025;0.0831582;-0.275965;-0.593273;0.293201;-0.255705;-0.279234;0.698238;0.695852;0.170472;-0.306336;-0.80173;0.15516;0.767188;0.704298;1.09896;-0.690561;0.979402;0.946773;-0.492327;-0.0956037;0.572264;0.127881;0.551472;0.903014;-0.00141084;0.00137177;0.575031;0.430126;0.00404542;0
0.186474;-0.382069;-0.302959;0.512104;0.198892;-0.827806;-0.272044;-0.232808;0.543401;0.377347;-0.367715;0.416536;-1.31298;-0.0777968;0.00790401;-0.915504;1.00366;-0.330648;-0.906693;0.859007;0.528375;-0.0882131;1.01087;1.02291;-0.0923861;-0.714676;-0.751073;0.320498;-0.594242;-0.475636;0.328088;0.380786;-0.598612;-0.242048;-0.188313;0.795209;0.818653;0.635463;-0.203457;0.729705;-0.5733;-1.04384;0.797482;0.097666;1.1993;-0.221458;-0.333715;-0.828734;-0.275222;0
0.186474;-0.235063;0.677336;-0.912257;0.648384;0.917866;0.027609;-0.274296;-0.57322;0.325914;-0.207912;-0.400566;0.256022;-0.394552;-0.443498;-0.909598;-0.780038;-0.752269;0.630198;0.0374685;0.83325;0.771851;-0.67903;-0.612879;0.256334;-0.488141;0.915471;1.1807;0.764695;0.945934;0.674176;0.15141;0.41622;0.103486;0.495032;-1.07543;-0.561051;-0.919906;0.414297;-0.926665;0.0623364;-0.816645;1.18062;0.413766;0.821299;0.463751;0.365121;0.805383;1.13421;0
0.186474;0.831086;-0.681545;-1.02156;-0.106921;0.953078;0.802859;0.911769;0.898979;1.01743;-0.176225;1.12799;1.02244;0.472271;-0.582593;-0.396743;-0.0565205;0.963642;1.17763;-0.704809;-0.421257;0.0275241;0.292397;1.11292;0.602265;-0.112967;0.641047;-0.92241;-1.28568;0.584859;0.726393;0.424387;0.540981;0.600917;-0.268412;-0.997854;0.117049;-0.177441;0.696337;0.316513;-0.709995;-0.795728;0.419644;0.629697;-0.632372;-1.27265;-0.788386;-0.175718;-0.411609;0
-0.426664;-1.06194;-1.07629;-0.506261;-0.795581;-1.20344;-0.0177651;-0.246239;0.191021;-0.24166;-0.223398;-0.398366;0.722114;-0.683494;-0.479474;0.187203;-0.60544;-0.68671;-0.0850856;-0.0189869;-0.50544;-0.0626822;-0.17898;-0.226445;0.0393173;0.474686;-0.415345;0.109472;0.184396;0.815929;0.190627;-0.367454;-0.197116;-0.674797;-0.21439;0.587789;-0.758526;0.0724397;-0.3001;0.797471;-0.681638;-1.0253;0.170373;0.821437;-0.484701;0.0627818;-0.64657;1.20139;0.815985;0
-0.426664;0.685996;0.517806;0.250026;-0.975178;0.689044;-0.282059;0.71348;-0.0830127;0.114004;0.102331;-0.0758739;-0.43807;0.741572;0.756844;-0.0376984;0.657563;-0.719612;-1.19176;0.425649;-0.244109;0.568845;0.701568;-1.1557;-0.561166;0.460249;-0.27773;0.501616;1.06913;-0.398371;-0.627692;0.118862;1.27769;0.203116;-0.130354;0.0220425;-0.631074;0.902866;-0.118668;0.303593;-0.100231;0.636293;-0.786683;-0.0962728;-0.590101;-0.877379;0.028295;-0.416366;-0.783863;0
-0.426664;-0.29566;-0.663755;-0.565493;0.586717;-0.288773;0.1959;-1.24581;0.70804;0.539897;-0.539412;0.209617;-0.102874;0.340993;-0.139644;0.691023;-1.24009;-0.770334;-0.510695;-0.00475443;1.03032;0.0633524;-0.707884;-1.07382;-0.241924;-0.871146;-1.03613;0.982745;0.73805;0.996432;0.669093;0.705862;0.815966;-1.41333;-1.17219;0.0657707;0.305483;0.0514039;0.32855;0.389586;0.534314;0.432513;0.566617;0.515027;-0.692311;-0.67426;-1.00992;0.112462;0.369291;0
-0.426664;-0.184156;1.55576;0.242951;-0.54265;-1.23974;0.256011;0.26964;-0.00081317;-0.811386;-0.485626;1.08303;0.207864;-0.118988;-0.78104;0.0463042;0.0150725;0.391625;1.0584;0.167083;0.243062;-0.163835;-0.967571;0.513733;0.501037;-0.608901;-0.0826572;-0.388376;-0.984085;-0.641843;-0.595019;-0.957819;0.366139;0.0197773;0.158497;0.344378;-0.948483;-0.792933;-0.515565;0.229951;0.00636961;-0.0927575;0.345354;-0.510998;-0.475907;0.455825;0.893818;0.522437;-0.147752;0
-0.426664;-1.09317;0.61592;0.856755;-0.482749;0.0619077;-0.429394;-0.0706543;0.573541;-0.0115311;0.225796;-0.774827;-0.207333;0.761561;0.915119;0.369282;-0.261201;0.298238;-0.732483;0.00311107;-0.193737;-1.09648;-0.145892;-0.126991;0.457801;0.309948;1.0542;0.983212;0.963872;0.0708999;0.484534;0.189311;-0.355624;-0.581954;0.375478;0.364673;-1.14497;-1.31628;0.745876;-1.01274;-0.507795;1.24342;1.18007;-0.407851;0.964231;0.702033;-0.724883;-0.926803;-0.791027;0
-0.426664;0.288037;-0.89906;0.165582;0.760914;-0.188125;-0.385002;0.377287;-1.06018;1.13876;-0.197538;-0.507381;0.641356;0.697426;1.10863;-0.765984;-0.0758691;1.02604;0.0701227;1.52008;-0.0946546;-0.791623;-0.0626085;0.169814;0.758515;0.71722;-0.68332;-0.588693;-0.784091;-0.141023;-0.277982;-0.39506;-0.800274;-0.249096;-0.97912;-0.69451;-0.565855;-0.898533;0.300314;0.024591;0.131408;-0.395975;0.806925;0.713177;-0.215251;-0.463879;-0.203973;0.510647;0.584018;0
-0.426664;-0.273224;0.389284;0.310112;-0.57191;-0.119151;0.294937;-0.181722;0.0968364;0.919884;-0.349958;-0.741986;-0.402167;-0.232055;-0.0286539;-0.111737;-0.0625476;-0.355854;-0.657906;0.849678;-0.0579857;0.243248;0.630415;0.769064;1.10032;-0.761117;0.0218523;0.200169;0.473541;0.10285;-1.17535;0.211165;0.162028;0.408675;1.14466;0.328037;1.11608;-0.0323156;0.0449253;0.560562;1.01824;0.152723;0.431744;0.653105;0.37228;-0.524283;-0.422305;-0.27225;0.142974;0
-0.426664;-0.976794;0.214381;-0.669298;0.662152;-0.182895;0.437175;-0.483747;-0.154833;-0.484195;-0.644255;0.714174;1.02583;-0.255466;1.28254;-0.384402;-0.824451;-0.92653;0.676309;-0.711841;-0.134253;0.75145;0.8527;-0.488649;-0.18091;0.381429;0.807894;0.405878;-0.667205;0.996563;0.519242;0.0251522;0.694188;0.291316;-0.613907;0.446961;0.816907;0.196203;-0.964954;-0.952193;0.297502;-0.244384;0.212677;0.158215;0.935661;0.431628;0.543291;0.628145;0.499515;0
-0.426664;-0.816065;-0.539464;-0.965252;-0.951046;-0.933065;-0.835017;-0.353494;0.633471;1.13019;-0.77282;-0.345645;-0.33916;-0.186457;0.0910436;0.483461;-0.150221;0.0632834;-0.290913;-1.0358;-1.21952;-0.155672;-0.129463;0.451072;0.604492;-0.142259;-0.711603;-1.08772;-0.217237;0.543003;0.986539;-0.500135;-1.07194;-0.838433;-0.594608;0.0852784;0.905112;0.766355;-0.625038;-0.39842;0.551554;0.0769782;-0.75709;-0.697738;-0.671329;-0.82471;-0.9101;-0.532534;0.302246;0
-0.426664;-0.290543;-0.799982;-0.334749;1.03325;0.10132;0.821637;-0.566694;-0.133502;0.551021;-0.750606;0.802312;0.0789054;-0.890208;-0.561304;-0.351961;-0.0282001;0.898498;1.16471;0.729522;0.125486;0.767684;-0.566723;-0.515606;0.995172;0.353852;-1.09706;-0.993058;-0.336792;0.635684;0.848285;-0.432352;-0.715352;0.998219;-0.961691;0.425443;-0.060533;1.10352;-0.487881;0.393753;1.02045;0.924505;-0.608027;-1.27852;-0.137524;-0.464053;1.43053;0.0885294;-0.0469305;0
0.349628;-0.72868;0.384829;-0.863567;-0.675376;-0.817744;0.875172;-0.596317;-0.895246;-0.75623;-0.108395;-0.91753;0.706426;-0.213278;0.41131;-0.447122;-0.475546;-1.00597;-0.15558;0.335106;-0.749637;-0.0103035;0.967355;0.431585;0.324962;-0.686064;0.925918;-0.497165;-0.71443;0.271167;0.407696;-0.863032;0.160013;-0.397671;0.189804;0.711232;0.285444;-0.240624;-0.893606;0.348654;0.519851;0.0980925;0.322243;0.795658;-0.981303;-1.03371;-0.250154;-0.825555;0.0216834;0
0.349628;0.186946;0.397137;0.680749;0.736597;0.745599;0.613683;0.698947;0.483892;1.10215;0.198098;1.1192;0.206424;0.416329;-0.793927;0.161543;-0.761066;-0.110369;0.986538;0.348914;0.453759;0.168706;-0.362561;-0.443474;0.510701;-0.790313;0.774824;0.26197;0.480094;-1.0413;0.939006;-0.970394;-1.13833;-0.00689839;-0.0383734;0.0333758;-0.440786;-1.05192;0.0626748;0.870804;0.834956;-0.198388;0.241535;-0.0254091;0.0902078;-0.403057;0.276923;-0.788436;0.275037;0
0.349628;-0.0212039;1.20947;0.34104;-0.812578;0.203681;0.503952;-0.401387;0.932406;0.771998;-0.0763796;-0.975643;0.249033;-0.440628;0.555536;0.44532;-0.148511;0.0617468;0.798109;0.681937;-0.976369;-0.659068;-1.25215;0.0215028;-0.762706;-0.115539;-0.432719;-0.371861;-0.230453;1.05399;0.304394;-0.726943;0.104327;1.12993;1.21496;0.390584;0.735932;0.704181;-1.00434;0.186779;0.550081;-0.413538;-0.549479;0.127106;-0.290687;-0.235544;0.590772;-0.582611;-0.311971;0
0.349628;-1.24055;-1.05138;-0.87981;0.742677;1.28553;0.937485;0.334647;-0.531469;-0.192939;-0.119756;-0.827684;-0.945349;0.402909;-0.877422;0.394174;0.574906;-0.819497;-0.745648;0.59895;-0.767046;0.585385;0.961161;0.53302;0.485492;0.805628;0.25266;0.515537;0.836062;0.445717;0.564491;-0.612815;0.732973;-0.222599;-0.0726532;0.617512;-0.197275;-0.776229;0.0261203;-0.618445;0.121483;-0.368781;-0.705491;-0.426596;-0.883149;0.445193;1.29315;0.20042;-0.416149;0
0.349628;-0.603045;0.253857;-0.667229;-0.406501;0.0372653;0.506553;0.876181;0.720705;0.0575662;-0.476859;0.669137;-0.437356;-0.882867;-0.979915;-1.40239;-0.820525;0.157237;-0.182281;0.0502157;-0.80149;-0.586547;-0.648861;-0.838363;0.731114;0.619572;0.527012;-0.913461;-0.549057;-0.120731;1.09731;-0.688737;0.168276;-0.339942;-0.615041;-0.846369;-0.355597;-1.37346;-0.834404;0.48974;0.110237;-0.86115;0.197496;-0.698178;-0.873041;-0.294603;0.619291;0.521306;0.168324;0
0.349628;0.607439;-0.123735;-0.269013;0.447181;-0.136698;-0.171502;0.182911;1.1422;0.624471;-0.560936;0.937966;0.646897;1.24255;-0.0406981;-0.195201;-0.247343;-0.104936;-0.720915;0.274929;-0.323159;-0.460406;-0.0961527;-0.0788558;-0.226489;0.664622;-0.7829;-0.759406;-0.811483;0.357076;0.547037;0.855061;0.766598;1.06432;1.05647;0.730098;-1.16014;-0.887173;-1.12782;-0.797503;-0.512574;0.894508;0.974926;0.340072;0.0985868;-0.799802;-0.72311;-0.894408;0.108154;0
0.349628;0.945053;0.665788;0.174645;-0.406412;0.320821;0.344009;-0.525317;0.0113024;0.729764;0.181693;0.131771;0.600362;-0.526513;-1.37076;-0.627028;-0.647808;-0.0168598;-0.519957;-0.642552;0.558965;-0.431026;-0.795436;-0.650267;0.916214;-0.313806;0.700631;0.725772;-0.992839;-1.00985;0.726896;0.524373;0.699776;1.04098;1.03947;-0.908324;-0.832976;1.0601;0.571462;-0.315314;-0.866234;-1.33234;0.00898829;-0.519016;0.208706;0.00379563;0.296923;1.33967;-0.556857;0
0.349628;1.08179;0.526988;0.707793;0.649002;1.23154;0.362371;0.853392;-0.701785;-1.37071;-0.331385;-0.740193;0.132141;-0.442724;-0.709336;-0.144844;0.602653;-0.479192;-0.738272;0.852793;0.982876;0.381962;0.100906;0.468291;-0.518766;-0.542607;0.276548;-0.655287;-0.529377;-1.02438;0.989586;-0.599276;0.263222;-0.751486;-0.859782;-0.176095;0.554366;-0.121331;0.598234;0.0697511;-0.210648;1.16049;0.493925;0.863414;0.596697;-0.455391;1.31142;-0.115458;0.497883;0
0.349628;0.0421078;0.591226;1.05603;-0.0873597;-0.330217;0.260909;-0.611055;0.518187;-0.330067;-0.0735764;-0.611265;0.621135;-0.234944;0.131383;0.802555;0.200916;-1.0707;-0.404366;-1.43639;-0.754539;0.86678;-1.01423;-0.744503;-0.577989;-0.45231;0.369908;0.0987151;-0.800647;-0.401065;-0.90097;0.399658;0.686548;1.10526;1.10645;-0.022742;0.37741;-0.182157;0.664377;-0.198654;-0.075928;0.864415;1.50723;-1.04478;0.606013;0.235877;0.294973;-0.418998;-0.940208;0
0.349628;1.11194;-0.80154;0.628388;-0.355698;-0.833029;0.195697;-0.530994;-0.465664;-0.548484;-0.327366;-1.11823;-0.83211;-0.689766;-0.603427;0.489904;0.249151;-0.413508;-0.682267;0.859639;0.01499;0.788076;0.715618;-0.595244;-0.21483;0.590202;0.91429;0.622212;-0.0954088;-0.600342;-0.0816914;0.881752;-0.822009;0.633557;-0.631808;-0.927679;-0.23247;0.327488;1.1134;0.811117;0.963308;0.371927;-0.0998639;-0.0676535;-0.966437;-0.854009;-0.393967;0.765116;1.0386;0
-0.873445;-0.201979;-0.243697;-0.045216;-0.240927;0.780659;0.497193;0.469524;-1.08166;-1.06847;-0.0863811;-0.610809;0.797508;0.998266;-0.600029;-0.926007;0.848883;0.0197059;0.841204;0.980348;-0.443977;-0.492324;-0.54748;-0.922828;-1.03097;-0.236726;0.120294;-0.306732;0.945663;0.211774;0.174411;0.0554027;0.964947;0.638441;-1.11665;0.492632;0.52352;0.397018;0.0832332;0.550381;-0.631982;-0.851269;0.942184;-0.264774;0.553556;0.747997;-0.0391111;-1.20957;-0.786341;0
-0.873445;0.571096;-0.765276;-0.798218;-0.535809;-1.02947;1.10955;-0.104289;0.189576;-0.222315;-0.0201607;-0.685197;0.825983;-0.161173;0.631156;0.762965;0.693228;0.0429767;0.666463;-1.17854;0.782279;-0.383168;0.876689;0.0637002;-0.531263;0.382486;0.224129;0.351849;-0.690026;-0.874738;-0.689616;-0.451737;1.08274;-0.00410613;0.675316;1.00772;0.376331;0.10633;-0.214537;-0.362005;-0.641366;-0.158427;-0.856311;0.212011;-0.126065;-0.167896;-0.32434;0.881871;0.479972;0
-0.873445;-1.03712;0.217642;0.22509;-0.12693;-0.814709;-1.3653;-0.229346;0.973359;-0.352966;0.751036;0.922205;0.524801;-0.25687;-0.47126;0.260264;0.650175;0.659066;1.1198;-0.0637003;-0.291724;-1.23049;-0.406328;-0.57588;-0.257459;-1.2031;-0.237757;-0.0490307;0.114164;0.823378;-0.877245;-0.451034;-0.817611;0.0762013;0.333156;-0.0393051;0.586432;1.24338;0.57086;0.350844;1.0354;0.0977856;0.107087;-0.1577;0.0747688;-0.484826;-0.289529;0.111192;-0.7056;0
-0.873445;-0.35053;-1.05813;0.0298625;0.482331;1.03526;0.40098;0.31181;-0.535698;0.340078;0.37386;0.584561;0.178429;-1.06666;0.119657;-0.482684;0.403137;0.710732;0.225117;0.866594;-0.504822;-0.742706;-1.11961;-0.337556;-0.268177;-0.412791;0.410273;0.836357;0.111512;0.303327;0.762155;0.692135;0.817399;-0.33593;-0.396251;0.0649443;-0.536925;-0.783649;-0.0612432;-1.13485;-0.79796;0.379491;0.314538;-1.23409;-1.00318;-0.00146475;0.729246;0.670124;-0.838743;0
-0.873445;0.0137401;-1.23844;0.658155;-0.0967938;0.892553;-0.179252;0.75357;1.08778;-0.438363;-1.07775;-1.20719;0.419947;0.387198;0.612954;0.0977143;0.0673614;-0.203904;0.0167891;-0.0653281;0.0752025;-0.0626337;-0.183986;-1.11969;0.127074;-0.339691;-0.505124;0.171224;-0.51713;-0.166149;1.15146;1.178;-0.729318;0.0662041;0.67384;0.23711;0.611238;-0.477512;-0.4385;-0.69792;-0.631933;0.378055;-0.980855;-0.386763;0.449976;-1.12172;0.180265;-0.422015;-0.408876;0
-0.873445;0.196981;-0.214668;-0.440508;0.379553;-0.808402;0.402624;0.614277;-1.01372;0.131899;-0.373102;-0.357424;-0.22904;0.215379;-0.433811;0.472088;-0.943483;-0.00574027;0.759793;-0.256845;0.280556;0.33584;0.807326;0.877866;0.826765;-0.222006;-0.300035;-0.886331;0.246035;0.646101;1.37958;-0.764555;0.317144;1.0848;-0.814729;-0.0633203;0.481367;-0.338407;-0.0451583;-0.599372;-0.0761787;-0.626107;0.662237;0.591134;0.95672;0.245228;-0.634288;-0.641726;0.127121;0
-0.873445;-0.273999;-0.21348;0.551142;-0.247206;-0.793061;0.224209;-0.585549;-0.801159;0.601211;0.563907;-0.283378;-1.18889;-0.909759;-0.23398;-0.0732422;-0.459761;0.523118;0.0747498;-0.888331;0.604566;0.273301;0.632005;0.855412;0.589922;0.543407;1.18764;1.27191;0.540645;1.26965;0.63993;1.22863;0.0438015;-0.187485;0.918837;0.943286;1.04195;1.18708;0.660349;-0.243111;0.159938;-0.164192;0.779722;-1.3219;-0.195993;-0.89403;-0.851621;0.574667;0.331823;0
-0.873445;-0.551706;0.452875;-1.03996;-1.23826;-0.27207;-0.836489;-0.45085;-0.646144;0.560938;-0.0590157;0.216904;0.504107;-0.812543;0.436883;0.754447;0.686627;-0.683523;0.0416505;-0.0670448;0.0702957;0.310003;0.349306;-0.27143;-1.38195;0.791298;-0.429477;0.28944;0.051624;0.246986;0.885607;-1.02786;0.154638;-1.18422;-0.117177;0.956284;0.407374;0.641743;-0.387474;0.944926;-0.0887578;0.495568;0.714452;0.572757;1.20954;-0.417462;-0.00144169;0.645787;-1.01712;0
-0.873445;-0.348825;-0.912245;-0.827343;-1.11262;-0.117444;1.00459;0.559895;0.0331004;1.03537;0.477875;0.386235;0.518181;0.265142;0.168274;-0.797225;-0.864359;0.098944;-1.05997;-0.360526;-0.712061;0.787198;-0.327021;0.727804;1.00971;0.31366;0.786864;0.893748;0.0774559;0.2417;-0.381375;-0.615914;-0.619091;-0.805095;1.01112;-0.749369;0.111998;1.0059;0.0558138;-0.379327;-0.264439;-0.59381;-0.601711;0.960885;-1.04605;-0.138146;-1.25972;-0.634615;-0.51969;0
-0.873445;-0.0618173;0.574183;-0.447746;0.766145;0.763749;0.941253;-0.0322354;-0.319203;-0.61177;-0.369363;0.900223;-0.648589;1.08586;1.29302;-0.947119;0.157854;-0.246665;-0.792244;0.84116;-0.996332;0.260601;0.896581;-1.30371;0.125818;0.490232;0.0137932;0.924446;-0.236091;0.56823;-0.101688;0.469793;0.729939;0.304536;0.699821;0.420341;0.858848;0.343315;0.498477;-0.809977;-0.350685;0.379073;-0.697027;-0.813234;-0.881757;0.184717;-0.632685;-0.831054;1.09541;0
-0.21893;-0.485414;1.11448;0.130289;1.01901;-0.0892045;0.766769;0.27342;0.684853;-0.22699;0.770448;-0.0664231;0.523215;-0.529497;0.0835152;0.380583;0.387938;-0.0985652;1.16088;0.435952;-0.061926;-0.806168;0.385464;0.537201;-0.651017;-1.12462;0.092705;-0.961711;-0.370088;-0.401757;-0.522183;-0.876376;-1.28809;-1.06122;-0.0798577;-0.563881;0.344016;-1.28898;-1.05937;0.507174;0.959612;0.179471;-0.340038;-0.404211;-0.16673;1.2432;0.6259;0.322154;-0.237012;0
-0.21893;-1.24158;-0.757583;0.117478;-0.0290784;0.116462;-0.108767;0.416384;-0.411699;-0.554838;0.906086;0.312034;-0.256113;-0.582525;0.604536;-0.748456;-0.208377;0.0639839;0.479651;0.609271;-0.764095;0.990944;-0.254548;0.812471;0.0605158;0.899089;0.865657;0.710511;0.122132;-0.629155;1.1247;-0.385665;0.770492;-0.616905;0.608681;0.367034;1.00227;0.651235;0.218973;0.837463;1.34266;-0.174431;0.153469;0.42449;-0.202249;0.333859;-0.294458;0.49723;-0.729737;0
-0.21893;0.953689;1.4473;0.76528;-0.640514;0.24002;0.784496;-0.784881;0.0636819;1.08206;1.03418;0.77149;1.30333;-0.122199;0.627721;0.651028;-0.180247;-0.426048;-0.303371;-0.0430235;0.509871;-0.995903;-0.770755;0.473435;0.729218;0.914245;-0.623292;-0.94583;-0.274229;0.175303;0.721151;0.776653;-1.09071;1.05582;-0.720797;-0.485627;-0.0214041;-0.678871;-0.469517;0.139245;0.350079;0.00435121;0.298727;0.42274;0.488661;0.373692;0.974103;1.2949;0.556332;0
-0.21893;-0.230267;-0.748668;0.194881;0.524513;-0.71708;-0.613147;-0.971775;-0.259938;-1.30454;0.833552;-1.05933;0.689707;0.300834;-0.556756;-0.0637739;0.493295;0.546912;-0.390108;-0.0268038;-0.424978;-0.966421;0.0945792;0.552085;0.725457;0.329859;1.32588;0.707168;-1.05988;-0.494195;0.302728;0.67862;0.184407;0.550343;-0.865618;-1.29182;-0.674179;0.22767;-0.381972;-0.636886;-0.116595;-1.04306;-0.579297;-0.979299;0.243786;0.607239;-0.262422;0.519349;-0.867316;0
-0.21893;0.991829;0.756056;0.625985;0.271749;0.453508;0.100745;0.201493;0.219044;-0.948389;-0.364794;-0.624594;0.0493059;-0.409733;-0.693168;-1.10273;0.376569;-0.00750678;-0.973938;-0.839449;0.829459;0.400307;-0.520848;-0.127599;0.471918;0.519194;0.144503;-0.328006;-1.11468;-0.777144;-0.214066;-0.414469;-0.505776;-0.444631;0.82037;-0.839643;-0.425324;0.306313;-0.275237;-0.282212;1.22952;-0.0187067;0.5595;-0.934132;-0.543465;-0.398805;-1.12331;-0.538997;-0.0532175;0
-0.21893;-0.613989;-0.634875;0.901549;-0.489193;0.353468;0.276624;-0.675825;0.478944;0.359484;-0.600745;0.820995;1.55986;0.249651;0.708472;0.542087;0.434361;-0.414651;-0.192699;-0.38127;0.0795801;-0.332506;-0.829597;0.662004;0.00985275;-0.342378;0.317109;0.544686;0.466228;0.821448;0.481333;0.310288;-0.261231;-0.692216;-0.295656;0.240687;-0.903671;-0.544186;-0.371145;-0.225653;-0.132253;0.650524;0.249081;-0.635476;-0.284403;-0.99202;0.37096;1.26604;-0.0530327;0
-0.21893;-0.291543;-0.584068;-0.95738;0.510178;-0.568491;-0.488295;-0.323529;-0.196909;0.515441;0.00406516;0.52968;-1.06047;0.609256;-0.0632437;-0.652088;0.887128;-0.0102731;-1.2133;0.842129;0.729868;0.602956;0.725618;0.457061;0.663797;-0.160527;0.325759;-0.0957381;-0.263249;0.157261;0.0902167;0.351343;0.918113;0.931769;0.154397;-0.580344;0.411143;0.259872;0.77687;0.821544;0.621547;-0.184978;0.060963;0.276487;0.396473;-0.404501;-0.387519;-0.0905354;0.0140636;0
-0.21893;-0.0849484;-0.0893628;-0.109791;-0.643053;-0.557283;0.242557;-0.368121;-0.19906;-1.06818;-1.17973;0.327927;0.170172;-0.933887;-0.918465;-0.468818;-0.865064;-1.10787;0.0374279;-0.626408;0.253027;-0.147821;1.24754;-0.459302;0.526177;0.2154;1.39426;0.688972;-0.775798;0.641774;0.159511;-0.447278;-0.912474;-0.127225;-0.66219;0.746807;-0.906963;-1.01622;0.453473;-0.501518;0.317328;0.563299;0.955523;0.582807;0.741728;1.36704;0.342352;-0.944034;-0.673138;0
-0.21893;-0.130762;0.166737;0.289996;-0.637682;-1.07778;-0.553272;0.839151;-0.293061;0.163513;0.832731;0.89348;1.12217;0.0889514;1.10587;0.134987;0.673031;0.904527;0.655482;-0.148824;0.112052;0.621109;0.341557;0.924541;0.532236;-0.546562;0.534402;0.775455;-1.05487;-0.844432;0.353704;0.363956;0.976861;0.596311;-0.824696;1.22682;0.193318;-0.537673;-0.835478;0.234572;0.485451;-0.619686;-0.618227;-0.44273;-0.0491451;-0.984458;-0.900486;0.195758;0.726609;0
-0.21893;-0.423583;0.968445;-0.18866;0.401785;-1.09357;-0.773491;-0.176278;-0.484982;-1.18606;0.291244;0.62987;-1.08564;-0.777994;-0.148821;0.611051;-0.990259;0.333078;1.1864;0.927328;0.767568;-0.115172;1.14856;-0.400563;-0.359475;-0.173694;1.09098;0.407685;0.617685;-0.0889025;0.275757;0.440663;1.53518;1.06661;0.922531;0.236727;1.05009;0.835553;-0.49106;0.439556;-0.181906;-0.704228;-0.139393;-0.717964;0.0352266;-0.198893;-0.986974;0.0810706;-0.360495;0
