0.93306;-4.08243;-4.13819;-3.92952;-3.94593;-3.9479;-3.90367;-3.94368;-3.84168;-3.94497;3.9314;-3.89033;3.93112;3.98706;3.92916;-3.8855;3.8319;-3.86194;3.80962;-4.00212;-3.9663;4.09101;4.11724;3.90141;-3.80897;3.90951;3.98156;-3.96162;-4.16977;-3.85277;3.87543;-3.86507;3.9285;-4.06917;3.97578;4.09617;-3.94727;-3.94231;-4.03898;3.99265;-3.83875;3.93672;3.92416;4.02883;3.99949;-3.94693;-4.00874;3.97262;-4.14184;0
0.93306;-4.08243;-3.96218;-3.82769;-3.98222;-3.99949;-4.17378;-3.9548;-4.0308;-4.07185;4.15185;-3.73693;4.04061;4.03344;3.91771;-3.81201;3.97649;-3.81333;3.78911;-3.80658;-3.78867;4.13596;4.05141;3.90141;-3.8053;4.13901;4.03166;-3.82483;-3.91822;-3.87753;3.93649;-3.94199;3.97855;-3.90936;4.06973;3.93806;-4.0202;-4.02725;-4.05017;3.95616;-3.95696;3.87455;3.91575;3.99489;4.00895;-3.85843;-4.10241;4.18735;-3.85459;0
0.93306;-3.93868;-3.8833;-4.03569;-3.87285;-3.93491;-3.99981;-4.17071;-4.04444;-3.81447;3.92549;-4.11498;3.88283;3.95866;4.03161;-4.02287;4.12499;-3.87325;3.69331;-4.00642;-3.99062;3.97181;3.99649;3.77462;-3.85715;3.95333;3.86474;-3.9702;-4.18912;-4.04305;3.78176;-3.94648;4.06225;-3.95513;3.89211;3.90411;-3.94561;-3.97972;-3.89753;3.85974;-3.76012;3.80153;4.03667;3.99489;3.99564;-3.91128;-3.96487;3.9722;-3.8969;0
0.93306;-3.8512;-3.96715;-3.82641;-3.88162;-4.0402;-3.91633;-3.98907;-4.01434;-4.03592;4.05367;-3.86414;3.82323;3.87922;3.92863;-3.87407;3.91144;-4.04511;3.84628;-3.89141;-3.94022;3.98672;4.0606;4.00884;-4.0065;4.08414;4.09513;-3.9702;-3.95123;-4.15761;3.97625;-3.93769;4.04005;-3.91839;4.01559;4.04148;-3.85111;-4.03362;-3.94493;3.92138;-3.94211;3.99356;3.76738;3.94437;3.98331;-3.94842;-3.97644;3.95495;-3.82071;0
0.93306;-3.85876;-4.05134;-4.117;-3.93695;-3.95178;-3.93669;-4.12107;-3.99902;-3.91365;4.16109;-3.84064;4.00634;3.9815;4.10131;-3.91773;4.07121;-3.93436;3.8426;-4.00985;-3.99402;3.98489;4.05144;4.04154;-3.86969;4.12002;3.89426;-4.03913;-4.01681;-3.92954;3.77968;-3.93769;3.90897;-3.90968;4.01888;3.90095;-3.76981;-4.12635;-3.96322;3.88636;-4.01995;3.96813;4.00487;3.88485;3.97883;-3.98434;-3.93275;3.81766;-3.91342;0
0.93306;-4.10782;-3.97945;-4.00242;-3.9225;-4.1026;-4.1021;-3.92367;-4.07107;-4.04128;3.92813;-3.92028;3.8949;3.97476;4.11875;-3.97832;3.82332;-3.95841;3.78495;-3.84511;-4.07026;3.95261;4.06927;3.95595;-4.03304;3.93622;4.14512;-4.03913;-4.13705;-3.92954;3.82987;-3.96815;4.05081;-3.90504;4.11154;3.83565;-3.93618;-4.11092;-4.0506;4.03587;-3.99424;4.0747;4.11898;3.88279;3.95683;-3.93163;-4.05117;3.98551;-3.97081;0
0.93306;-4.03912;-4.13589;-3.88907;-3.93471;-4.12981;-4.1021;-4.04595;-4.06173;-4.02321;3.93118;-4.06753;3.9359;4.03084;3.87619;-3.80664;3.89909;-3.81322;3.9798;-3.98628;-3.93431;3.94321;4.01868;4.01474;-3.89044;3.8839;3.97219;-3.99765;-4.05517;-3.98737;3.96041;-3.88176;3.90063;-3.93291;4.12802;3.87206;-3.86644;-4.09411;-3.9369;3.85021;-3.99365;4.00595;3.93362;3.9003;3.95477;-4.00617;-3.90799;4.05561;-4.05927;0
0.93306;-3.99154;-4.13589;-3.94181;-3.91579;-4.17726;-4.06805;-4.01172;-3.95826;-3.90404;4.03458;-3.85482;3.85907;4.08072;3.96813;-3.97407;3.984;-3.86584;3.94207;-3.87867;-3.87725;4.04663;4.01868;4.09693;-3.93052;3.88545;3.98446;-3.95384;-4.04756;-3.86453;3.80207;-4.12779;3.828;-3.85285;4.08251;4.08714;-4.04181;-3.85625;-4.03821;4.00731;-3.8889;3.97598;4.06462;3.89671;3.85947;-3.87936;-3.82816;3.91744;-4.03338;0
0.93306;-4.04496;-3.99993;-4.00015;-3.97438;-4.09474;-3.9751;-3.9486;-4.06423;-3.87247;3.97444;-4.06094;4.00355;3.94634;3.89394;-3.98044;3.89451;-3.83379;3.93781;-3.87867;-4.06086;4.09176;3.97287;4.08447;-3.8514;3.98756;3.97586;-4.1351;-3.86602;-4.07265;3.8586;-3.59755;3.86965;-3.94277;3.85511;3.91403;-3.95925;-3.93437;-4.01914;3.9773;-3.8889;3.999;3.98468;3.98036;3.94355;-3.92316;-3.88322;3.76492;-3.82668;0
0.93306;-3.95622;-3.83509;-4.0819;-3.96452;-4.09908;-3.93547;-3.9486;-3.8869;-4.12517;3.87168;-3.80843;3.9665;4.03429;3.97027;-3.95528;3.95014;-3.87519;4.00747;-3.74404;-4.06086;3.89021;4.07053;3.94867;-3.92245;4.06388;3.88669;-3.89358;-4.04142;-3.84249;3.95685;-3.63014;3.92678;-3.90561;3.86094;4.16184;-3.89608;-3.99226;-3.9519;4.0133;-3.90735;3.999;4.13445;4.14011;3.88174;-3.94813;-4.16644;3.82197;-3.93974;0
-0.931026;3.88977;-3.97534;-3.90281;-3.94814;3.87002;-3.91555;3.93268;-3.9937;3.9728;-3.86993;-4.00547;-3.92902;4.03357;4.12354;-3.99119;3.89798;3.81257;4.01611;-3.94568;4.09931;4.01148;3.97626;-3.84832;-4.14623;-3.91472;-3.8848;-3.96236;-3.94337;3.91478;3.96449;3.94745;-4.08044;-3.9429;-3.98167;3.92235;3.9327;3.89793;-4.07093;-3.91856;-4.05247;-4.03563;3.89925;-3.87034;-3.87473;-3.9746;-4.05071;-3.83579;-4.02611;0
-0.931026;3.93862;-3.89668;-3.90281;-4.00093;3.95619;-4.01361;4.07076;-3.9126;3.89414;-3.96109;-3.92782;-3.99657;3.99735;3.84005;-3.96966;3.98078;4.13146;4.02193;-3.96572;3.92499;4.06064;4.07366;-3.97919;-3.93846;-3.81268;-4.04367;-4.03585;-4.03655;4.12037;4.14271;3.91316;-3.86936;-3.83539;-3.92193;3.77851;4.00889;4.02947;-4.00995;-4.09791;-3.98409;-4.0081;4.03464;-3.75041;-3.93966;-3.98299;-4.00311;-4.11254;-3.97672;0
-0.931026;3.95653;-4.0485;-4.05068;-4.14325;4.06978;-3.97615;4.05859;-3.72895;3.81068;-4.00458;-4.16867;-3.99645;4.06356;3.92909;-3.8877;3.984;3.86339;4.00391;-3.82485;3.99012;4.07494;3.9079;-3.89072;-3.90925;-3.93025;-3.9185;-3.99879;-3.94848;3.87;3.95873;4.02014;-3.97884;-3.88411;-3.89633;4.09791;3.92714;3.99345;-3.86478;-3.92019;-3.96234;-4.13995;3.89891;-3.91058;-3.93013;-3.98541;-4.15339;-3.91188;-3.88218;0
-0.931026;3.83847;-3.98467;-3.89987;-3.89232;3.9423;-3.9134;3.94235;-3.9675;4.02135;-4.17248;-3.90468;-4.05041;4.07477;3.90251;-4.00122;3.99518;4.06662;3.89141;-3.72276;4.0391;3.97767;3.95637;-3.95795;-3.97992;-4.02997;-3.83383;-4.03552;-4.06194;3.90404;4.09104;4.10863;-4.01636;-3.82524;-3.92947;4.02178;3.92714;3.9183;-3.93306;-3.97606;-3.87275;-4.04044;3.95145;-3.87997;-4.04331;-4.06521;-3.91312;-4.07393;-3.88218;0
-0.931026;3.83847;-3.91785;-4.02551;-4.02275;3.97279;-3.85527;3.90476;-3.91381;3.97245;-4.00877;-3.93501;-4.00713;3.82042;3.8555;-3.98366;3.79926;4.04552;3.90737;-3.88752;4.01217;3.82771;4.01122;-3.91628;-3.9931;-4.00679;-4.03486;-3.97035;-4.2652;4.03285;3.84819;4.04902;-3.90678;-4.14575;-3.92947;4.06351;3.99648;3.92936;-3.93306;-3.94366;-3.91844;-3.95381;3.94478;-3.85609;-3.96105;-4.06074;-3.88609;-4.00417;-3.95063;0
-0.931026;3.89489;-4.00128;-4.04329;-4.01732;3.81263;-4.15997;3.90569;-4.05789;3.89777;-3.78256;-4.04891;-3.89239;3.97584;4.08929;-3.90383;4.11699;3.93893;4.02901;-3.76502;3.9288;3.96198;3.90931;-3.96534;-4.01605;-4.11762;-4.0285;-4.00553;-3.90683;3.89089;3.97695;3.9299;-3.95782;-4.04851;-3.97431;3.93902;3.85405;3.92936;-3.8917;-3.90161;-3.97405;-3.99743;4.08817;-3.85609;-4.06626;-3.95093;-3.82193;-3.91847;-4.12768;0
-0.931026;4.15384;-4.01798;-4.02699;-4.05533;3.85731;-4.19107;3.9629;-4.03367;3.89221;-3.96586;-4.04891;-3.83399;3.89901;3.97003;-3.82584;3.86231;4.21967;3.94496;-3.97689;3.80051;4.01596;3.84419;-3.96534;-4.07535;-4.19977;-4.05736;-4.11835;-4.10949;3.89145;4.15691;3.93656;-3.95782;-3.94129;-3.97431;3.8998;4.17341;3.93458;-3.88199;-3.95895;-3.90327;-4.05432;3.79262;-3.9789;-4.06295;-3.94624;-3.9479;-3.98627;-3.92919;0
-0.931026;3.98272;-4.06103;-3.9945;-3.91541;3.82662;-3.91363;3.85268;-3.92065;4.08901;-4.12242;-4.10553;-4.15491;4.0228;3.90944;-3.92108;3.91794;4.0402;3.97027;-3.92079;3.77672;4.03248;4.05049;-3.91023;-3.99649;-3.90942;-4.10825;-4.03569;-4.03924;3.92957;3.87114;4.00328;-4.13228;-3.96684;-4.13766;4.07197;4.05007;3.87705;-4.03542;-4.09841;-3.91513;-4.08506;4.08836;-3.9323;-3.99692;-3.93684;-4.03739;-3.92365;-4.01125;0
-0.931026;3.71675;-3.95292;-3.93797;-3.84084;3.94371;-3.91188;4.09561;-3.92065;3.81079;-4.04019;-3.73364;-4.06617;3.96139;3.84532;-3.94127;3.97974;3.95381;3.82367;-3.96362;4.05598;3.94745;3.98612;-4.00596;-3.99079;-4.02147;-4.1354;-4.07586;-4.15753;3.94599;4.0116;3.98842;-3.97812;-4.00419;-3.96393;4.01377;4.04712;4.06922;-3.84248;-4.05332;-3.94761;-3.9879;3.90894;-3.83059;-3.94418;-4.12992;-4.05248;-3.94993;-3.96788;0
-0.931026;3.86768;-3.97321;-4.0831;-3.94722;3.8528;-3.88047;4.09561;-3.90007;3.97604;-3.97696;-4.01625;-3.8228;4.02716;3.91071;-3.8075;4.07072;4.20303;3.90787;-3.97874;3.96332;3.86966;3.79708;-3.94431;-4.13373;-3.81157;-4.1354;-3.90037;-3.78116;3.86457;4.0116;4.09127;-3.9773;-4.109;-3.91049;3.99952;4.19086;4.00915;-4.17508;-4.04399;-4.08347;-3.95018;3.79006;-4.01457;-4.10488;-3.9475;-4.04735;-3.88582;-3.96788;0
0.231847;-4.16974;-3.89452;3.75164;3.98239;-4.01689;-3.84318;3.82695;-3.80398;-4.0354;-4.09569;3.964;4.15315;3.96151;-3.78281;3.95089;-4.0229;-3.86231;-3.98647;3.8781;-4.02537;-3.99246;3.92144;3.829;-3.87867;4.01859;-3.8649;-4.00506;-3.93077;-4.05678;3.89689;4.01451;-3.91672;-3.99439;-4.07723;-4.23041;4.00517;3.98559;3.91831;-4.00678;3.97758;4.03022;4.00556;4.0282;3.93653;-3.9511;4.04029;-3.80963;3.97744;0
0.231847;-3.85108;-3.98104;3.95079;4.0776;-3.95817;-3.94634;3.95974;-3.97885;-4.05743;-4.01045;3.88784;4.10188;4.15319;-3.98257;3.92325;-4.14144;-4.03352;-3.88161;4.04675;-4.00979;-3.99246;3.83101;3.91494;-3.87867;3.99018;-3.99862;-4.04473;-3.94591;-4.05678;3.87118;4.06488;-3.83935;-4.077;-4.11582;-3.94465;3.89679;4.07014;4.08421;-3.99466;3.9504;3.89537;3.88532;3.94202;3.85982;-4.03772;3.99484;-4.04694;4.06629;0
0.231847;-3.92437;-4.00791;3.98652;3.9738;-3.86685;-4.00871;3.9719;-3.93817;-3.82085;-4.06961;3.8632;3.94193;3.96606;-3.91753;3.79129;-4.03107;-3.902;-4.00173;3.84168;-3.98754;-4.01404;3.98153;3.89359;-4.21156;4.0522;-4.09941;-3.91319;-4.00733;-4.03786;4.01978;3.84391;-3.77488;-4.11974;-3.92706;-4.04903;4.00302;3.95026;3.87128;-3.81417;3.96562;4.19368;4.14534;3.87536;3.93367;-3.92071;3.96141;-3.89704;3.91593;0
0.231847;-4.10963;-4.14388;3.91988;4.01254;-3.87411;-4.03898;3.74794;-3.94135;-3.90027;-3.90029;3.8632;4.12155;3.90449;-4.04634;3.86551;-3.96527;-4.09264;-4.03027;4.00189;-4.06816;-3.96891;3.8515;3.89194;-3.95396;3.77124;-3.86801;-3.92276;-4.1186;-3.78997;3.87667;3.90967;-4.10947;-3.9015;-4.09135;-3.927;4.02306;4.03708;3.88371;-3.85945;3.81705;4.08972;3.92391;3.78273;4.12018;-4.03491;3.94165;-3.92785;3.87271;0
0.231847;-4.15085;-4.08398;3.90603;3.93835;-3.98092;-4.00793;3.97007;-4.10836;-3.93645;-3.90125;3.8935;3.94317;3.8369;-4.04051;3.86963;-4.16949;-4.10308;-4.00585;3.98797;-4.01998;-3.96997;3.9258;3.94425;-3.9338;4.083;-3.87245;-3.94647;-4.07011;-4.10242;3.89115;4.06788;-3.98142;-3.74966;-3.90996;-3.98499;3.757;4.03708;3.75966;-3.89259;3.88195;3.9361;3.88956;3.92278;4.03812;-3.99005;3.84799;-3.99478;3.86693;0
0.231847;-3.84395;-3.87559;3.90924;4.07103;-3.97224;-3.88319;4.0793;-4.04806;-4.00792;-3.98298;3.85707;4.06447;3.94314;-3.98876;3.95322;-4.052;-4.0691;-4.05748;4.16105;-4.00425;-4.0265;3.85236;4.00791;-4.00677;3.90227;-3.75725;-4.16623;-3.93219;-3.95943;4.01035;3.94919;-3.94212;-3.90383;-4.13631;-3.98982;3.8322;4.04566;3.96394;-3.94492;4.09463;3.99435;3.9006;3.91368;3.93732;-3.95767;3.89745;-3.97023;3.98227;0
0.231847;-3.96125;-4.02792;3.95513;4.00651;-4.0026;-4.0513;3.89788;-3.75685;-3.89761;-3.80372;3.85707;3.8315;4.02984;-4.20709;3.899;-4.1131;-3.95576;-4.00959;3.93711;-4.00019;-4.03322;3.9933;3.92674;-4.00552;3.94707;-3.98863;-3.9182;-3.93606;-4.14162;4.08712;3.88351;-4.02144;-4.22124;-3.98138;-4.09144;4.01935;4.11018;4.05753;-3.99952;4.00725;4.08331;4.10526;4.12254;3.93666;-3.9232;3.89745;-3.66974;4.03898;0
0.231847;-3.93321;-3.83093;3.77486;3.92086;-4.05272;-3.98712;3.96416;-3.89709;-4.0564;-3.86532;3.90067;3.84089;3.83375;-3.93813;4.03492;-3.84601;-3.98074;-4.05982;3.93711;-4.0319;-4.07664;4.06703;3.9004;-4.06481;3.90929;-3.88456;-3.91511;-4.10222;-3.87187;3.93369;4.0175;-3.9334;-4.09032;-4.05382;-3.92151;3.88496;4.00395;3.77878;-4.0097;3.80987;4.02582;4.07029;3.99575;4.01272;-3.86677;3.66422;-3.91752;4.00544;0
0.231847;-4.0015;-3.82266;3.91679;3.87909;-3.96676;-3.92919;3.94531;-3.89709;-4.04381;-4.03378;3.93016;3.90799;4.01428;-3.8934;3.88462;-3.97306;-4.12607;-3.93926;3.93711;-3.8704;-3.94737;3.91057;3.79978;-3.88548;3.76419;-4.09828;-3.94258;-3.97974;-3.94968;4.12028;3.96916;-3.96773;-3.98545;-3.96158;-3.84305;3.92032;3.93211;4.07145;-3.83308;4.02899;4.0503;4.13748;4.02732;4.05209;-3.96432;4.05349;-3.96884;3.9349;0
0.231847;-4.04726;-4.11305;4.01212;4.04903;-3.96533;-3.89693;3.81095;-3.92706;-3.94677;-3.90565;4.03109;4.10653;3.88575;-3.81775;3.97945;-4.03837;-4.02943;-3.92586;3.9789;-3.97949;-3.88477;4.00796;3.91824;-3.93587;3.90627;-3.99041;-3.92486;-3.99262;-3.87582;3.90008;3.8445;-3.99462;-4.00382;-3.96158;-4.14151;3.97452;4.02394;3.88442;-3.78683;4.08479;3.89756;4.04897;4.06677;4.02779;-3.94087;3.90635;-4.03697;4.05837;0
0.0619197;-3.96045;-3.94102;-3.85867;3.9759;3.76738;3.82218;-3.81258;3.88321;-3.87862;-3.96992;-3.96412;-3.9827;4.07464;4.01827;-4.00089;-3.90735;-4.04662;-4.00595;-3.91881;3.82467;4.18559;-3.95175;-4.01633;-3.86889;4.09147;-4.05126;-3.97652;3.9993;3.92795;3.8655;3.84763;-4.00364;-3.95227;3.99933;4.03446;4.06053;3.90228;3.98868;4.03547;4.06756;3.99433;3.88429;4.06179;3.90304;4.17745;3.86473;3.9645;3.96052;0
0.0619197;-3.93047;-3.97164;-4.02659;3.88599;4.0514;3.93503;-3.87805;4.0632;-4.03728;-4.04271;-3.95548;-3.88221;3.96665;3.93469;-3.79496;-3.98662;-3.92879;-3.99433;-3.95311;3.8913;3.97071;-3.98011;-4.01633;-3.89975;3.86484;-4.0364;-3.91077;3.99809;4.04788;3.93827;3.93372;-3.90188;-3.81936;3.9596;4.01006;3.89885;4.15761;3.7827;3.89868;4.08138;3.88384;4.04152;3.95874;3.85374;3.99139;3.91827;3.85383;4.00188;0
0.0619197;-3.78664;-3.83045;-3.88973;3.95122;3.98685;3.87421;-4.00556;3.94673;-3.93302;-3.98259;-3.99169;-4.05333;4.04377;3.92051;-4.01524;-4.01325;-4.09078;-3.99695;-3.99133;3.95197;3.93566;-3.88218;-3.89951;-3.89689;3.93616;-3.93313;-4.08101;4.01072;4.02755;3.98412;3.93536;-4.00652;-3.96049;4.15957;4.02104;3.89885;3.9386;4.01636;4.11539;3.791;4.06633;4.06357;3.97103;4.00122;4.07108;3.8803;3.92257;4.04519;0
0.0619197;-4.01806;-3.98576;-3.97594;4.00115;4.07609;3.94035;-3.80443;4.02401;-4.0265;-4.05759;-4.07372;-3.9153;4.01536;4.06404;-3.95291;-4.0716;-3.95683;-3.99695;-3.93621;4.07274;3.9313;-4.09661;-4.00968;-3.90161;3.93616;-3.8797;-3.99573;4.04984;3.98084;3.91912;3.9438;-3.98203;-3.9259;3.87145;4.06037;4.07831;4.09512;4.01636;3.99767;3.90933;4.01906;3.92366;4.00484;3.98672;3.80546;3.9558;4.07904;3.97142;0
0.0619197;-3.92585;-4.09289;-3.96466;4.06692;3.98983;4.06478;-3.95606;3.88143;-3.97061;-4.0982;-4.16482;-4.05648;3.91272;4.03428;-3.86211;-3.99484;-3.99233;-3.85782;-3.96257;3.84517;3.9313;-4.01602;-4.09535;-3.97105;3.92942;-3.89419;-3.85722;3.89669;3.92557;3.87884;4.06362;-4.05396;-3.97052;3.96734;3.84003;4.11372;3.99305;4.08344;3.93949;4.07156;4.02588;4.12054;4.07074;4.00113;3.9651;4.15103;3.90806;3.95279;0
0.0619197;-4.12167;-4.01631;-3.95097;3.96685;3.91145;3.93764;-3.93308;3.8838;-3.97061;-4.00975;-4.09375;-4.00046;3.96268;3.85607;-3.88539;-3.9575;-4.06877;-3.9328;-4.05334;3.91393;3.91264;-3.94268;-4.10583;-3.9336;3.88535;-3.86014;-4.04782;3.93814;4.04432;4.00044;3.83324;-3.89962;-3.97248;4.0821;3.80893;3.93968;4.09382;4.05738;4.07445;4.05064;4.04561;3.8618;4.17781;3.92338;4.12121;3.99303;3.79492;3.93855;0
0.0619197;-4.02686;-3.85514;-4.18303;3.77133;4.14161;4.01966;-3.99081;3.8915;-4.03983;-3.87627;-3.92832;-3.96173;3.93827;3.9233;-3.93795;-4.01594;-3.9035;-3.8664;-3.86851;3.87616;3.94941;-3.94456;-3.90738;-3.91096;3.76514;-3.84382;-3.99914;3.91405;3.88365;3.95135;4.00871;-3.76397;-4.02482;4.02164;3.91431;3.9442;3.93718;3.94726;3.95679;4.11726;3.92715;4.17827;3.99231;4.01323;4.00056;4.09322;3.99263;3.98415;0
0.0619197;-4.13969;-3.8903;-3.93704;4.00433;4.04803;4.03906;-3.95213;4.05031;-4.00759;-3.86153;-4.103;-3.96173;3.82283;3.87526;-3.93474;-3.96979;-3.96696;-3.93761;-4.12688;4.08906;3.99281;-3.89509;-3.99845;-3.99608;4.05475;-3.84382;-3.86339;3.98246;3.88283;3.92778;3.7749;-4.06229;-3.77295;4.02003;3.81198;3.96104;3.84141;4.02731;4.0958;3.9446;3.93234;3.99345;3.93409;3.99624;4.14895;3.85922;3.99263;4.03752;0
0.0619197;-4.06155;-4.15665;-3.84344;3.88869;3.91514;3.94013;-3.7542;3.91923;-3.95735;-4.05061;-4.0852;-3.90981;3.87603;3.86882;-4.03975;-3.87815;-3.96696;-4.14444;-3.94585;4.10231;4.08437;-4.0031;-3.96116;-3.94638;3.97852;-4.05041;-4.1095;3.94682;3.99307;3.85295;4.10643;-3.942;-3.96513;3.81314;3.95907;4.21241;3.88273;4.05129;3.94172;4.03761;4.07784;3.81096;4.11591;4.04725;4.08021;3.98808;4.05034;4.00211;0
0.0619197;-4.02163;-4.15665;-3.91156;3.84104;3.95713;3.89177;-3.92037;4.0631;-3.9567;-4.09115;-3.90253;-4.00887;3.91496;3.94413;-3.87252;-4.02936;-3.82711;-4.06593;-3.92748;3.84541;3.86129;-3.95198;-3.95363;-3.94638;3.95209;-3.95823;-4.02872;4.04086;4.12779;3.81686;3.84271;-4.04145;-3.86158;4.13337;4.07586;4.17604;4.14246;4.00025;3.93809;4.02577;3.95507;4.16034;4.02498;4.02842;3.92089;3.93335;3.85733;4.08297;0
-0.861349;4.0143;4.12683;-3.92585;3.89223;3.91378;-3.83813;-4.1347;-4.14618;-3.98962;3.88465;-3.9724;-4.02595;4.02144;4.07941;3.99884;3.97824;4.07118;3.9193;3.95376;4.01785;3.97935;-3.7814;4.17838;-3.99103;-4.04419;-4.08421;3.80266;4.0549;3.97894;-4.03048;-4.05026;3.99539;-4.02313;-3.99188;3.94765;4.00846;3.98452;4.05242;4.06103;4.07173;3.99658;3.87604;-3.86816;-4.17019;-3.89191;-4.04085;3.89869;4.0151;0
-0.861349;3.90474;3.9507;-3.98268;3.93388;3.90879;-4.02471;-4.06606;-3.89029;-3.97541;3.98644;-4.04161;-4.02533;3.88868;4.03521;4.03753;4.16866;3.88507;3.88147;4.05596;3.96518;3.87276;-3.98154;3.78147;-3.97024;-4.06345;-4.05629;4.05687;4.03118;3.97359;-3.86435;-3.95418;3.85149;-3.84831;-3.88293;4.13395;3.86494;3.99873;4.00155;4.01996;3.99434;3.94286;3.88854;-3.93453;-3.94621;-3.96618;-3.99563;4.03874;3.92268;0
-0.861349;4.09358;4.01103;-3.86433;3.96204;3.99564;-4.08693;-4.05089;-3.86415;-3.77599;3.70565;-3.8605;-3.98974;4.00865;4.02626;4.04395;3.77447;4.03284;3.98778;4.04807;4.07431;3.89378;-3.84062;3.8217;-4.06095;-3.99947;-3.99969;3.8892;4.06206;4.05409;-3.92943;-3.9769;3.83583;-4.00722;-3.96783;3.8494;3.96032;3.99873;4.01246;4.01033;3.90776;4.01132;3.99648;-4.01265;-4.1014;-4.0374;-3.9756;3.89818;4.06338;0
-0.861349;4.01627;3.91416;-3.73573;3.88944;3.7124;-4.06451;-4.09552;-4.0166;-3.89384;3.82704;-3.88323;-3.86686;4.17719;4.05596;3.94187;3.97861;4.01458;4.01072;3.9597;3.94296;4.03286;-3.87327;3.89964;-3.96599;-4.06057;-4.01616;3.84996;3.84071;4.0875;-3.91194;-4.00502;3.94194;-3.93274;-3.93148;3.98755;3.92581;3.90046;4.11856;3.9888;4.05915;4.19104;4.00999;-4.08818;-3.91664;-4.14196;-3.95064;3.9518;3.9583;0
-0.861349;3.90087;3.99553;-3.88226;3.84739;3.76588;-3.93702;-3.89178;-3.88917;-4.11078;3.78855;-3.85744;-3.86886;4.0542;3.93359;3.90476;3.87658;4.11516;4.11014;3.89825;4.04055;3.89059;-4.14296;3.8112;-3.90264;-4.10233;-3.93567;4.01333;4.10251;3.94639;-4.06187;-3.94594;3.82082;-4.08075;-3.85898;3.9423;4.02724;3.88667;3.97786;3.95238;3.98346;4.01408;4.00044;-3.97249;-3.91503;-4.09231;-4.00544;3.9518;3.83815;0
-0.861349;4.02966;4.04853;-4.04492;3.80485;3.94877;-4.15755;-4.10347;-4.18983;-3.87804;3.92777;-3.92506;-4.07647;4.01909;4.01615;3.90582;4.03075;4.09159;3.94751;3.94029;3.92882;4.16824;-3.89997;3.84313;-3.90264;-3.9986;-3.93567;4.03548;4.10251;4.09863;-3.73713;-3.98068;3.93031;-3.8334;-4.03114;4.00569;4.02724;3.97261;3.97786;4.00853;3.98346;4.1507;3.85105;-4.17415;-3.90778;-3.97269;-4.02652;3.98801;3.94932;0
-0.861349;3.88001;4.0838;-3.93881;3.83724;4.12908;-3.77984;-3.93388;-4.17269;-3.99269;3.91892;-3.88933;-3.97382;4.08085;3.96731;3.98393;3.98952;3.91089;4.04725;3.96932;4.08683;4.01829;-4.03681;3.91717;-3.94932;-3.90165;-4.18843;3.88852;4.05776;3.8052;-3.9443;-3.98068;3.89934;-3.9722;-4.19559;4.00569;3.99676;3.95734;3.94789;3.86491;4.0943;4.07309;3.91926;-4.00791;-4.00267;-4.01315;-3.73436;4.00373;3.95155;0
-0.861349;3.84807;4.0233;-3.79974;3.88252;4.00245;-3.96146;-3.93489;-4.07631;-3.90768;3.82813;-3.99264;-4.03639;3.99061;3.97301;3.9687;4.01444;4.03058;4.07713;4.17064;4.00003;3.94601;-3.94339;4.01007;-3.76021;-3.95248;-3.84416;3.8368;3.97139;3.72028;-4.03437;-3.89839;3.74336;-3.952;-3.98592;4.01301;4.00682;3.97538;3.97282;3.95679;4.07912;3.87958;4.03604;-3.92954;-4.05541;-4.09353;-3.85454;3.94896;3.97754;0
-0.861349;4.03817;3.94904;-3.98909;3.92448;3.87871;-4.10746;-3.97439;-3.9999;-3.9325;3.96846;-3.89077;-3.95323;4.03932;3.94915;4.19451;4.01444;4.08683;3.90981;3.96237;4.01659;4.05759;-3.92347;3.80513;-3.8647;-3.99863;-4.10741;4.09689;4.02872;3.85912;-4.00367;-3.89456;4.06924;-3.71797;-3.93277;4.01301;4.12638;3.97538;4.10945;3.93314;3.99499;4.04302;4.13095;-4.15303;-3.91073;-4.08851;-3.90066;3.94896;4.08458;0
-0.861349;3.9768;3.86164;-3.99076;4.12694;3.90204;-3.95143;-3.92699;-4.04615;-3.90559;3.915;-3.99546;-4.06004;4.1465;3.98802;3.98017;4.01444;4.1209;4.01973;4.06461;3.93635;3.92954;-3.98832;3.97802;-3.81955;-4.05138;-4.0124;4.22551;3.90608;4.01192;-3.96348;-4.04662;3.89578;-3.95352;-4.03532;4.04717;3.95238;4.00049;4.13214;3.89881;4.04962;3.97277;4.09427;-3.79087;-3.87182;-3.82251;-4.12365;3.94325;3.83693;0
-0.387731;-3.82258;-3.95397;4.0178;3.90715;-3.96522;-4.03061;3.93491;-3.87506;-4.11414;-4.08028;-4.12481;3.90434;-3.83789;-3.99927;-3.86675;-4.00858;-3.84489;-3.92669;3.98338;-3.89447;4.08361;4.1603;-3.83441;-3.97239;3.92726;-3.9834;4.09846;3.93402;4.01408;-3.99256;3.97472;4.05051;-3.88151;3.79988;-4.12981;-3.9347;4.03938;3.83278;3.8266;4.08355;3.90264;-3.78107;3.97148;4.01553;3.98625;-3.96425;-3.96743;4.05783;0
-0.387731;-4.03283;-3.89927;4.0178;3.94862;-3.74498;-3.97027;3.85726;-3.8304;-3.93371;-3.86004;-3.66102;3.84092;-3.92618;-4.02763;-4.06216;-4.02435;-4.15861;-3.95258;3.98449;-3.8798;4.01476;4.19063;-3.8924;-4.17221;3.89364;-3.93978;4.08043;3.81435;3.94974;-4.04209;3.94248;3.87389;-3.95688;3.90319;-3.8723;-3.97704;3.84983;3.8561;3.92635;3.89018;3.97415;-3.77213;4.01543;3.86419;4.08207;-3.96425;-3.87073;3.92204;0
-0.387731;-4.03055;-3.91855;3.90676;4.11447;-3.90882;-4.00286;3.97905;-4.00714;-4.2236;-4.05772;-3.98294;4.08085;-3.99167;-3.80355;-4.01921;-4.17932;-3.89462;-4.01777;3.81512;-3.97687;3.991;3.90669;-3.93298;-3.9968;3.91626;-3.90134;3.94015;4.08598;4.02151;-3.99806;3.8326;3.82895;-3.79068;3.97641;-3.97589;-4.016;3.93635;3.88603;3.91486;3.85612;4.06133;-3.96866;3.95241;3.92141;3.9566;-3.99806;-3.90782;3.7454;0
-0.387731;-4.03055;-4.04145;4.0713;4.0704;-3.88259;-3.95685;3.83967;-3.94224;-4.13162;-3.99742;-4.02927;3.97577;-3.97531;-4.0929;-4.01921;-3.99265;-4.02203;-3.9288;3.7586;-3.97815;3.95747;4.03102;-3.93121;-3.91707;3.90825;-3.90134;3.94015;4.1248;3.94308;-3.83106;3.93577;4.0603;-4.11466;3.90484;-4.04357;-3.96189;3.93512;4.1431;4.04865;4.0815;3.87116;-3.91703;4.02216;3.9379;4.0179;-3.98398;-3.85327;3.82129;0
-0.387731;-4.14043;-4.03658;4.06441;3.92423;-3.92334;-3.8978;4.0624;-3.83007;-3.97379;-4.04899;-3.91867;4.21197;-3.79689;-4.06294;-3.98897;-4.13541;-3.94001;-4.10669;3.83995;-3.96228;4.0134;3.96808;-3.82922;-3.99725;3.91195;-3.86171;3.99263;4.05812;4.05805;-4.03323;3.94354;3.93449;-3.95341;3.88895;-3.92798;-4.05208;4.00627;4.02699;4.09415;3.93879;3.91928;-3.96861;3.94715;3.95586;3.75444;-4.07547;-4.00667;3.96079;0
-0.387731;-3.90446;-4.00387;4.04078;4.04573;-4.03412;-3.99191;3.98118;-3.86301;-3.93332;-3.97026;-4.0704;3.90154;-3.90458;-4.12328;-3.93029;-3.93827;-4.13087;-3.89874;3.87121;-4.03855;4.0134;4.04385;-3.99242;-4.12064;3.8349;-3.78468;3.9423;3.94066;4.05805;-4.05102;4.04211;3.97654;-4.02521;3.8613;-4.02292;-4.01232;4.01296;4.01011;4.15925;3.9726;4.04609;-3.7927;3.98151;3.92873;3.83695;-3.97425;-3.9688;4.02883;0
-0.387731;-3.91106;-4.00387;3.95695;3.8054;-4.10448;-3.99622;3.82047;-4.02005;-4.01144;-3.93462;-3.91116;3.87136;-4.02384;-4.06015;-3.78475;-4.12004;-3.91969;-3.86166;3.93586;-3.98645;4.0134;3.90981;-4.05624;-4.08341;3.94489;-3.98533;3.86577;4.01297;3.97857;-4.02187;3.9711;4.06777;-3.86938;3.88293;-4.01877;-3.93757;4.01296;3.9953;3.88163;4.03824;3.99456;-3.9668;3.9503;3.97401;4.07238;-4.04122;-4.06158;3.99506;0
-0.387731;-3.9943;-3.91262;4.01657;3.81762;-3.80029;-3.89216;3.88578;-3.99725;-3.88497;-4.04899;-3.92052;3.98432;-4.02498;-4.02403;-3.94559;-4.0924;-4.09932;-3.8683;3.89173;-3.79334;4.05837;3.89528;-4.09886;-4.0201;3.91534;-4.06045;3.93049;4.03769;3.94905;-3.90539;4.18529;3.91509;-3.94307;3.89721;-3.89882;-3.99545;4.13193;3.91507;4.02132;4.03092;3.9608;-3.92398;4.10777;3.99864;3.97788;-4.01151;-3.97609;4.00023;0
-0.387731;-4.04972;-3.83885;3.83949;3.97593;-3.9813;-4.15494;3.88578;-3.97712;-3.97438;-3.93474;-3.94357;3.91244;-4.00957;-4.15876;-4.12635;-4.03997;-4.05713;-4.02518;3.96307;-3.86794;3.8923;3.96335;-3.9682;-4.01257;3.90267;-4.03885;3.93866;3.90486;3.76335;-3.92298;4.06245;3.98219;-3.88879;3.9255;-3.84714;-3.97098;3.91674;4.03773;3.97895;3.86765;4.05204;-3.97083;4.03257;3.93666;3.84338;-4.01021;-4.07986;3.76101;0
-0.387731;-4.04972;-3.89155;3.88125;3.99504;-3.97888;-4.05575;3.88578;-4.02659;-4.23686;-3.99995;-4.03224;3.95778;-3.96677;-4.1419;-3.8675;-4.13409;-4.08932;-3.94348;3.9176;-3.95085;3.85344;3.94498;-3.95356;-4.01651;3.91415;-4.08526;3.98359;3.91476;3.9383;-3.91586;4.07064;4.01149;-3.94985;3.98778;-3.93427;-4.00165;4.00475;3.86494;3.8774;3.92593;3.8745;-3.84549;4.06329;3.93388;4.0559;-4.01021;-3.91626;3.97322;0
-0.640025;-3.96198;-3.90041;-4.08554;3.97898;4.12817;3.86088;-3.85339;3.93584;3.9866;4.04311;4.01773;-3.78104;4.10779;3.99687;3.93878;4.05715;-3.94831;-3.83929;3.92954;-3.94597;3.91113;3.96974;4.06578;3.93792;-3.77504;4.05403;-4.14835;-4.00143;-3.94816;3.82602;-3.85585;-4.107;-4.07976;4.00168;4.05507;-3.80436;-3.88394;-3.9447;3.73342;-3.96595;3.92496;-4.03973;4.00469;-3.87126;3.94411;-3.84858;3.96203;3.75423;0
-0.640025;-4.0584;-3.83401;-3.92124;4.02556;4.01608;4.11296;-3.74719;4.01079;3.96689;3.87812;3.88613;-3.9458;4.09909;3.98489;3.95871;3.9539;-3.93092;-4.06229;4.06321;-3.85707;3.94051;3.99821;3.89354;4.08439;-3.9811;3.91105;-3.83444;-3.86172;-3.77207;4.0258;-3.90259;-3.99073;-3.95597;3.93164;3.86223;-4.04019;-4.16072;-3.977;3.97002;-4.10995;4.00809;-3.85119;3.77461;-3.97013;3.91074;-3.84858;4.09088;3.9328;0
-0.640025;-4.02227;-3.89253;-3.86201;3.98232;4.03657;3.96057;-3.97226;3.96758;4.22228;4.02719;4.14179;-3.90092;4.09909;3.84197;3.99918;3.87811;-4.02497;-3.97192;3.91319;-3.8999;3.9947;3.98589;3.92115;3.98735;-3.88395;3.96905;-3.98393;-3.87;-4.03939;3.95353;-4.03204;-4.11902;-3.98793;4.09585;3.89222;-3.96293;-4.08584;-3.92943;3.85383;-3.84472;3.87481;-3.97328;3.93987;-3.90022;3.97975;-3.78136;3.84274;4.00791;0
-0.640025;-4.01663;-4.0195;-3.91016;3.94044;3.96241;3.98802;-4.02762;4.03063;3.91686;3.9691;3.85176;-3.9313;3.85889;4.04916;3.96826;4.08599;-3.85408;-4.03266;4.04086;-4.13228;3.75035;3.92517;4.01333;3.79061;-3.72057;4.07813;-4.06187;-3.92469;-3.94937;4.05285;-3.90251;-4.00693;-4.02784;3.92997;3.86859;-4.02092;-4.05876;-3.98333;3.78625;-3.91178;3.96204;-3.87312;4.03188;-3.98535;3.74605;-3.97288;4.10201;4.08976;0
-0.640025;-4.192;-4.08995;-3.96325;4.03429;3.94335;3.90726;-4.07963;4.06027;3.96883;4.10594;3.97024;-3.71336;4.06221;4.05128;4.02512;3.92144;-3.82408;-3.98921;3.77589;-3.93971;4.00477;3.96427;4.02234;4.06971;-3.76824;4.05912;-3.83866;-3.97936;-3.95024;4.0022;-3.83405;-4.10575;-4.01929;3.9567;3.95748;-4.03847;-3.95432;-3.98333;3.87105;-3.84978;3.86011;-3.99497;3.93506;-3.93422;3.80418;-3.83299;4.16866;4.0603;0
-0.640025;-4.02501;-4.02761;-3.98505;4.07426;4.10399;3.94289;-3.92631;3.93961;4.07065;4.0153;3.87285;-3.94966;3.93901;3.95689;3.98609;4.03174;-3.95261;-3.71798;3.87208;-3.84126;3.95083;3.95418;4.12359;4.0901;-3.95821;4.07953;-4.06504;-4.08815;-3.9689;4.00281;-3.94021;-3.97863;-3.99133;4.0223;3.96191;-4.0781;-3.96745;-3.96907;3.75174;-3.95095;3.85897;-3.85974;3.94111;-3.91443;3.9325;-3.90291;4.03943;3.93671;0
-0.640025;-3.9281;-4.04579;-3.76117;3.81271;3.9424;3.97233;-3.9291;3.94889;4.16466;3.87533;3.93542;-3.77189;3.98407;4.00829;3.98669;3.8627;-4.01697;-4.00949;3.90947;-3.96997;4.06092;3.92953;4.07045;3.9418;-3.91411;3.84307;-3.90956;-3.80632;-3.92234;3.93423;-3.96263;-4.0614;-3.77017;4.0445;4.05417;-4.25637;-3.96745;-3.92854;4.12943;-3.81294;3.94536;-3.91372;3.97208;-3.92735;3.92422;-3.9751;3.95607;3.93552;0
-0.640025;-4.02218;-3.97536;-3.94027;3.96151;3.93669;3.87489;-4.00118;4.11747;3.88804;4.0148;3.86058;-3.78486;3.90698;3.91697;4.09547;4.02778;-3.88519;-3.98702;4.04556;-3.88531;4.09474;4.04949;4.05031;3.9892;-3.86129;3.98231;-3.92667;-3.86698;-3.9809;3.89451;-3.99764;-3.94803;-3.88455;3.91235;3.96898;-3.89263;-3.93832;-3.93531;4.08864;-3.7366;3.84975;-3.91137;3.82322;-3.94327;3.94264;-3.80505;3.96046;4.1452;0
-0.640025;-3.99265;-3.98296;-4.10854;4.08391;3.96869;3.9053;-4.01824;3.74475;4.01628;4.06628;3.97592;-3.82601;4.09067;4.07023;4.09194;3.79371;-3.92982;-3.98702;4.08147;-3.88439;4.22248;3.91721;4.11752;3.71805;-3.96416;3.70085;-4.11963;-3.86698;-4.03311;3.84913;-3.97539;-3.98156;-3.83848;3.99171;3.88835;-3.96046;-4.02037;-3.96546;4.04736;-3.97519;3.94367;-3.97819;3.97933;-3.95868;3.81047;-4.01813;4.0067;4.08094;0
-0.640025;-4.02779;-3.89297;-3.84307;3.99751;4.03753;4.09925;-3.97101;3.89311;3.81321;3.97899;3.96768;-3.91062;4.01298;4.10111;3.79033;3.96539;-4.08057;-3.89359;3.89953;-3.96874;3.88489;3.88133;4.12137;3.99184;-3.92153;3.89296;-3.86935;-4.04562;-4.06965;3.81314;-4.13807;-4.09437;-3.91782;4.02558;4.09294;-4.03043;-3.9155;-3.99105;3.99526;-3.8702;4.0276;-3.95181;3.77227;-3.83369;4.09854;-3.9948;4.0067;4.01251;0
0.883761;-3.87001;-3.9644;-4.02558;-4.07747;3.92985;-4.02729;-4.0166;-4.03284;-4.02869;-4.00469;-3.96802;-3.96046;3.8535;3.93615;-3.85838;3.85083;-3.76514;-4.13719;-3.88814;3.84622;-4.00816;-3.98648;-3.96178;-3.94081;3.95507;4.16662;4.01046;-4.15297;-3.9354;4.15295;3.94779;4.11968;3.853;-3.9829;-3.84657;4.05389;-3.84071;3.84374;-3.88279;3.99245;3.966;3.97054;3.9669;-3.80628;3.91763;-3.98463;3.9208;4.02188;0
0.883761;-3.87135;-3.83;-3.92145;-3.9013;3.88456;-3.93501;-4.17785;-3.90393;-3.87566;-4.00509;-4.09042;-3.96046;3.92154;4.04263;-3.92031;3.88897;-4.05984;-3.98349;-3.9055;3.84622;-3.91805;-3.97238;-3.75806;-3.94081;4.15961;4.00561;3.88954;-3.97397;-4.0523;4.09313;3.92933;3.96954;3.77761;-4.14113;-4.00155;3.9602;-3.89158;4.00887;-3.81284;3.89324;4.10218;3.95788;3.9142;-3.85737;3.96144;-4.02707;3.95445;4.04268;0
0.883761;-4.06077;-3.96594;-3.92145;-3.9149;3.83026;-3.7318;-4.11334;-4.13311;-3.85171;-3.9865;-4.12728;-3.90903;3.94475;3.88125;-3.89066;3.97729;-3.89602;-4.02331;-4.10085;3.89686;-3.77575;-3.97238;-4.06248;-4.0294;4.00836;4.07057;4.10379;-3.86647;-3.97807;4.0711;3.87301;3.98174;3.92307;-4.00625;-4.02821;3.98252;-4.07152;3.89176;-3.96965;3.85084;3.98199;3.94733;4.05193;-4.05957;3.93839;-3.95073;4.1138;4.08944;0
0.883761;-3.69766;-3.93788;-4.05688;-4.06673;3.86816;-4.02709;-4.22436;-4.00984;-3.83941;-4.07602;-3.84412;-4.11164;3.74778;4.04317;-3.76199;4.04077;-3.78112;-4.04473;-3.84093;3.96522;-4.17297;-3.83884;-4.09851;-4.04046;4.00836;4.09008;3.9694;-4.11385;-3.79126;4.01871;4.08058;3.91517;4.03539;-4.00122;-3.90673;3.91474;-4.04907;3.93621;-3.91147;3.90536;4.03651;3.83783;3.91591;-3.80333;4.04223;-4.01422;3.89563;4.00927;0
0.883761;-4.08644;-3.861;-4.03899;-3.85587;3.86064;-3.90066;-4.04032;-3.91622;-4.13212;-4.06516;-4.01952;-4.09588;4.00937;3.96025;-4.05472;4.06689;-3.99418;-3.85113;-3.84093;3.66624;-4.02142;-4.0463;-3.96131;-4.02747;3.9279;3.92464;3.85371;-4.08115;-3.83325;3.93573;4.08058;3.89125;3.9171;-3.9104;-4.02136;3.76943;-4.05205;3.80212;-3.94677;4.01028;4.17846;3.87327;3.80557;-3.76423;3.92173;-3.77677;4.05147;3.91488;0
0.883761;-4.05102;-4.06516;-4.0751;-3.97212;3.80631;-3.94185;-4.09334;-3.98057;-3.98167;-4.01433;-3.88257;-3.91011;3.97549;3.99213;-3.88993;4.0357;-4.02276;-3.96838;-3.87948;3.9429;-3.94657;-4.00592;-3.98973;-4.06716;4.22295;3.99738;4.11367;-3.97118;-3.92381;3.98368;4.02203;4.16894;3.81057;-4.0825;-4.03849;3.97962;-3.82285;3.78768;-3.93451;4.04247;4.1001;4.10967;3.96145;-4.07397;3.85932;-4.05447;3.95006;4.03291;0
0.883761;-3.97356;-4.12781;-4.06109;-3.89515;3.96091;-3.90669;-4.04556;-4.03018;-3.9881;-4.01196;-3.9403;-3.9554;3.81437;3.91815;-3.93575;3.81075;-3.99443;-4.10792;-4.06827;4.08821;-3.81415;-3.9705;-3.97391;-3.94466;3.99233;4.09643;3.97588;-4.04939;-4.14774;3.87575;4.02328;4.01785;4.03508;-3.89685;-3.91547;3.81692;-3.91327;4.04555;-3.87824;3.96457;3.898;4.0742;4.01779;-4.07397;3.87423;-4.01711;3.90962;4.01168;0
0.883761;-3.76661;-3.85547;-3.94385;-3.85248;3.82623;-4.01074;-4.03436;-4.01823;-3.99472;-4.06299;-4.07378;-4.08273;3.84929;4.1818;-3.80675;4.00297;-3.94679;-3.94037;-4.23264;3.9508;-4.09273;-3.98369;-3.917;-4.02174;4.06082;4.10296;3.89041;-4.04391;-4.03421;3.79044;4.03913;4.09825;4.05971;-4.0709;-3.91237;3.95365;-3.90301;3.89812;-3.89828;4.01583;4.08894;3.94093;4.12738;-3.84045;3.9161;-3.901;3.91445;3.92338;0
0.883761;-4.05728;-3.8988;-3.96341;-4.00698;4.1522;-4.01074;-3.98603;-4.03312;-3.86704;-3.87667;-4.08365;-4.09302;4.02288;3.93728;-3.81095;3.89227;-3.92933;-3.91502;-4.00126;4.07222;-4.11302;-4.02016;-3.71903;-4.07423;3.86692;3.74977;3.75117;-4.09078;-4.09253;4.03257;3.91313;4.10348;3.99941;-3.99601;-4.03157;4.00876;-3.92626;3.87687;-3.92906;4.04331;3.91512;3.9278;3.81035;-4.0055;3.94268;-3.99668;3.85286;4.01643;0
0.883761;-3.89237;-3.98171;-4.0477;-4.03437;3.89038;-3.90313;-3.87732;-4.13989;-4.07013;-3.94298;-3.84344;-3.87218;3.99134;3.95303;-4.07257;3.89143;-4.02092;-4.00072;-3.99224;3.69351;-4.00718;-4.06185;-4.20506;-3.97256;4.01376;3.86868;3.90416;-3.98603;-3.88494;4.02944;4.17583;3.98414;3.96954;-4.01764;-4.05989;3.85074;-4.01471;4.0449;-3.86317;3.88272;4.03761;4.01722;4.10467;-4.00337;3.82824;-3.81549;4.00916;3.96431;0
-0.00384762;3.88231;-3.90392;-3.95837;-3.99382;3.83866;-4.03964;-4.07837;-3.99458;3.75436;-3.95611;4.00919;-3.99447;3.89084;3.97303;4.04512;-4.10137;-3.98612;-4.16776;3.97244;-4.00359;3.87124;-3.92461;3.96163;4.11236;-3.99729;-4.12446;4.02973;3.93916;-3.87102;3.88426;-3.95466;-4.1194;-4.08326;3.93177;3.86058;-4.06162;3.87109;4.07788;3.95846;3.92382;3.98931;4.03055;3.94084;-3.98906;3.8046;-4.03978;-3.97576;3.93715;0
-0.00384762;3.88231;-3.9754;-3.96981;-4.08855;3.77187;-4.08392;-3.99158;-3.99458;3.9214;-4.04436;4.00557;-4.0829;4.09568;4.04502;3.8909;-3.85893;-4.02198;-4.05028;3.96195;-3.85701;3.88391;-3.87873;4.04114;3.99533;-4.06626;-3.87782;4.04511;4.06817;-3.89947;3.95267;-3.83839;-4.05793;-3.92768;4.0989;3.9222;-4.02762;3.97814;3.85682;4.05599;4.01908;3.93137;3.8814;3.74339;-4.01826;3.74284;-3.95633;-3.85979;3.73415;0
-0.00384762;4.12795;-3.65179;-3.8834;-3.83604;3.90745;-4.00622;-3.95682;-3.99458;3.93851;-3.87594;3.89453;-3.78106;3.91681;3.96214;3.99704;-4.01075;-4.03041;-3.88252;3.9717;-3.90749;3.95823;-3.98786;3.96606;4.13813;-3.96716;-3.81386;3.83928;4.07979;-3.80268;4.05378;-3.99378;-3.8453;-3.94775;3.88858;3.93981;-3.81684;3.88065;3.90205;3.8573;3.99923;3.99318;3.90007;4.01435;-3.82456;3.99457;-3.88194;-3.92833;3.90993;0
-0.00384762;3.89394;-3.92462;-4.0861;-4.02232;3.90745;-4.02123;-4.14293;-4.11414;4.03023;-3.99831;3.77933;-4.00156;3.90202;4.03516;4.10105;-3.95262;-4.03041;-4.03425;3.77915;-3.89802;3.77085;-4.10174;4.08722;3.96029;-3.98928;-3.95201;3.88073;3.88815;-3.98633;4.09407;-3.90406;-3.89697;-4.03784;3.86068;3.93019;-3.94127;4.05235;4.06821;3.96617;4.08243;4.02228;3.9321;3.95564;-3.97303;3.95408;-3.99662;-3.89144;3.92994;0
-0.00384762;3.88303;-3.89392;-3.94713;-3.96057;3.73199;-3.97901;-3.98673;-3.9741;3.96671;-4.02918;4.03176;-3.93523;4.01009;4.00663;3.95976;-3.95262;-4.09057;-4.04206;3.82377;-3.8345;4.00156;-3.87884;4.02932;3.73437;-3.87716;-3.94822;3.96612;3.9025;-3.88979;3.88494;-3.81096;-4.00101;-3.96953;3.94372;3.98701;-3.91451;3.79973;3.96797;3.92066;3.90092;4.17289;3.94637;4.05232;-3.92999;4.03603;-4.10082;-3.99886;3.92994;0
-0.00384762;3.95565;-3.93724;-4.12188;-4.0603;3.94163;-3.89689;-3.84596;-3.9495;3.7928;-4.08622;3.71079;-3.79482;3.8546;4.01916;3.96261;-3.99148;-3.944;-3.87456;3.72622;-3.95678;3.98596;-4.07504;3.97766;4.08293;-4.03664;-3.94822;3.80975;3.91135;-3.88979;3.95786;-3.96099;-4.01576;-4.00846;3.94138;4.08633;-3.97733;3.90913;3.90906;3.92449;3.97423;4.11178;4.04007;3.82158;-3.98127;3.84681;-3.99139;-3.9221;4.02926;0
-0.00384762;3.9639;-3.98639;-4.22704;-3.78936;3.7491;-4.13752;-4.16081;-3.94455;3.89398;-3.82345;3.84213;-3.96838;4.00687;3.92602;3.82646;-4.08864;-3.98495;-4.22379;3.95845;-3.91786;3.91503;-3.75439;4.04642;3.90715;-3.94734;-3.96653;3.99433;3.82962;-4.19346;3.77465;-3.94993;-4.05627;-3.91597;4.0084;4.14593;-3.85659;3.99047;3.95677;3.92449;3.97423;4.07102;4.1474;3.90699;-4.0272;3.95813;-3.90442;-3.83479;3.97216;0
-0.00384762;3.93741;-3.95149;-3.89753;-3.97944;3.76801;-4.05491;-4.03397;-4.02068;3.87634;-3.97574;3.89709;-4.03079;4.02135;3.93146;4.16681;-3.97436;-3.95334;-3.89071;4.035;-3.81537;3.93546;-3.91801;3.96063;3.99822;-3.93352;-3.87674;3.82075;4.0455;-3.95377;3.87334;-3.94362;-4.10248;-3.73044;3.99955;4.1254;-3.87641;3.92475;4.09064;3.86372;4.13122;3.97062;4.18082;3.87818;-3.83548;4.00355;-3.86857;-3.8222;3.93578;0
-0.00384762;3.9422;-3.83948;-3.90047;-3.85716;3.88892;-4.06064;-4.10508;-4.0069;4.00637;-4.00826;3.80479;-4.1202;3.94746;3.91064;3.89865;-4.01307;-3.95334;-3.8281;3.8047;-4.01611;3.69632;-3.87704;4.0236;3.94562;-4.01701;-3.90121;3.90347;3.97658;-3.94372;3.87334;-4.06924;-4.19668;-3.99859;3.98722;4.12183;-3.92709;4.03121;4.02216;4.08186;3.94274;4.14317;4.04553;3.90741;-3.90246;4.09176;-3.82546;-4.08581;3.89929;0
-0.00384762;3.90529;-3.97539;-4.06133;-3.92181;3.87558;-4.01751;-4.00655;-4.0069;4.07247;-3.91844;3.81504;-3.85195;3.83317;4.14594;3.95698;-4.008;-4.11559;-3.78088;4.18309;-4.07921;3.77747;-3.76756;3.77756;4.01659;-3.96829;-3.85241;3.90347;3.9639;-3.86158;4.06241;-3.91027;-3.88945;-3.98014;3.99251;3.8158;-3.94902;3.9436;4.05052;4.00181;3.94274;3.99066;3.92334;3.90952;-3.9707;4.01108;-3.8775;-3.98811;3.95348;0
0.138515;-4.00173;-4.06092;-4.04278;3.87063;4.10855;-3.62424;-3.97837;3.90431;3.83715;-4.02132;4.10922;-3.93524;3.86199;-3.93827;-4.13075;-4.27794;-4.04043;4.11708;4.12074;3.88634;3.87131;-3.99003;-3.92876;-3.9832;-3.9174;-3.97627;4.00506;-3.91196;3.76143;4.0305;3.91312;3.86455;3.9493;3.88343;3.97609;-3.93048;-4.03586;-3.97455;3.93126;-3.9749;4.10334;3.99471;-3.95957;-3.91802;-3.88483;-3.98722;4.02699;3.89078;0
0.138515;-3.97301;-4.06092;-3.90608;3.75261;4.0013;-3.95137;-4.0469;3.97448;3.94839;-4.01601;3.73642;-3.76321;3.97143;-3.91552;-3.98033;-3.9103;-4.05015;3.91686;4.14144;4.00182;4.02516;-3.75635;-3.93669;-4.14677;-4.12203;-3.85832;4.08792;-4.11083;4.10033;4.09131;4.03749;4.14908;4.08721;3.9636;4.04178;-3.92923;-4.0077;-3.95306;3.93126;-4.00952;3.94919;3.89598;-3.93404;-3.88631;-4.14353;-3.97286;4.03243;3.8146;0
0.138515;-3.90561;-3.96862;-3.81335;3.9073;3.88485;-3.93851;-3.88155;4.06536;4.01799;-3.9024;3.91385;-3.94328;3.82084;-4.02038;-4.00232;-4.05504;-3.91562;3.97581;3.85245;3.9535;4.04469;-4.12807;-4.02347;-3.94606;-4.12303;-3.98985;3.83964;-3.93291;3.94392;4.02649;4.03749;4.0252;3.96423;4.02545;4.02424;-3.9585;-4.09124;-3.9029;3.96698;-3.99226;3.94919;3.82882;-3.92786;-3.84083;-4.0445;-3.9127;4.08762;3.96352;0
0.138515;-3.95372;-3.98609;-4.04334;3.90363;3.80515;-4.06805;-3.93899;3.92721;3.95062;-4.00513;4.0017;-3.9215;3.8462;-3.90699;-4.05761;-4.00939;-4.18484;4.07447;4.07801;4.00334;3.90695;-3.93837;-3.99114;-4.15013;-3.94895;-3.94544;4.04664;-3.89128;4.108;3.97138;4.16121;4.02481;4.17272;4.08548;3.90863;-3.88854;-3.98509;-3.94508;3.88299;-3.83842;3.94919;3.70212;-4.07306;-3.91567;-4.0072;-4.00852;3.95167;3.95358;0
0.138515;-4.00052;-3.98609;-3.92794;3.89197;3.89877;-3.91132;-4.02695;3.83566;3.98146;-3.96625;3.92538;-4.07059;3.8333;-3.90699;-3.95982;-3.99149;-4.16881;4.03326;3.94878;3.87161;4.05648;-4.06576;-3.99318;-4.13712;-3.8763;-4.06937;3.85533;-4.00558;3.73474;4.12058;3.92095;4.02481;3.96308;3.95777;3.7868;-3.9368;-3.91996;-4.00934;3.89467;-3.95012;4.08619;4.16341;-4.04368;-3.95773;-3.98952;-3.91956;3.79113;3.90739;0
0.138515;-3.89092;-3.91303;-3.98622;4.0292;3.89766;-3.93429;-3.95077;4.0058;4.0541;-3.99761;3.91584;-3.90354;3.91061;-4.04781;-4.05693;-3.99149;-3.9427;3.85317;4.13315;3.93863;4.1105;-4.07499;-3.98608;-4.06207;-3.98263;-3.97277;3.83385;-3.79523;3.94364;3.8308;4.09554;3.87709;3.8273;4.04768;3.88856;-4.04885;-3.94072;-4.00462;3.96836;-3.87612;4.10586;3.80597;-3.74524;-3.99252;-3.96;-3.9301;3.97275;3.94683;0
0.138515;-3.8024;-4.12562;-3.9482;4.1027;4.08257;-4.02184;-4.02134;3.91104;4.07283;-3.8241;3.99905;-3.92713;3.93757;-3.9903;-3.96547;-4.07108;-3.9427;4.17467;3.98219;4.01083;3.91405;-3.94725;-3.89062;-4.11579;-4.0989;-3.98653;3.89309;-3.89256;3.95118;4.17937;4.11121;4.10183;3.88365;4.0911;3.91259;-3.95539;-3.91731;-3.96135;4.00782;-3.98329;4.00337;4.03356;-3.8857;-3.98031;-3.98648;-3.91143;3.9844;4.07266;0
0.138515;-4.11799;-4.04379;-4.03712;4.05614;4.05237;-3.93755;-3.96496;3.9826;4.01631;-3.87874;3.77463;-3.96305;3.94729;-3.83348;-3.89031;-4.02368;-3.85442;4.04289;3.98219;4.01083;3.9454;-3.91832;-4.00845;-4.08795;-3.99657;-3.92073;3.87356;-3.86723;4.01098;4.14385;4.03477;4.0669;3.98509;3.94281;4.07031;-4.07132;-3.88451;-3.96135;3.7724;-4.05215;4.029;4.01594;-4.06558;-3.92287;-4.07076;-3.89762;3.95504;4.09998;0
0.138515;-3.95964;-4.06873;-3.95739;3.87836;4.09854;-3.98577;-3.85509;4.00647;4.06895;-3.92364;3.91435;-3.81084;3.95554;-3.8544;-4.00136;-4.08172;-3.91423;3.95092;3.90181;3.88937;3.9244;-4.07426;-3.90848;-3.98222;-3.94618;-3.92927;4.00949;-3.95118;3.92329;4.13277;3.99994;4.00116;4.05581;4.05316;3.90122;-3.89305;-4.09425;-4.02272;3.80088;-3.90088;3.87407;3.9434;-4.08039;-4.07662;-4.14861;-4.079;4.05652;3.93349;0
0.138515;-3.85712;-4.08688;-4.03732;3.99655;4.05301;-3.85649;-4.03892;3.98994;3.84999;-4.01048;3.87266;-4.00889;3.8748;-4.04638;-3.96385;-3.91189;-3.97923;3.87924;4.13896;4.191;3.89032;-3.93073;-3.90848;-4.07231;-4.05753;-3.87645;3.92145;-4.06658;4.02887;3.97714;3.9684;3.92353;4.05581;4.02176;3.91677;-4.10187;-4.02189;-4.14963;3.84189;-3.9127;4.04573;3.97394;-4.04012;-4.01434;-4.05957;-4.17409;3.99182;3.80135;0
