0;1;2;3;4;5;6;7;8;9;10;11;12;13;14;15;16;17;18;19;20;21;22;23;24;25;26;27;28;29;30;31;32;33;34;35;36;37;38;39;40;41;42;43;44;45;46;47;48;49;50
0.93306;0.679671;0.621038;0.662559;-0.271912;0.727265;0.185508;0.375906;0.678144;-0.606423;0.0983748;0.270209;-0.0990034;-0.0473975;-0.275584;0.572988;0.783867;1.05601;0.886376;0.299832;0.249253;1.08112;0.721647;0.724018;-0.372296;0.521859;-0.146152;-0.251349;0.177136;-0.818434;-0.613572;0.804218;0.265064;0.377825;-0.563038;-0.399849;-0.326897;0.236021;0.594471;0.199615;-0.0658644;0.666782;0.305232;0.28816;0.244328;0.527002;0.194967;0.317639;-0.517203;0.198681;0.93306
0.93306;0.552339;0.357858;0.400417;-0.0364661;-0.19268;-0.0205148;0.309533;0.662737;0.488146;-0.194211;-0.318257;-0.277534;0.836644;-0.488929;-0.92594;0.902221;0.877149;0.662988;-0.821524;-1.32612;-0.150624;1.08248;0.54853;1.40752;0.608586;-0.133125;-1.10446;0.369442;0.560634;-0.166752;-0.354574;0.117167;-0.523329;-1.18603;-0.356101;-0.543529;-0.481535;0.107131;0.0487983;0.60451;-0.424485;-1.15139;-1.21764;-0.491455;-0.164973;-0.100199;0.196142;-0.226822;0.479937;0.93306
0.93306;0.561325;0.44708;-0.126262;1.00574;0.466557;-0.671933;0.074494;0.253167;-0.06582;0.677729;0.554438;0.56437;0.142052;-0.307711;-0.505606;-1.13537;-1.14517;-1.39504;-0.393527;-0.269176;0.34252;1.23148;1.43865;0.865892;0.399624;-0.789625;-0.755545;-0.477767;0.726301;-0.346265;0.425109;0.494192;0.670533;0.546635;-0.787706;0.402078;-0.13426;0.562054;0.521159;0.352009;-0.359305;0.135623;0.531437;0.45927;-0.634049;0.576201;-0.247459;-0.39919;-0.123922;0.93306
0.93306;-0.295458;-0.36273;-0.666691;-0.901492;0.0404812;-0.0205553;0.0611419;-0.957424;-0.752114;-0.592543;-0.404402;-0.276006;-0.412587;-0.0905695;0.271118;0.373121;0.998537;-0.333763;0.159633;-0.986348;-0.0194045;0.179058;-0.633746;-0.637568;0.17292;-1.69707;-0.40085;-0.795256;0.680296;-0.265839;0.331556;0.259778;0.0678303;0.405343;-0.858517;-0.743907;0.214616;-0.0740798;-0.637182;-0.156159;-0.937205;-1.04127;1.10019;-0.23017;-0.431347;-1.84085;0.351054;1.11058;0.820852;0.93306
0.93306;0.132442;-0.0630821;-0.677002;-0.444305;-1.12915;-1.42028;-0.0263872;0.41688;-0.327975;-0.358649;-0.20078;0.422936;0.14345;0.444927;0.589949;1.11157;0.163097;0.00204797;0.511561;-0.273667;-1.06872;-0.351883;-0.818277;-0.0460639;-0.329944;-0.357846;-0.295951;0.0377742;-0.162053;0.200902;-0.439257;0.197686;-0.2622;1.73436;0.38254;-0.691517;-1.26665;-0.689294;-0.0916169;-0.40666;-0.0891707;-0.097149;-0.677441;0.628538;-0.576584;0.250864;0.399679;1.03108;0.789264;0.93306
0.93306;0.772212;0.480808;0.952473;0.341649;1.05032;0.181803;0.245647;0.0401092;-0.577445;-0.189004;-0.103241;0.181488;0.566811;0.725642;-0.45738;-1.32043;-0.275904;0.529096;-0.157339;-0.942131;-0.712383;-0.388473;-0.027035;-0.842778;-0.810867;-0.848816;-0.561396;0.984068;1.34069;0.612287;2.10278;1.01428;-0.684956;-1.44831;-0.823916;-0.751688;-0.320369;-1.09456;-1.04902;0.0307686;0.529214;1.04994;-0.296191;0.152681;-0.169892;0.545015;0.6015;-0.209295;-0.433476;0.93306
0.93306;-0.198919;0.72921;-0.0889785;-0.191512;0.157068;-0.236907;-0.736403;0.200133;0.0224592;0.746401;0.937881;0.916677;0.817109;0.299574;-0.91692;1.11009;0.466435;0.779499;-0.850932;-0.716363;0.173935;0.141517;-0.875198;0.399327;0.224025;0.237379;0.34969;-0.0599042;0.866612;0.692373;0.915523;0.873186;0.406868;-0.425019;-0.460575;0.313319;0.978976;-0.386729;-0.365143;-0.937434;0.23926;-0.424677;0.587268;-0.930452;-0.171574;0.484431;-1.58386;-1.61534;-1.35631;0.93306
0.93306;-0.0715641;-0.354758;-0.974035;-0.502617;-0.960692;-0.536217;0.539229;-0.39315;-1.10056;-0.28676;-0.359316;0.0750725;0.529258;0.0166831;-0.83549;-1.76803;-0.939417;-1.20303;-0.853276;-0.246316;-0.205886;-1.44765;-0.803535;0.579746;-0.901922;0.803954;-0.0144738;-0.272697;-1.69446;-1.26376;-1.95315;-0.829122;-0.326879;0.200959;-0.929777;-0.560247;0.84547;-0.326362;-0.371823;0.461994;0.249263;0.065564;-1.0048;-0.0572507;-0.103237;0.597002;-0.156085;-0.525865;0.838145;0.93306
0.93306;0.845062;1.2008;1.0569;0.359938;-0.0605833;-0.475421;-0.206581;-0.490939;-0.454562;-0.324257;-0.174039;0.62882;0.857718;-0.332108;-1.02693;-1.3497;-0.354404;-0.725837;-1.1379;-1.1388;-0.319365;0.263199;0.561;0.493625;0.0040347;-0.255693;0.0100329;0.052951;1.3667;-0.415531;-0.899243;-0.214666;-0.208511;0.107115;-0.0906979;0.297274;-0.355274;-0.370974;-0.299489;-0.76707;-0.432053;-0.0132993;0.411108;-0.0508456;-1.02707;-0.747603;0.122636;0.0857483;0.211921;0.93306
0.93306;0.820663;0.271782;0.562598;-0.55104;0.340707;0.157339;0.258528;0.0342593;-0.0551227;-0.959535;-0.20408;-0.377535;0.755453;0.717;0.141038;0.886932;0.162781;-0.13955;0.729715;0.030721;0.272377;1.02795;0.150939;0.174102;0.0431685;0.0233582;-0.262358;0.295752;-0.220404;-0.0837874;0.444582;0.514889;-0.676225;-0.657902;0.24943;0.0449733;0.295813;-0.115547;-1.29664;-0.42204;-0.0412161;-0.171453;-0.4936;0.0817775;-0.213799;0.140253;1.45587;-0.0215607;-0.451959;0.93306
0.725397;0.704449;0.173941;0.70069;-0.135007;0.35741;0.0256269;-0.171962;-0.670219;-0.173869;0.404923;1.53805;1.48746;0.100191;-0.282795;0.252409;0.197336;-0.546908;-0.08466;0.30653;0.826747;1.41433;0.302216;0.241179;0.371126;-0.0216647;-0.559338;0.555739;-0.40799;-0.696302;-0.22796;-0.791149;-1.32751;-1.08368;0.0876116;0.946957;0.593188;0.617972;-0.409016;0.246276;0.496866;0.877913;-0.229618;1.0634;-0.142094;-0.471406;-0.00734315;-0.634544;-0.00253871;0.729469;0.725397
0.725397;-0.0485162;0.544682;0.713337;0.143375;-0.343804;1.10326;0.0534526;0.298995;0.315865;-0.431272;-0.0323288;-0.0873581;-0.479382;-0.503353;-0.140007;-0.0371793;0.184797;1.03584;0.375879;-0.542944;0.622998;0.70698;1.23482;1.09983;-0.450043;0.646872;1.62813;-0.152284;0.246782;0.914701;-0.843529;-1.62741;-1.00686;0.160699;0.315158;1.16515;0.368642;-0.0911788;-0.49389;-0.0079235;-1.41259;-0.107859;0.418206;-0.602735;-0.726228;-0.12208;0.788879;0.510855;0.675602;0.725397
0.725397;-0.376818;-0.362658;-0.477857;0.12967;-0.286405;-0.0758007;-0.570346;-0.389622;0.622369;0.186161;-1.36995;-0.269351;-0.368332;0.140703;0.034923;-0.845405;0.808266;-0.134425;-0.23554;0.0930545;0.0439934;-0.611096;0.365244;0.574749;-0.163093;-1.09611;-0.125695;-0.435848;0.100415;1.04161;-1.11929;-0.327483;-0.346991;0.760801;0.0917743;-0.521748;-0.374433;-0.752339;-0.568881;-0.387223;-0.158802;-0.179154;-1.12166;0.574094;1.0468;-0.766213;-0.628473;-0.578406;0.0828227;0.725397
0.725397;-0.554141;-0.0816993;0.524853;-0.692051;0.785354;0.876778;0.399374;-0.558716;0.354358;1.83647;0.477371;0.835224;-0.19777;-0.915619;0.285857;1.04674;0.323007;0.574655;1.10208;-0.253687;-0.30152;0.591007;-0.152069;0.792137;0.634444;-0.244809;-0.489437;-0.581101;0.410583;0.976956;0.640257;0.709496;-0.306535;0.427475;0.793566;0.127098;1.51731;1.86722;0.858511;1.12737;1.05746;0.239302;-0.727317;-0.172682;0.586729;1.14972;0.959763;0.270717;0.117189;0.725397
0.725397;-0.504548;0.135145;0.743616;0.150094;0.661763;0.22672;1.31346;0.480763;1.03391;-0.192878;-0.987713;-0.496867;-0.16161;-0.331846;0.813274;0.0210513;0.852011;0.466941;0.54125;0.433953;0.0650216;-0.382004;-0.380204;0.298953;0.505672;0.379046;-0.183919;-0.082452;1.12017;0.335774;0.678335;0.258492;0.750748;-0.0732659;0.878554;0.215134;-0.93104;-1.03145;0.0386146;-1.45058;-0.5588;0.57662;-0.609262;0.26389;-1.19221;-1.10798;-1.24451;-0.277133;-0.456152;0.725397
0.725397;-0.485365;0.472984;1.09083;0.624018;-1.3114;-0.932774;-0.453975;0.255613;0.117109;0.747731;0.592155;0.176555;1.09056;0.411849;0.132697;-0.723232;-0.722388;-0.0993489;0.690199;0.464783;0.34008;0.345033;0.0815526;0.474823;-1.11307;-0.169592;-0.0748439;0.556793;1.5811;0.391588;1.46511;-0.031835;-0.924942;-1.77423;-1.05533;-0.379169;0.147004;0.239064;-0.0884814;-0.698751;-0.505508;-0.768063;0.306683;1.36378;0.898906;-0.835227;-0.0103659;0.16612;0.306788;0.725397
0.725397;0.705939;0.676246;0.32944;0.727205;0.202938;-0.165819;-0.62476;0.929674;-0.558152;-0.632863;-0.970805;-0.497016;-0.0483752;0.608645;-0.260922;0.710056;-0.539295;-0.356952;-0.123953;0.853801;0.0171056;0.41295;-0.04815;-0.434456;-0.168267;0.215994;-0.248592;0.422143;-0.567243;-0.343947;0.0294594;-0.189147;-0.050898;0.35934;0.307799;0.459918;1.31074;-0.88275;-1.13233;-0.859897;-0.765292;-0.0953492;-0.419318;-0.129509;-0.152807;0.726396;1.23594;0.438207;0.984288;0.725397
0.725397;-0.00104959;-0.919687;0.0215395;-0.497009;-0.607494;-0.240476;0.494375;0.920542;0.526236;1.24776;0.732827;0.701452;0.923219;0.525717;-0.278359;0.329817;-0.141103;0.75819;0.558393;0.832439;0.32821;1.22509;1.45156;0.481165;0.0192917;0.544181;0.568094;-0.438065;0.609207;0.273767;-0.550634;-0.424068;0.316484;0.206484;-0.361704;-0.571471;-1.46009;0.657094;1.09859;0.722279;-0.160668;-0.0517271;-0.0313841;0.930221;1.7742;0.533023;0.26488;-0.408238;0.341827;0.725397
0.725397;0.731631;-0.0374916;-0.794764;-1.07013;-0.442355;0.298616;0.0282035;-0.0515237;-0.185499;0.352481;0.331245;0.141078;0.631757;-0.210943;-0.101465;1.38085;0.301217;1.0432;0.515244;0.374503;-1.05646;-2.16977;-0.540145;-0.439635;-0.930238;0.495282;0.657664;0.505717;-0.270514;-0.232828;-1.51754;-0.0330401;0.886631;0.32881;0.390859;0.19671;-0.813613;-0.619074;0.13949;0.890396;1.20281;0.558613;0.335817;1.00697;0.00745999;-0.535434;0.0825924;-0.256072;-0.403422;0.725397
0.725397;1.14763;0.599197;0.387406;0.252141;0.231532;0.858034;-0.100464;-0.791924;0.556421;0.560764;-1.17203;-1.03834;-0.346089;0.19464;-0.2173;-1.13445;-0.77914;-0.703374;-0.401074;0.0170365;-0.018034;0.0262544;0.0238365;0.375067;0.928961;1.42817;0.900979;0.397043;0.49614;0.682272;-0.140258;-0.944991;-1.05065;-0.428784;0.190996;-0.328955;0.207925;0.464122;0.504692;-0.413039;1.09779;-0.0876159;0.169172;-0.557118;-1.64645;-0.323205;-0.98443;0.216661;0.672878;0.725397
-0.0390834;-1.1145;-0.414909;-0.527995;-0.179477;-0.663342;-0.613398;-0.0681955;0.864773;-0.556365;0.0207117;-0.350968;0.223926;-0.268263;-0.528564;-0.909812;-0.500885;0.112007;0.675279;0.0862553;0.17807;-0.708045;-0.596156;-0.0897328;-0.159513;-0.189411;-0.28508;-0.680837;-0.100637;0.0932874;-0.182751;-0.951132;-0.230177;-0.457301;1.09055;2.25565;0.444186;-0.146387;0.726395;0.395461;0.821263;0.696334;1.06462;1.32686;-0.857521;0.740858;0.484383;-0.024015;0.115664;-1.08278;-0.0390834
-0.0390834;0.244125;0.338197;-0.429958;-0.426488;0.129721;0.143742;-0.382703;0.0266577;0.275285;1.42525;1.37173;0.754048;1.19319;0.135512;0.0783816;0.39488;0.14827;0.687438;0.391239;-0.129115;-1.02975;-0.0609918;-1.01276;-1.30436;-0.320125;0.201352;-0.298334;-1.31911;-1.2915;-0.91532;-0.0910115;-0.671011;-0.939119;-0.807827;-0.295084;-0.506204;-0.721362;-1.41024;-0.70059;0.12587;1.39902;1.63573;0.836864;-1.07917;0.243847;-0.345327;-0.0270218;-1.72214;-0.924744;-0.0390834
-0.0390834;-0.79608;-0.302327;0.325037;0.369763;-0.0349328;0.945729;0.480938;0.957569;0.0016246;1.37058;0.906137;0.190959;0.505843;1.21505;-0.0677972;0.714606;0.823988;1.66868;0.724957;-0.655158;-0.189131;0.264925;-1.16986;-0.309819;-0.52342;-1.04556;0.123763;-0.0179224;0.125979;0.490759;-0.790929;0.109554;-1.21943;-0.326208;0.469222;0.865426;0.503729;0.762846;-0.323726;-0.373641;-1.04104;-0.725075;0.0829966;-0.26625;-0.220642;-0.840028;-1.15798;-0.472274;0.037488;-0.0390834
-0.0390834;0.00234222;0.719169;-0.587468;0.0787748;-0.66731;-0.53384;-0.964115;-0.219983;0.251036;0.839449;-0.12985;0.83407;-0.544314;0.289189;-0.279625;-0.37852;0.120685;0.645977;-0.294046;-0.654455;0.498462;1.01641;0.00786443;0.464688;-0.326675;-1.13708;0.360454;0.165406;-0.324981;0.54821;0.106723;0.785355;0.189975;-0.439503;0.277507;0.598625;-0.223392;-0.564412;-0.366608;-2.06606;-0.243329;0.268853;-0.237837;0.686007;0.264418;0.24981;-0.731907;0.229492;0.647502;-0.0390834
-0.0390834;0.0543813;-0.201073;0.0974425;1.29257;0.439689;0.415212;0.249984;0.260468;-0.0190938;-0.0908927;1.42679;-0.311987;-0.495418;-0.824536;-1.27393;0.134077;0.115863;1.06941;0.206876;-1.23743;-1.02588;-0.114971;-0.022113;0.201432;-0.209536;1.12652;0.638987;0.762441;1.20651;0.354231;-0.525416;0.842399;0.452573;0.171451;1.70584;1.5107;0.693298;1.10112;1.78534;0.4466;0.569588;0.557619;-0.966448;0.0664402;-0.379828;0.140403;0.0226379;-0.312783;0.626381;-0.0390834
-0.0390834;0.830313;-0.612047;-1.27693;-1.18612;-0.0228909;-0.184893;0.184889;1.66855;-0.262481;-0.844098;-0.681309;-0.28349;-1.37403;0.0262871;-1.17399;-1.49033;-1.09497;-1.11165;0.207607;-0.355192;0.106737;-0.306541;0.459695;-0.0161466;0.413329;0.392617;0.776122;-0.221952;0.580614;-0.291783;1.93729;0.495771;0.596194;0.385887;1.18016;0.200401;-1.58671;-0.81706;-0.499924;0.454189;0.370381;0.739752;0.127772;0.631116;0.0803835;-0.455744;0.293065;0.434513;-0.922071;-0.0390834
-0.0390834;-0.174219;-0.358965;1.53138;0.347916;0.617654;0.954184;0.00766084;-0.402363;-0.789207;0.142437;-0.109408;0.0100932;0.964655;-1.01716;-0.226944;-0.747972;-0.283069;0.147381;-0.0510593;-0.133863;0.210832;-0.179037;0.375946;0.932066;-0.0656794;0.274618;0.750128;1.04294;-0.302761;0.052197;1.12972;0.946159;0.257205;0.249802;0.20076;0.614463;-0.94545;-0.672721;-0.699701;-1.08855;-0.76856;0.630714;1.1898;-7.2438e-05;-1.00035;-0.0332022;0.126374;0.03741;-1.26379;-0.0390834
-0.0390834;0.227376;1.1108;0.486253;-0.662491;0.292225;0.504207;-0.330692;-0.337999;-0.786884;-1.34034;-0.198338;0.545233;-0.229912;-0.114105;0.218172;0.845485;0.0333845;-0.252093;-0.599765;-0.0726706;-0.817916;0.295197;0.711416;0.207388;0.171202;-0.217552;0.944671;1.07111;-0.109597;-0.524126;0.267714;0.98236;-0.0593926;0.492515;0.0708262;1.14945;0.820826;0.292956;0.765434;0.0934768;-0.525028;-0.816852;0.977636;0.343738;-0.123287;-1.95446;-1.14541;-0.184469;-0.221014;-0.0390834
-0.0390834;-0.798819;-0.764905;-1.36185;-0.975141;-2.49432;-1.17046;-0.607571;0.817147;-0.145811;0.656078;-0.470365;0.378196;0.86897;0.159373;0.384295;-0.563411;1.30201;1.32056;0.214171;0.784165;-0.361833;0.152844;0.389913;0.374055;0.329214;-0.415908;-0.643765;-0.594435;-1.07182;0.220119;0.124965;-1.18942;0.251512;0.405286;0.732648;0.270344;1.64607;0.625332;0.0519949;0.291514;0.132503;-0.0517146;0.724924;0.359934;0.110528;-0.105434;-0.0821059;0.517194;-0.797354;-0.0390834
-0.0390834;-0.871736;0.377897;0.766424;1.14973;0.999436;0.300706;0.497659;0.576641;0.343514;1.54205;0.80055;0.840926;0.585688;-1.05312;0.583127;-0.739307;0.673981;-0.252713;-0.220891;-0.342187;-0.612745;-0.204746;-0.436772;-0.608663;0.00140101;-0.994603;-0.140027;0.497784;0.501113;1.55847;1.08698;0.589917;0.494913;0.306161;0.503881;0.626624;0.324263;0.328934;0.744352;-0.501563;-1.2973;-0.352503;0.0480479;0.209512;-0.0964176;-0.656043;-0.688874;-1.62422;-0.422931;-0.0390834
-0.614353;-0.890752;-0.478054;-0.160107;-0.681674;-1.34924;-0.975356;-0.358773;-0.427282;-0.595745;0.654386;-0.009492;-0.146912;-0.630501;-0.217324;-0.710662;-0.310841;-0.64747;-0.719997;0.642783;0.450668;-1.23216;0.0369897;0.974016;0.619522;0.0192948;-0.538184;0.368979;-0.528936;-1.30772;-1.33084;-1.37924;-1.58201;-1.52931;0.532661;-1.34483;0.644889;0.113174;-0.153273;-0.157975;1.20177;0.858824;-0.0620351;0.367934;0.293429;-0.289203;-0.711882;0.545245;-0.316574;-1.38151;-0.614353
-0.614353;-0.71224;-0.582494;0.236322;0.567262;-0.0724821;0.50292;-0.367366;0.489936;0.67751;-0.362845;-0.192484;0.544887;1.17443;-0.094097;1.16064;0.149829;-0.253797;0.420638;-0.230195;-0.225537;-0.960223;-0.95602;-0.140356;-0.810403;-0.2385;0.329073;0.0377891;1.42225;-0.0708955;0.448196;0.346626;0.302459;-0.889363;-0.928133;-0.447686;-0.259385;0.891631;1.0068;0.637288;0.287632;1.37409;0.758268;0.709953;0.741627;0.291459;0.391856;0.251289;-0.875545;-0.983897;-0.614353
-0.614353;-0.560359;-0.470423;-0.0365861;-0.395445;-0.0697086;0.90036;0.145371;0.106984;0.503677;-0.322557;-0.979966;-1.00563;0.357523;0.353305;-0.402242;0.106009;-0.464782;-0.328161;-0.243802;-0.141689;1.16453;1.17554;0.865769;1.2457;-0.632777;0.719306;-1.52479;0.446526;0.15159;1.2042;0.144023;0.240768;-0.189742;-0.493551;0.412533;1.04736;-0.0327067;0.279449;-0.080521;-0.0426317;-0.498487;0.453015;-0.753248;0.611191;0.673652;0.386454;1.40985;0.236896;-0.173107;-0.614353
-0.614353;-0.977757;0.36846;-0.126431;-0.644786;-1.02168;-0.400879;-0.865644;-0.81084;-1.20183;-0.135963;0.254124;0.765326;0.302698;0.726655;0.338567;-0.179451;0.383833;0.485316;0.37136;-0.321627;-0.373947;-0.32429;0.00111048;0.43923;1.44482;0.781511;0.820926;0.984563;-0.748082;-0.692738;-0.513503;0.172719;-0.435162;-0.404115;0.0602838;0.568076;-0.930836;-0.421998;-0.711424;-0.823695;0.206459;-0.0455973;-0.383835;-0.659976;-0.967024;0.032915;0.312345;0.996665;0.312526;-0.614353
-0.614353;-1.18824;-1.414;0.553444;0.873893;1.43314;1.29418;-0.0952022;-0.194583;-0.450374;0.538164;0.459457;0.310702;-0.579146;-0.41085;0.368277;0.4299;1.70114;0.481187;-0.540207;0.156612;-0.604421;0.51177;1.33287;0.582775;0.325178;0.240331;0.105344;-0.105675;-0.774904;-0.704904;-0.628314;-0.309654;0.0549109;-0.0525904;0.960671;-0.122966;0.234858;-0.223485;-0.890711;0.984438;-0.436902;0.242832;-1.01621;-1.36947;-0.159495;-0.0800018;-0.506293;-0.442033;-0.177027;-0.614353
-0.614353;0.248348;-0.4524;0.749641;1.10284;1.71818;0.420725;0.707648;-0.278419;0.458508;-0.310635;-0.300473;0.484302;0.0750782;-0.0354598;0.409164;-1.02173;-0.433465;0.566529;-0.511552;0.296575;1.3275;1.37223;-0.836146;-1.12362;-1.36009;-0.86757;0.061589;-0.126041;-0.271189;-0.235523;0.163142;-0.848933;-0.652223;-0.640572;0.799209;-0.310437;-1.06474;-1.29532;-0.610477;-0.387393;0.860314;1.39985;0.72088;0.120787;-0.150346;0.524712;0.954967;0.673476;0.150908;-0.614353
-0.614353;-1.32011;-1.10184;1.36235;0.233271;-0.46281;0.005078;-0.300384;0.37045;0.500055;0.303723;1.0936;-0.535349;-0.115831;-0.291557;1.09563;0.165271;-0.172594;-0.061207;-0.134087;-0.550594;-0.277022;0.198341;0.373735;-0.537165;0.299338;0.939356;0.650768;0.501656;-0.7125;0.455237;-0.394234;1.55714;1.16311;0.789179;0.995597;-0.143822;0.0505475;-0.117119;-0.382078;0.0568925;-1.008;-1.18288;-0.516874;0.367235;0.0203032;-0.679464;-0.668982;-0.710571;-0.0460882;-0.614353
-0.614353;0.630784;0.90192;0.408426;0.216129;-0.28732;-0.533395;-0.117207;-0.429775;-1.34771;-0.13747;0.223148;1.07543;0.142259;0.218054;0.545359;0.484427;0.577535;-0.0256148;0.00737493;0.914471;0.990859;1.03484;1.54383;0.605816;0.348813;-0.329439;0.0666172;1.00189;0.206438;0.874721;-0.140154;0.174578;-0.771614;-0.755671;-0.0236099;-0.768321;-0.614796;-0.020529;0.725168;0.247051;0.587584;0.70013;0.392025;1.75734;0.897523;0.362158;-0.894962;-1.28349;-1.17517;-0.614353
-0.614353;-0.245665;0.427431;0.127332;0.200465;-0.215445;0.14123;-0.698088;0.29522;0.069624;0.04939;0.563048;0.0237492;0.609636;1.18836;0.244337;0.285422;0.381062;0.350052;-0.636666;-1.0098;-1.19356;-0.367683;0.28243;0.694915;1.03333;-0.594346;-0.28215;-1.71594;0.343338;-0.130937;0.993423;0.573717;0.0596933;-0.53784;0.0628466;-0.570205;-0.466949;-0.438523;-0.111751;0.0666871;-0.403568;0.302434;0.40827;-0.295984;0.59429;-1.07417;-0.641663;0.323994;0.736874;-0.614353
-0.614353;0.536702;0.194291;0.279056;-1.25458;-0.356534;0.587042;0.575227;-0.275826;-0.39566;-0.553073;-0.354378;0.700425;0.435962;-1.08407;-0.384079;-0.552732;-0.571003;-0.54634;0.0785712;-0.224867;0.0905383;0.277502;0.976572;0.854535;1.01544;1.52372;1.1648;0.133734;-0.164168;-0.25628;-0.795243;0.156506;0.464151;0.178267;-1.094;-0.697361;-0.164083;-1.0646;-0.807137;-0.971179;-1.10224;-1.1454;-0.808583;-1.33468;-0.214925;-0.590182;0.574528;-0.640516;-0.388725;-0.614353
-0.283995;0.118395;0.0510762;0.117019;0.104444;0.432113;0.0294828;-0.193574;0.134708;-0.135678;0.145665;-2.06555;-1.62009;-0.604176;-1.62753;-0.752531;-0.117331;0.381733;0.762616;0.878774;0.602145;0.807976;0.112219;-0.245468;-0.00387335;0.160248;0.449091;-1.08555;-0.900704;-1.50581;-0.926239;0.493409;-0.929436;-0.423684;0.537649;-0.192586;0.243608;1.56343;0.815027;-0.481741;-0.40771;0.520307;-0.0795371;0.525667;0.367213;-0.964701;-0.810766;-0.517517;-0.223965;0.296504;-0.283995
-0.283995;-0.0302869;0.195063;0.0145042;-0.159259;0.418091;-0.467992;0.267883;0.0781802;-0.556119;0.291585;-0.210713;0.247254;0.416782;0.866193;0.0217943;-0.352483;0.559009;0.928713;0.921508;1.36464;0.918323;0.659547;0.810857;-0.374947;0.038914;-0.329766;0.463654;-0.0487727;-1.15153;0.551409;1.1324;-0.254137;-0.0949042;-0.501435;0.377602;0.903763;-0.548547;-0.161797;-0.258751;0.275608;0.00790203;0.26377;-0.441275;0.646096;-0.955771;-0.968709;-0.783901;-0.398085;-0.170496;-0.283995
-0.283995;-0.334237;0.0785389;0.283123;-0.923786;-0.220942;0.0621744;-0.542569;0.531684;-0.205037;0.343778;0.434422;-0.620253;0.443647;-1.04413;-0.17847;-0.557197;0.285333;0.0549083;0.173485;0.0822682;-0.135408;0.376543;0.709123;0.737838;0.434052;0.445202;0.899527;-0.169416;0.0254528;-0.110174;-0.0408369;-1.00018;-0.200961;0.0176719;0.126665;-1.25729;-0.785858;0.650881;0.35574;0.761114;0.210112;0.45462;0.23382;1.04018;1.04429;0.233617;-0.583199;-0.32379;0.181191;-0.283995
-0.283995;-0.472146;-1.14242;-0.560907;0.0226636;0.94137;0.278713;0.433218;0.68108;0.51973;0.164447;-0.352369;-0.326814;-0.237647;0.855724;1.117;1.98179;0.0130705;0.74516;0.0745115;-0.248415;-0.636656;-0.469175;-0.402239;-0.710557;0.207553;-0.391604;-0.20362;0.0699465;0.40755;0.206795;0.199884;0.475988;0.0425589;-0.190244;-0.952698;-0.944313;0.208551;0.371304;0.629407;1.4848;0.894656;-0.653178;-0.40224;0.525725;0.474556;0.0270705;-0.844928;0.230289;0.0787597;-0.283995
-0.283995;-0.280257;0.159004;0.0479625;-0.0780496;0.143879;0.171948;0.531021;0.949745;-0.0237921;0.923675;0.64203;1.21008;0.705713;-0.250976;0.170694;-0.581219;0.0101784;0.883391;0.125343;0.756268;-0.627988;-0.887558;-0.410483;0.00994976;0.0515896;-0.315657;-0.516353;-0.244683;-0.830152;-0.943318;-0.160866;-0.359905;0.142969;0.0895745;0.350221;0.885362;1.24761;0.524495;0.00345242;-0.645083;0.770069;1.00751;0.559561;0.865758;-0.252058;0.891497;0.694122;0.903119;0.276309;-0.283995
-0.283995;-0.112478;0.482492;0.0684007;-1.36696;-0.657832;-0.186919;0.360655;0.191947;0.0302307;-0.672457;-1.5317;-1.04524;-0.173854;-0.7122;0.400525;-0.33229;0.478944;0.626027;1.37326;0.697463;0.557774;1.16809;0.0419205;-0.827158;-1.227;-0.712575;-0.842166;0.32637;0.320222;0.424511;-0.64552;-0.0473798;-0.250136;-0.356183;-0.892007;0.0538897;-0.249042;-0.0765923;1.06304;0.878881;0.859861;2.08655;1.78087;0.548815;-0.0382961;0.275679;-0.851004;-0.561324;-0.386411;-0.283995
-0.283995;-1.0069;-0.550795;-0.725061;-0.779712;-0.305407;1.38614;0.426219;-1.0193;-1.12718;-0.399372;-0.453087;0.0372449;0.505484;0.0956222;0.793498;0.339478;-0.104158;0.144436;-0.0887719;-0.373428;0.302397;0.608808;0.468287;1.06755;-0.137827;0.560247;0.247811;0.319448;-0.870571;0.537734;0.627399;0.946672;-0.472027;-0.266914;-1.30529;0.357216;-0.342721;-0.156609;-0.187232;0.303194;0.411986;0.70192;1.32289;-0.416451;0.445019;-0.505821;0.193915;0.43171;0.355519;-0.283995
-0.283995;0.200562;0.300665;0.981221;-0.129428;-0.0194996;-0.154709;0.877681;0.68931;0.863095;0.95901;1.18347;1.30217;0.514683;0.0199377;0.299453;-0.464551;-0.315114;-0.559198;0.7693;0.297863;-0.292194;0.130682;-0.304761;-0.267883;0.0070179;-0.531618;-1.18767;-1.2321;0.0347925;-0.703568;-0.280965;-0.0824171;-1.39668;-0.181544;-0.183503;-0.248863;-0.154327;0.418091;0.949589;0.16685;-0.00380639;-0.445847;0.267049;0.529285;-0.757709;-1.37269;-1.12052;0.1692;0.278716;-0.283995
-0.283995;-0.288963;-0.491445;0.131008;-0.0560545;-0.0548464;-0.166777;0.446919;-0.119592;0.170977;1.51512;0.333567;-0.64425;-0.662393;-0.300711;0.772317;-1.25406;0.210097;0.2866;-0.206271;-0.565064;0.0466847;-0.815307;-0.663656;-0.917478;-0.0380493;-0.198903;-0.566174;-0.697517;-0.470774;-0.564183;-0.345281;-0.0462266;0.543851;1.04548;-0.452911;0.304664;1.10675;-0.411627;-0.155205;-0.935734;0.785034;-0.214651;0.783292;0.567568;-0.0821521;0.372872;0.46186;-0.260871;-0.29978;-0.283995
-0.283995;0.539369;0.73304;-0.817162;0.408765;0.312799;-0.700468;-0.33682;0.174043;0.180081;0.852699;1.19337;0.0913064;-1.07828;-0.36564;-0.494782;2.31553;0.824366;0.949665;0.899724;-0.237065;-0.529574;0.000264728;-1.05314;0.391881;-0.19896;-0.216845;0.0282378;-0.82762;0.445461;-0.755975;-1.12179;0.177056;0.347709;-0.666977;0.0285979;-0.536647;-0.580906;-0.388455;0.621716;1.27095;0.541158;0.0971653;0.112737;0.291297;-0.210257;-1.11254;0.328455;-0.477443;-0.392849;-0.283995
0.0751544;0.287116;-0.281718;0.753211;-0.177059;-0.512063;0.905774;1.21894;0.659988;0.607032;-0.122497;-0.480011;0.824884;-0.00693021;0.584245;0.00369943;-0.386805;0.197357;0.317747;0.546597;-0.022951;0.0114258;-1.35403;-0.456815;-1.31088;-0.985912;0.207649;-0.589428;-0.388998;-0.702389;-0.248448;0.435483;0.583665;0.695309;-0.161443;-0.671051;-0.404795;-0.288067;-0.201186;-0.250041;-0.00256546;-0.353121;-0.94297;-1.35863;-1.41288;-1.57434;-0.260319;-0.442637;0.667674;0.851617;0.0751544
0.0751544;0.0176583;-0.120221;0.190228;0.594246;0.168318;0.222212;-0.695205;-0.971246;-0.140667;0.0947075;0.299838;-0.229045;-0.194872;0.5426;0.559098;-0.0944975;-0.422723;0.358591;-0.336362;-0.261942;0.714268;0.327844;-0.212363;-0.484669;-0.411697;-0.23479;-0.251221;1.08549;0.270277;-0.220125;-0.276318;0.21718;0.677305;0.188525;1.4749;1.17576;0.771386;0.726197;0.505255;0.750073;1.91484;0.238148;0.1772;0.852164;0.741405;-0.478083;0.686456;0.533071;0.172528;0.0751544
0.0751544;-0.55885;0.127137;-0.238069;0.143192;-0.102911;-0.65082;-0.193089;0.0585162;0.706024;-0.225255;-0.119611;0.273276;0.640523;-0.660868;0.513406;0.499322;0.209751;-0.440694;0.0483682;-0.974762;-0.220977;-0.195165;-0.391492;-1.29517;-0.0757838;0.706005;0.562243;1.42514;1.42754;1.31649;0.675069;0.613798;0.577827;0.121872;0.727444;-0.213984;-0.322218;-0.529927;-0.082018;0.192781;-0.698635;-1.22804;-1.29236;-0.0748137;-0.41496;-0.670203;-0.142706;-0.068486;0.175251;0.0751544
0.0751544;-0.491422;-1.12768;-0.45377;-1.95363;-2.3363;-0.650003;-0.401324;0.146038;0.0919606;0.965696;1.34871;-0.776819;-0.940037;-0.951741;-0.820079;-0.584781;-0.423133;1.3726;0.498868;1.1665;0.196561;-0.356835;0.44524;-0.379773;0.363622;-0.0369247;-0.553417;0.16684;-0.0473818;0.181903;0.464485;1.06512;0.739456;0.811814;0.306519;-0.148721;0.441186;1.24381;0.741594;0.439947;0.889802;-0.905188;0.412922;2.35067;0.0800146;2.02836;1.39305;1.35652;-0.173328;0.0751544
0.0751544;0.56981;-0.0728932;-0.069215;0.605484;-0.163289;-0.626492;0.554234;0.817003;0.912341;0.257316;0.585284;0.424694;0.689057;0.019014;-0.167959;1.23245;1.25924;0.987167;-0.271173;-0.309257;-0.64736;-0.261052;0.624117;0.739654;-0.391329;-0.850817;0.479424;1.49594;1.17238;0.516732;0.800365;-0.318466;-0.960995;0.597015;-0.553583;-0.55719;-0.335813;-0.968905;0.242328;0.180009;-0.440683;0.0739016;0.032145;-0.0489935;0.0721329;-0.209768;-0.481917;0.574198;-0.185485;0.0751544
0.0751544;-0.387872;0.0511652;0.056594;0.392189;1.00975;-0.268525;0.244547;0.0779895;-1.2245;0.605322;-0.523549;0.0242712;-0.994656;-0.719221;-0.206106;0.138308;0.169444;0.598837;-0.360385;1.10943;0.0483671;0.394263;-0.548051;-0.210715;-0.33891;0.62435;0.803453;-0.231471;0.558099;0.641142;0.559919;0.811129;0.620991;0.41084;-0.59738;-0.446307;0.573082;1.51349;-0.289521;-0.659014;-0.771165;0.590538;0.836519;-0.0931606;-0.864713;-0.651149;0.863034;0.388605;0.319749;0.0751544
0.0751544;0.255864;-0.391717;0.554994;0.301241;0.575942;-0.627492;0.396101;0.280316;-0.176138;1.7299;0.712293;1.0556;0.70718;0.0166936;0.0178366;-0.505779;-0.604747;-0.471195;-0.295166;-0.316329;-0.483294;-0.730096;-1.6029;0.261421;0.762257;0.316883;1.2605;1.21836;0.430847;0.240548;-0.490558;-0.0960593;-0.241712;-0.389108;-0.59725;1.39102;-0.0351601;0.555543;0.490779;0.858878;0.153961;-0.0673166;-0.0110268;-0.545559;-0.789727;0.370448;0.787505;1.37993;1.28369;0.0751544
0.0751544;0.247337;0.142129;-1.00613;-0.123395;0.0793412;1.15067;-0.639022;-0.945727;0.330395;-0.192886;-0.15838;0.528176;0.00920909;1.08601;1.5588;0.794342;1.21872;0.0499538;-0.172945;-0.337027;0.714675;0.767609;-0.266256;0.298018;-0.918828;-1.03045;-0.12785;0.559005;0.181023;-0.162814;-0.0443449;0.658586;-0.12199;-1.08511;0.536504;0.583541;0.692993;0.74778;0.0645799;0.218326;-0.723608;-1.02969;-1.16955;-0.0847479;-0.986929;1.17801;-0.491491;-0.644712;-1.50224;0.0751544
0.0751544;-0.601632;-0.326442;-0.904378;-1.62465;0.163927;-0.917319;0.109558;0.146124;0.545104;0.655877;-0.608996;0.131706;-1.02148;-0.0495328;-0.9718;-1.45787;0.633906;-1.76147;-0.93552;0.158226;-0.25779;-0.459843;-0.325552;0.0376093;-0.200559;0.288463;-0.449672;-0.671204;0.28322;0.362427;-0.630377;0.212655;0.555277;-0.151713;0.725616;0.650801;0.706278;-0.170524;-0.0820875;-0.465006;-0.469276;-0.786864;0.155882;0.663696;0.930031;0.872413;0.684289;-0.424322;0.172777;0.0751544
0.0751544;-0.966579;-0.209424;-1.08499;0.0611112;0.405352;-0.418466;0.447614;0.344939;-0.268438;0.694783;0.970768;0.121244;-0.654861;0.0289638;0.361147;0.487643;0.0469764;-0.47948;-0.310777;-0.40088;0.964842;-0.282897;-0.331297;0.30837;-0.452499;0.0147138;-0.0344641;1.26654;-0.455121;0.0824575;0.690215;0.487361;0.218323;-0.461536;-0.548629;-0.702564;0.300681;0.777203;0.861018;-0.201221;0.694038;0.34937;0.205631;-0.306648;-0.129572;-1.31288;0.113563;0.154602;0.305863;0.0751544
-0.703333;-0.687228;0.0678463;0.194738;-0.365128;1.05732;0.371478;0.277779;-0.162616;-0.233462;-1.03407;-0.363807;-0.277991;-0.148415;0.535379;1.14857;0.291181;-1.03194;-1.4263;-0.141534;-0.0576144;-0.63173;-0.0861922;0.143602;0.337193;-0.678263;-0.321778;0.761417;0.595993;0.274089;-0.254569;-0.272531;1.27075;0.816798;0.701831;0.0837432;-0.437337;0.327002;-0.572037;0.0533086;0.766054;0.880011;1.05312;0.472048;-0.0160432;0.533254;0.306219;-0.128643;0.117548;-0.705204;-0.703333
-0.703333;-0.336429;-1.32381;-0.296356;-1.17408;-1.34121;0.435482;0.928157;0.589812;0.977983;0.64496;0.706924;0.125104;0.165105;0.716024;-0.674731;-0.593762;0.956784;0.269184;0.577566;0.398731;0.871579;-0.274309;0.0953501;-0.0240725;-0.0930941;0.403975;0.986909;-0.441326;-0.612446;-0.576205;-0.662167;1.42673;0.508047;-0.265138;-0.30193;-0.570199;-0.462778;-0.823434;0.0651431;-0.769128;-1.17849;-0.30971;-0.851035;-1.33284;-1.28496;-1.10088;-1.34706;-0.851675;-0.128822;-0.703333
-0.703333;0.446048;1.3247;1.10416;0.636159;0.572994;0.546752;-0.724554;-0.118554;-0.432122;-1.21649;0.0358049;-0.161976;0.158876;-0.151055;0.193023;0.530264;0.357377;0.0844827;-0.404296;-0.929741;0.00745404;-0.118352;0.0672257;1.29453;0.635273;-0.239314;-0.326643;-0.00132536;-0.0339682;0.310339;0.0859827;0.0506722;0.234756;-0.124756;-0.384758;0.836472;0.204024;1.16663;1.5262;0.991887;0.181756;0.30486;-0.253836;-0.661384;0.635341;1.28418;-0.241615;-0.385899;-0.144188;-0.703333
-0.703333;-0.77056;-0.189697;0.381591;0.0855096;-0.586126;-0.394255;-0.142595;0.277791;1.15908;0.22221;-0.523031;-0.767192;-1.72056;-0.229464;1.23833;0.422501;-0.403958;-0.00246482;0.322474;0.328605;-0.916449;-1.28158;-0.739891;-0.686022;0.0454767;1.11378;0.513093;1.04759;0.0307376;-0.540775;-0.0480103;-0.275213;-0.563804;0.48255;0.36642;0.411261;0.445132;-0.68436;0.10952;0.403039;1.19825;0.817603;-0.732042;-1.41907;-0.373024;-0.0796595;-0.982831;0.368422;-0.123866;-0.703333
-0.703333;0.688632;-0.199525;-0.0965998;-0.366296;-0.575979;0.356974;0.268371;0.339446;0.229267;0.0771266;0.190251;-0.518476;-0.730477;-1.03702;-0.194214;-0.61008;-1.086;0.332438;-0.231347;-0.349419;-0.00760937;0.29971;-0.103853;-0.779224;-1.68766;0.492325;1.15208;0.0629295;0.453028;0.771768;1.08057;0.790149;0.946148;-0.224475;0.517897;0.0824395;0.556291;0.298502;0.613488;1.27104;0.161185;-0.911539;-0.121155;0.0184745;0.312057;-0.380974;1.03692;0.198534;0.750642;-0.703333
-0.703333;-0.226393;-0.651274;0.177931;-0.0516018;1.49551;0.396974;0.435515;0.145599;-0.703691;-0.733263;0.570077;0.925374;0.39395;-0.738459;-0.666861;-0.300737;0.267992;-0.183019;-0.193084;0.426738;0.610804;-1.02598;-0.768431;-1.43434;0.370538;-0.0114821;0.107299;-0.538289;-1.09136;-0.000362605;-0.956567;-0.463833;1.06332;0.974329;1.50198;-0.991508;-0.262902;-0.198344;-0.380854;-0.742913;-0.145925;0.595774;-0.574666;-0.0451667;-0.392713;-0.440214;-0.688511;0.184846;-0.594068;-0.703333
-0.703333;0.64786;-1.09314;-1.82639;-0.304607;-0.108041;0.751804;1.00862;2.11703;-0.433329;-0.391024;0.0649754;0.534652;0.347234;-0.325568;-1.02076;0.936019;1.14003;0.463039;0.0328594;0.240397;-0.275721;0.121387;0.153389;0.923256;0.181257;-0.549171;-0.167884;0.199784;0.341536;0.219805;0.0352987;1.04592;-0.118794;0.780409;0.419745;-0.346248;0.631118;0.453335;-0.856188;0.42967;-0.0369212;0.520122;-0.54128;0.914682;0.632597;-1.10286;0.0506019;-0.103532;-0.123666;-0.703333
-0.703333;0.0872952;0.8683;-0.243328;0.461527;1.03438;0.158041;1.22936;0.825557;-0.979422;-0.42717;-0.260041;0.460326;0.426959;0.771122;-0.169669;-0.0300868;0.519685;0.897312;0.206178;0.779435;-0.0431613;0.765806;-0.0116418;0.128024;0.094624;0.669722;0.397379;1.37065;1.92597;-0.308045;0.183423;-0.00233313;0.0211561;0.266612;-0.166751;-0.534047;0.450903;0.0698821;0.11339;-0.183052;0.660322;-0.632223;-0.857188;-1.04195;0.442387;-0.17988;0.3195;0.487985;-0.436759;-0.703333
-0.703333;0.02153;-0.0338638;-0.544288;0.366786;-0.679557;-1.09609;-1.25812;-0.512131;0.367288;0.451083;0.820022;0.442794;0.660673;-0.897974;0.489964;-0.472246;1.33211;1.31919;0.731148;0.525503;-0.0515771;0.530419;1.69071;0.277255;-0.320934;-0.995727;-0.577702;0.18917;0.648764;1.07395;0.417877;-1.40678;-0.711483;-0.514725;-1.37652;-0.155441;0.653845;0.778573;0.251792;1.48485;-0.0777954;-0.343036;-1.11984;-0.918115;0.0392555;0.264037;0.183828;-0.177561;-0.809921;-0.703333
-0.703333;0.444359;0.239819;0.694593;0.588481;-0.282126;0.461484;0.529268;0.254368;-0.101494;-0.260159;0.402008;0.53745;0.343597;1.87444;0.813971;-0.246196;-0.753768;-0.28415;0.651509;-0.0588982;-0.550916;0.104044;-0.581482;-0.18668;0.185164;-0.0530495;0.059099;0.325304;0.040808;0.0523105;-0.312067;0.359008;1.10528;-0.536388;0.251723;-0.399354;-0.773065;-0.263496;-1.04404;-0.460138;-1.06408;-0.924024;-1.32624;-1.43435;0.0353698;0.458478;0.0369967;-0.369202;-0.950326;-0.703333
0.265178;-0.123138;-1.27781;-0.474875;-0.427221;-1.88226;-0.960961;0.0478015;-0.0937419;-0.0939114;0.943454;0.114311;0.00347511;0.298291;1.55179;1.44305;0.566528;0.965078;0.0845319;-0.645759;-0.806315;-0.608985;0.72108;0.0351346;0.0855207;0.718521;-0.960873;0.412491;0.972321;1.1369;1.72025;1.57113;1.78483;0.0536029;-0.919052;-0.420863;-0.44603;-0.376637;0.176274;-0.68234;-0.322708;-0.215146;0.571512;0.37804;0.324724;0.454869;-0.0674334;-0.684622;0.096788;-0.0771242;0.265178
0.265178;0.0315769;-0.270815;-0.701609;0.426342;-0.111596;-1.42454;-0.886854;0.121871;-0.444279;0.446778;0.975051;-0.307812;-0.561406;-1.0798;0.557447;0.383759;0.391219;-0.014342;-0.0572935;-0.560419;-0.30411;-0.207535;-0.746344;-0.53911;-0.239676;-0.706749;0.210422;-0.427789;0.105969;0.763021;0.966857;1.12267;0.596295;-0.580405;-0.733498;-0.19889;-0.600354;-0.305501;0.13627;1.10131;-0.180919;-0.817709;-0.533137;0.760998;0.544931;-0.86869;0.0754691;0.218594;-0.223458;0.265178
0.265178;0.432008;0.630996;-0.549355;0.551797;0.360184;0.596166;0.479375;-0.629184;-1.13421;-0.772459;0.568397;-0.64809;0.0105194;-0.27555;0.0440481;0.157085;-0.396738;-1.05387;0.12937;-0.457285;-0.212371;-0.280954;-1.13645;-1.1243;-1.17001;-0.449203;-0.533976;-0.0996666;0.271536;0.447557;0.0409304;0.0807364;-0.590384;-0.0512962;-0.0376673;-0.718557;-2.55167;0.503755;0.0139482;0.235369;-0.292303;-0.738132;0.0928062;1.05268;0.048784;0.320486;-0.906255;-0.0649045;0.33775;0.265178
0.265178;0.748452;-0.287765;0.621187;-0.332161;-0.678733;0.875849;0.771494;0.0132818;0.202569;-0.893528;-0.125892;0.0864141;0.895227;0.330045;-0.0828928;0.20767;0.303942;-0.286124;-0.421907;-0.661832;-0.43564;-1.35028;-0.951268;-1.18195;-1.06616;-0.174866;0.284909;0.822479;0.499379;-0.328922;-1.06424;-0.549547;-0.869957;0.525507;0.389762;0.697799;0.794431;0.891758;1.14921;0.865247;-0.445265;0.29388;0.329084;-1.26091;-0.764222;-1.4578;-1.08351;-0.505985;0.683729;0.265178
0.265178;0.909992;1.3035;0.218523;0.258828;0.399758;0.291155;0.866844;-1.22593;-1.02407;-0.0636051;0.17238;-0.518261;-1.13223;-1.81528;-1.52738;0.262203;0.274036;0.532714;0.42939;-0.207307;-0.240863;1.28486;0.0898507;0.358947;-0.801574;-0.595869;-0.849209;-1.30516;0.539228;0.232235;-0.717902;-0.867369;-0.638615;-0.96627;0.112529;-1.76435;-0.799327;0.0179988;-0.19859;0.339721;0.0488094;1.43095;0.379489;-0.152022;0.21604;1.19855;0.71782;-0.0961659;1.12346;0.265178
0.265178;0.520924;-0.544727;0.270062;-0.276166;-0.106644;-0.299557;-0.648372;-0.917884;-0.285916;-0.127252;-0.478209;0.431736;0.411896;0.759052;-0.43234;-0.416757;-0.413136;-1.52236;-1.04409;0.273974;-0.364273;-0.721836;0.477324;0.594799;0.0567807;0.452179;0.521664;-0.105922;0.761039;1.29667;0.88389;0.405607;1.132;-0.678516;-0.761925;0.357207;0.968928;0.69097;0.0199423;-0.344226;-0.205799;-0.917603;-0.545555;-0.324118;-0.090466;0.00336629;1.85682;0.0836791;-1.10286;0.265178
0.265178;-0.477447;-0.0317398;0.985419;0.622728;-0.225627;0.560547;-0.058981;-0.167048;0.348269;-0.427123;-0.411175;-0.662894;-0.689183;1.01396;0.981831;-0.813625;-2.24366;-0.801338;-0.694089;0.793241;0.590253;0.179062;0.14179;0.032469;0.522486;0.422011;-1.46786;0.132764;0.318255;0.529304;-0.1749;-0.124808;-0.705588;-0.418892;0.0088492;-0.397432;-0.550642;1.67783;1.1534;1.03266;-0.348283;0.486641;-0.0231446;0.228303;0.139351;-0.382633;-1.00681;-0.39109;0.413248;0.265178
0.265178;0.621046;0.764127;0.853989;1.10158;0.719275;0.470127;0.404754;0.740235;0.915127;-0.198801;0.0810158;-0.818927;-0.0619646;-0.14125;1.26333;1.00227;0.420672;-0.142786;0.355389;0.596084;1.34863;1.04126;0.0964592;-0.329725;-0.394419;-0.239069;0.260886;-0.306616;-0.529874;-1.16318;-0.102556;-0.147903;-0.13787;0.500558;0.28342;-0.410832;0.066734;1.25264;0.780651;0.196444;0.52833;0.493299;-0.705067;-1.03089;-0.748509;-0.304214;-0.0808971;-0.279888;0.176765;0.265178
0.265178;-0.0132985;-1.08671;-0.189717;0.330125;0.288183;0.131804;-0.0183341;0.498517;-0.00959545;0.0791052;0.698033;-0.118481;-1.02222;0.0136015;-0.993709;0.569189;0.931739;0.346517;0.0141966;-0.0546195;-0.283718;-0.445065;0.802367;1.19269;-0.495657;0.940303;0.737107;-1.06669;-1.22309;-0.564259;-0.0932028;0.615039;0.180846;0.206769;-0.372062;0.504199;0.541522;0.463914;-0.291638;-0.531714;-0.349799;0.163213;-0.259601;-1.39828;-0.765834;-0.308734;-0.161395;-0.7906;-1.05024;0.265178
0.265178;-0.109375;0.589197;-0.156115;-0.342663;1.07016;0.637144;0.0382261;-0.119128;-0.0623467;1.08904;1.14927;0.625743;0.125059;-0.720576;-0.297389;-0.133966;-0.438718;0.681436;0.953492;0.310881;0.337049;0.17197;0.0483847;1.1548;0.728311;0.490808;-0.350908;-0.611114;-0.702393;-0.229361;0.42099;-1.37946;0.793839;-0.0786435;0.233807;-0.298689;-0.293309;-0.088321;-0.275211;0.799627;1.38699;-0.0588094;0.762241;0.533764;-0.112789;-0.500004;0.347646;0.255081;0.654177;0.265178
0.519611;0.196587;-0.235184;0.537516;-0.416069;0.825575;-0.0921848;-0.796255;-0.234028;-0.600934;-0.114803;1.76385;0.998821;-0.175635;0.0462391;0.957354;0.825864;0.0245842;0.798341;-1.02606;-1.10761;-1.1489;-0.542745;-0.990134;-1.11727;-0.0896225;0.819646;0.492758;-0.111222;-0.661081;-1.1899;0.998043;-0.394663;-0.369079;-0.121066;-0.555196;0.738031;0.614124;0.975299;0.134007;-0.165672;-1.1965;-0.559437;-1.11771;0.0663797;-0.676767;0.221415;0.0943785;-0.584739;-0.635802;0.519611
0.519611;0.454471;0.354324;-0.636666;-0.681595;0.594041;-0.966176;-0.691142;-0.329909;0.73011;0.635242;-0.600607;-1.36992;-0.552567;0.0376713;0.999158;1.04962;-0.356566;-0.502605;-0.955225;-0.19997;0.631439;-0.230126;-0.141283;0.0221775;0.380481;0.112289;-1.12166;-0.114782;0.211292;0.387516;0.949545;0.582808;0.429066;0.10932;0.288357;1.32467;0.907894;0.10148;0.538526;-0.147081;-0.178941;-0.0704607;0.238023;-0.225432;0.362893;-0.947222;-0.395894;-0.540622;1.12638;0.519611
0.519611;0.366933;0.144468;-1.14071;-0.72958;-1.01528;-0.484246;-0.332969;0.330903;-0.705781;0.185146;-0.0607214;1.1596;1.23308;0.441657;0.448971;0.167657;0.0664995;0.806347;-1.3179;-1.07392;-1.27415;-0.793604;-1.74446;-1.45957;-0.340591;0.303182;-0.716356;-0.112599;0.0208729;0.67237;-0.131953;-0.556371;-1.05933;0.235427;0.343363;0.0117583;0.386999;1.82419;0.484081;-1.13053;0.332423;0.205515;0.585903;-0.764639;0.251964;0.341121;-0.0482818;1.59579;-0.266437;0.519611
0.519611;-0.0474664;0.301186;-0.109249;-0.353251;-0.11838;-0.347286;0.432087;1.41712;0.292602;0.312848;0.091137;-0.0148841;-0.647817;-1.27755;-1.13931;-0.30198;-1.45277;-0.720719;-0.192726;0.180767;-0.785964;0.00913761;0.370165;-0.754271;-0.216233;-1.11283;-0.357176;-0.354186;-0.114727;0.218365;-0.326958;0.152808;-0.205579;-1.29352;-0.932248;-1.36816;0.556324;0.300338;-0.755616;-0.386356;-0.0952293;0.666453;-0.0948426;0.04819;1.00281;0.338485;0.537905;0.902477;-0.453103;0.519611
0.519611;-0.0950789;1.5762;1.35095;0.456049;1.19831;0.00277092;0.902474;0.829078;-0.113691;0.123291;0.995808;-0.567073;0.768071;0.854576;1.63149;1.392;1.10115;1.82513;1.36737;0.230189;-0.0600854;-0.61032;-0.374845;0.511065;1.17419;-0.428711;-0.439049;1.11543;-1.04253;-1.11858;-0.171267;-0.807307;-1.32369;-0.299789;-0.258359;0.198677;-0.197665;-0.337546;-1.13254;-0.0639837;-1.04878;-0.968581;-0.466624;0.160902;0.501054;1.04937;0.0443578;0.214927;-0.0179014;0.519611
0.519611;0.733688;1.58501;0.808068;0.440822;-1.36256;-0.139675;-0.207091;0.838858;0.902016;-0.640447;0.271215;1.12834;1.66898;1.62895;0.479546;0.588049;0.325836;0.578164;-0.0780814;0.774142;0.374467;0.572258;-0.00597626;-0.393146;-0.965929;-0.195693;0.545808;0.0754755;0.194246;0.0591105;-0.565108;0.434953;-0.148236;-0.559806;-0.307631;-1.12218;-0.413183;0.130442;-0.607467;-0.313497;0.602274;-0.188694;0.746045;0.687431;0.232277;-0.413526;0.323638;-0.00488855;-0.643383;0.519611
0.519611;-0.334927;0.848625;-0.250195;-0.453466;-0.41853;0.800808;1.03793;0.616963;0.541819;1.4171;-0.327915;0.794765;1.20664;-0.765978;-0.649725;0.658677;0.574538;0.316251;-0.574689;0.448427;0.799815;0.357565;0.552975;0.0718336;-0.178159;-1.07639;0.81363;0.055325;0.926347;0.238551;-0.32719;0.474935;-0.318297;-0.0147898;-0.514762;-0.281309;-0.0737942;-0.516846;-0.119274;-0.383707;0.843384;-0.0828269;-0.246244;1.07467;0.375911;0.25572;0.0860978;0.156036;0.162147;0.519611
0.519611;0.272149;-1.13793;0.401486;0.248681;1.08322;1.14998;-0.64474;0.319193;-0.461853;0.226567;-0.531119;-0.0803306;0.688556;-0.138196;0.748199;-0.704078;-0.0803271;-0.901801;-0.462028;-0.821735;1.13635;-0.142609;0.73325;0.140166;0.299821;0.0531793;-0.585682;-0.683841;0.201603;0.630113;0.68059;-0.933;0.0946619;0.349671;0.069176;-0.254372;-0.478677;-1.33578;-0.167043;0.313135;1.27542;1.46406;1.82268;0.614987;-0.0597761;-0.051052;-1.37818;-0.222663;0.0542556;0.519611
0.519611;0.610747;0.459787;0.424046;0.157259;1.36154;0.310916;0.26058;-0.00617066;-1.33903;-1.07564;0.118255;-0.310862;-0.0804818;0.406985;0.316693;0.158433;0.532449;-0.840415;-1.38492;-0.443693;-0.0113622;-0.424148;-0.955304;-1.17424;-0.707822;-0.143467;-0.387598;0.285465;-0.123603;0.125991;-0.0835629;-0.0727064;-0.57654;0.233951;0.58459;-0.616773;-1.57844;0.187225;-0.265459;-0.110378;0.280199;-0.580564;0.0958202;-0.505783;0.540168;0.965382;1.28654;0.144578;0.871781;0.519611
0.519611;0.0289957;-0.166273;0.0938131;0.469308;0.334491;0.14702;0.424816;0.946386;-0.874592;-0.596475;0.655674;0.297041;-0.590469;-0.641851;-0.126319;-0.420375;-1.227;0.327195;0.054226;-0.635359;0.083996;-0.0718555;-0.012514;0.268462;0.347464;0.450974;0.0711561;0.193028;0.280074;-0.248404;0.120998;-1.03667;-0.407112;-0.700455;-0.307481;0.0406457;0.215332;0.902977;-0.571349;-0.730572;-0.595285;0.380033;0.48284;-0.153324;-0.235422;0.40421;0.155838;-0.149476;-0.622685;0.519611
-0.965758;-0.519746;-0.740965;-0.0646411;-0.105105;0.297635;-0.705466;0.151055;-0.348398;-1.29242;-0.505091;-0.293381;-0.116389;0.0494016;-0.373342;-0.693405;-0.321713;1.05598;-0.898382;0.0891878;-0.603454;-0.131901;0.00896483;-0.47883;0.0321626;-0.199641;-0.108251;-0.300733;-0.679833;0.650497;-0.163198;-0.799066;0.633957;0.143672;-0.277243;-0.151806;-0.193852;-0.822291;0.671469;0.942619;0.109203;0.47211;0.399837;0.211463;0.884326;-0.321141;-0.268034;-0.271932;-0.929379;-1.21825;-0.965758
-0.965758;-0.496252;0.695249;0.438165;-0.933095;-0.0714389;-0.521921;-0.462764;-0.500567;-0.706682;-0.554086;-0.551936;0.492968;-1.03918;-0.00796727;-0.0488752;-0.267325;-0.0187855;0.821268;1.33461;0.0792179;1.03099;0.712625;-0.276543;0.437141;-0.349995;-0.611776;0.178771;0.764668;0.164649;-1.20694;-0.14068;-1.12594;-0.339669;0.319373;0.632542;0.666682;0.00228952;-0.144301;-0.198946;-0.0631049;-0.427639;0.0414171;0.511309;0.0060992;0.461668;0.565978;-0.451937;-0.413796;-0.354447;-0.965758
-0.965758;-1.15084;-0.999879;-0.35466;-0.187027;-0.946536;-0.216349;-0.2355;-0.051938;-0.219245;-1.39872;-0.230345;-0.32372;-0.275313;-0.550199;-0.216425;0.458226;0.0489489;-0.926769;-0.857413;0.600474;-0.291279;0.0598825;-1.08598;-0.405419;-0.780387;-1.29731;-0.80719;-0.372185;-0.402007;-0.387478;-0.526077;-1.25885;-0.515463;0.000612295;0.475913;-0.0123016;0.933592;0.38307;-0.349688;0.294513;-0.135623;-0.585337;-0.219884;0.397669;-0.131075;-0.433318;-0.18392;-1.55968;-1.09102;-0.965758
-0.965758;-0.705725;-0.436193;1.06099;-0.177757;0.699912;1.08963;0.0280876;0.31914;-1.70739;-0.784349;0.477671;0.4608;0.314512;1.21808;0.246498;0.0691794;-0.455086;-0.901716;-0.744373;0.192596;0.808521;0.560994;-0.229346;-0.031916;0.47574;0.538529;0.102581;0.505032;0.764432;0.459894;0.602008;1.07766;-0.375235;0.627194;-0.114766;-0.879692;-0.0818233;-1.43869;-0.551152;-0.0884606;-0.548712;-0.0439569;-0.808019;0.330935;0.344815;0.756889;1.55262;0.589156;-0.218027;-0.965758
-0.965758;-0.810594;-0.150901;-0.536358;-0.675921;-0.200069;0.320689;0.17597;-0.178362;1.64753;0.854053;1.24612;0.732901;1.10747;-0.872906;-0.299849;0.48051;1.24421;0.53046;-0.504697;-1.3006;-0.240033;0.599313;0.757946;0.887912;0.633061;-0.0707698;-0.531731;-0.665235;-1.05528;-0.416181;1.70286;1.31528;-0.205978;-0.230339;-0.39162;-0.765714;-0.35608;0.317877;1.36202;1.09358;0.0524474;0.180575;-0.423886;0.959262;0.973356;-0.41564;0.384221;0.527185;-0.38769;-0.965758
-0.965758;-1.39826;-0.0602335;0.796245;-0.116337;0.353911;-0.769218;-0.753174;0.134775;-0.842728;-0.593759;0.218348;0.754161;0.759715;0.299539;0.280694;0.244285;0.382627;0.267571;-0.163924;-0.00462754;0.241406;0.779356;1.51283;-0.579514;0.117209;0.00160356;-0.853784;-0.920106;-1.25678;-0.162182;-0.884766;-0.113059;-0.0792558;0.428209;-0.140091;1.37191;0.895243;0.294399;0.61687;0.24828;0.29652;0.167536;-0.387103;-0.855971;0.556158;-0.660695;-1.16369;-1.36208;-0.227611;-0.965758
-0.965758;-0.570574;-0.856721;-0.451155;-0.500921;-1.01707;0.401041;-0.21513;0.388243;-0.61937;-0.641858;0.0551277;-0.629104;-0.889755;0.30765;0.309889;-1.05076;0.0886675;-0.489119;-0.0492628;-0.786461;-0.240656;-0.123966;-0.448366;-0.121542;0.464775;-1.08144;0.381669;-0.697092;-0.240511;-1.54073;-1.11878;-0.520089;-0.864313;-1.01436;-0.172908;-0.280344;0.390845;-0.17415;-0.0904973;-0.689841;-0.474755;-0.980364;-0.699921;-0.46132;0.478535;-0.509969;-1.00159;-0.13756;-0.267711;-0.965758
-0.965758;0.479588;0.0170813;-1.20265;-0.963263;-0.579197;-0.0767377;-0.328389;-0.182962;0.322586;-0.837719;-1.06289;-1.01439;-0.00136415;-1.17551;0.54888;0.351524;-0.707931;-0.439101;0.423139;-0.77597;-0.175557;0.70955;-0.0953888;-0.433468;-0.57143;-1.31765;0.0892101;-0.814546;-0.378125;-0.104435;-0.677701;-0.962582;-0.35876;-1.21204;0.510424;1.0391;-0.208165;-1.62202;-1.0336;-0.123418;-0.276354;-1.15666;-0.383202;0.356332;0.635866;1.09651;0.654282;0.0388167;-0.139888;-0.965758
-0.965758;-0.863555;-0.11319;0.956585;0.922932;0.947907;-0.095969;-0.458071;-0.366051;-0.0608245;-0.0583646;0.155614;-0.777062;-0.127971;0.867834;0.125984;-0.459672;-0.921539;-0.590351;0.0527328;0.894868;0.381641;-0.040731;-0.35557;-0.34237;0.119897;-0.0674002;-0.130999;-0.133018;-0.282387;0.112197;-0.105463;-0.559611;-1.31224;-0.363929;0.644269;0.223097;0.342705;0.476784;-0.482105;0.793475;1.74833;1.2853;-0.0329417;0.0840784;0.483941;0.183215;0.0543879;-0.359604;-0.582323;-0.965758
-0.965758;0.256941;0.183934;0.0646;-0.347109;0.325152;0.820461;1.41893;-0.224638;-0.163086;-0.135063;-0.599574;-0.382072;-0.229174;-0.387286;-0.620163;-0.878984;-0.465303;-0.860145;0.101108;0.00907859;0.6765;1.41275;0.606107;-0.165042;-0.527105;0.0192933;0.285644;-1.38848;0.247031;0.151826;0.213993;0.00888844;-0.321373;0.358076;-0.248027;-0.592517;-0.536326;-0.126571;0.231284;0.290093;0.07014;-0.515963;-0.0516384;0.662511;1.28336;0.152365;0.365367;0.492685;-0.176663;-0.965758
