0.93306;-0.597978;-0.529879;0.425181;0.776414;1.06398;0.985111;1.46841;-0.761456;-1.66402;-0.900811;-0.559142;-1.07402;-1.56588;-0.636044;-0.895199;0.96174;-0.372222;-1.403;-0.588952;0.84594;0.0612166;0.475712;-0.5557;0.38435;0.589423;0.172027;0.620969;1.43686;-0.315081;0.241618;-0.000571878;1.13993;1.31045;0.0151549;-1.33169;-0.722021;-0.119971;-0.174793;0.780859;0.969775;-0.745919;-0.130224;0.687579;-0.340919;1.03713;0.952796;0.927952;0.585907;0
0.93306;0.468147;1.41322;0.638556;-0.579399;-1.26839;1.00552;0.787622;0.65657;1.02652;-0.398167;-0.526727;-0.965638;-0.679601;0.158273;0.946314;1.10971;-0.786959;-0.376238;1.5104;0.276278;-0.703687;-0.72474;-0.864142;1.11194;-0.455562;0.23852;0.97207;-0.592718;-0.808608;0.696137;1.2061;0.792711;1.06487;0.879549;-0.813536;-1.42254;1.06464;-0.80682;-0.409246;0.302431;0.118419;0.148389;-0.444073;-0.637053;-0.469285;-0.484558;-1.04725;-0.822484;0
0.93306;0.65921;0.0514625;-0.160995;0.745008;0.465158;1.14205;-0.226058;-0.994111;-1.29989;-0.98677;-0.642325;-0.926379;-0.840324;1.20847;0.294828;0.0647735;1.00089;0.451215;0.354794;0.72371;1.20336;-0.469333;-0.993911;0.79415;0.184144;-1.00286;-0.216185;-0.627457;-0.40802;0.298408;-0.767118;1.16386;0.890475;0.286276;0.350958;-0.774511;0.436672;0.829363;-0.681308;0.194394;-0.734083;-0.891076;-0.369429;-1.37701;-0.718345;-1.19488;0.116645;1.0937;0
0.93306;0.791839;-0.387647;0.126656;1.15945;1.03453;0.864682;-1.07894;-0.996246;-0.650636;-1.34838;-0.800413;0.980208;-1.15509;-0.971521;0.958521;-0.777435;-0.227726;-0.372052;0.735683;1.00589;1.07035;-0.233081;-1.16326;0.842971;0.66153;0.157587;0.444457;-0.891139;-1.16532;0.00279329;-0.791743;-0.611382;-1.23253;-1.00703;-0.879054;-0.417293;0.821373;0.375053;-0.138049;-0.606738;0.909505;0.951871;-0.64912;0.977025;1.26532;0.647273;0.521251;0.973527;0
0.93306;0.926729;-0.640884;0.928693;-0.938525;-0.116514;1.28537;-0.573202;-1.09153;0.246231;1.05592;-0.796854;0.573163;-0.669367;-0.320455;0.938533;-0.157197;1.02946;0.830741;0.617261;-0.0931267;0.602176;0.48145;0.405656;-0.39271;-0.391015;-0.441325;-0.896486;-1.16344;-1.14975;0.478448;0.473367;1.06134;-0.0525264;-0.741062;-1.1741;-1.32888;1.06424;-1.15883;-0.962015;1.04996;0.685868;1.2815;-0.0538894;-0.392326;-1.28496;0.367995;-0.500646;-1.08496;0
0.93306;-0.765459;-0.84235;-0.906604;-0.992954;0.144181;0.879023;1.00112;0.690235;0.826647;-1.26666;-1.18202;0.731193;-0.300611;-0.745986;-0.278441;-0.0653926;0.590699;0.821448;0.0491246;0.763964;0.491649;1.00796;-0.560724;-0.855825;0.615719;0.160731;0.193589;0.0287059;-0.909136;0.708899;-0.104028;0.714074;-1.13528;-1.09635;-0.570584;-1.72664;-0.35219;-0.214817;-1.03842;0.649751;0.947771;0.262108;-0.75137;0.898393;0.603616;0.748357;0.71108;1.25959;0
0.93306;0.78564;-0.0382509;0.740901;0.811518;1.02244;0.0988126;0.385304;0.642088;0.825137;0.296972;0.048719;0.749166;0.72742;-0.830037;-0.909848;-0.735277;-0.734152;0.757139;-0.220443;-0.171798;-0.227225;-0.64719;0.254578;0.183992;0.652262;0.261312;-1.1405;-0.665949;0.761223;0.504567;1.06572;-1.0598;-0.863589;0.52283;-1.11128;-0.848475;-0.770815;0.842864;1.08397;0.649311;1.27186;0.936134;0.921201;0.299766;-1.14117;-0.949186;0.443394;1.11074;0
0.93306;-0.474352;-1.30463;-0.307451;0.75832;1.11068;0.719565;0.733317;1.11989;0.780303;-0.865163;0.639539;0.304964;0.123412;-0.907231;0.133849;-0.419243;0.903363;0.977428;0.98123;-0.399872;-0.37663;-0.86001;0.662616;1.09558;-0.69107;-0.781463;-1.41449;-1.32708;-0.947229;-0.483689;1.061;0.78005;1.31728;1.34266;0.431673;-0.118402;-1.12523;-0.887707;-0.414067;0.336424;0.774301;0.342303;-0.0356195;1.07612;1.15656;0.609811;0.892413;1.4;0
0.93306;-0.866878;-0.513149;-0.76219;-0.838249;-0.36828;-0.784408;0.915904;-0.763778;0.761174;1.3412;0.687026;-1.04027;-1.31901;-1.28503;-1.31248;-1.11773;-0.824324;-0.61413;-0.487772;-1.19394;-1.15409;-0.432577;-1.03821;-0.343274;-0.887559;-0.92263;0.80399;-1.13766;-0.640573;-0.89367;-0.159815;-1.20518;-1.31175;-1.03936;0.0892353;0.11207;-0.745623;-0.223859;-0.955443;-0.270159;0.527345;-0.951062;-0.909291;-1.15062;-0.673561;-0.795471;1.05563;0.849596;0
0.93306;-0.284598;-0.83187;1.0211;1.03661;1.37927;0.697199;-0.286783;-0.526966;0.787967;0.557917;-0.10597;-0.403582;-0.782741;-0.131346;1.09868;-0.00393852;-0.691322;0.752314;0.764935;0.245001;0.28719;-0.820686;0.257601;-1.13351;1.31525;1.29225;1.05741;-0.00232547;-0.0759629;-1.35647;-0.614314;-0.554583;0.700664;-0.520484;-0.4352;-0.758248;-0.326149;-0.651153;0.849982;0.889064;-0.0279099;0.968401;-0.499403;-1.19251;-0.89582;1.20595;1.19879;0.888076;0
-0.311973;0.790574;0.410323;-0.660021;0.494024;-0.784848;-0.988108;-0.530794;-0.926748;-1.08386;-0.710698;-0.875587;-1.3862;1.22471;-0.136826;1.02162;-0.684081;-0.214372;-0.107923;-1.50611;-1.30138;-0.579018;-0.999982;0.396243;0.829845;0.894346;0.510789;-0.527084;0.456463;1.14997;1.04762;-0.848103;-0.486504;-0.360685;-0.479744;1.26637;0.854701;0.313937;0.945385;0.511291;-0.790824;0.336101;1.132;-0.711707;-0.506514;-0.245066;-0.271613;0.593092;1.19742;0
-0.311973;-0.875607;1.30444;-0.726377;0.254625;-0.459993;0.201845;-0.601092;-1.04416;0.102354;0.648801;-0.920732;-1.35663;-0.802713;-0.588718;0.90063;1.22543;0.972336;0.702181;-0.542265;-0.180285;-0.0628955;-0.0732131;0.172406;0.160383;-0.767061;-0.722545;-0.714192;-0.557184;-0.745192;-1.31997;-1.5083;0.324836;0.713173;0.617727;0.797433;-0.902504;-0.656734;0.457411;1.05712;-1.23769;-1.22973;-0.158838;-1.00022;-0.696593;-0.372891;0.580225;0.654132;0.770716;0
-0.311973;-0.655702;0.926466;-1.28333;-1.37661;0.324253;0.766445;1.31793;-0.620758;0.057137;0.225277;-0.641526;-0.07835;0.917564;0.920152;0.446573;1.02703;1.03314;0.230043;1.04148;1.05431;0.418581;-1.11781;-1.40702;-1.14651;0.0699024;0.931336;-0.392343;0.560001;-0.793517;-0.47455;-0.829653;-1.09542;1.38781;1.11959;1.01835;0.702327;-0.655259;-1.06495;0.380953;0.703587;-1.27486;-1.12725;-1.20622;0.756805;-1.10764;-0.443184;-0.554219;1.15953;0
-0.311973;-0.916496;-0.212878;0.686069;-1.01264;0.248876;-0.972402;0.322403;-0.513269;-0.224348;0.913548;0.646856;-1.18822;-0.180235;-0.609755;-1.01961;-0.841703;-0.99874;-1.06364;-1.13754;-1.21423;-0.87957;-0.653649;0.312875;0.0917663;0.259233;0.463037;0.655574;1.02461;-0.609301;1.10788;-0.675684;-1.15752;-1.35395;-1.11177;-0.40696;0.922069;0.894943;1.20174;0.671282;-0.483427;0.123939;0.334951;1.07166;1.11814;1.20523;0.671124;-0.160456;0.384935;0
-0.311973;-0.358862;-1.70977;0.928556;-0.662211;0.873106;-1.32585;1.02141;0.691856;0.159739;0.630106;0.869113;0.377143;0.54237;1.14419;0.707337;0.639604;0.210325;0.896671;-0.97661;-0.852996;0.199471;0.74956;-1.01508;-1.35843;-0.722621;-0.552424;-0.060233;0.936498;0.489111;1.27333;-1.13856;-0.671073;1.14637;1.1663;-0.809915;0.989368;-0.641967;0.685237;1.01863;0.738985;1.17818;0.468106;1.06505;-0.924929;-0.0508483;-0.214315;-0.0593474;-1.08571;0
-0.311973;1.41845;0.121655;1.19878;0.43415;-1.20822;-1.13803;-0.234735;-0.202155;-0.529745;-1.10281;-0.90994;-1.34915;-1.21018;0.20508;1.24863;1.14172;0.121611;0.506057;-1.12104;-1.15041;-0.774598;1.02458;0.160363;-0.889279;-0.389646;0.769347;0.119257;0.821023;0.786357;0.828488;-1.12154;-0.121585;-1.13648;-0.933373;0.0618111;1.098;-0.761216;-1.50669;-0.607887;-0.964031;-0.555903;-0.50225;-0.768084;-1.00502;-1.36409;-0.848874;-0.202969;0.213715;0
-0.311973;0.425391;-1.31868;-0.996482;-0.478557;-1.59803;-1.27398;-0.592841;-1.14774;-0.779738;-1.25206;-1.05062;0.388209;-1.03263;1.67946;0.922583;0.694938;0.847845;0.812161;1.19186;-0.41579;-0.43858;-0.60391;0.884185;-1.05355;-1.22357;0.259539;1.31234;0.88384;1.08444;-0.891086;-0.931479;0.153107;-0.0321911;1.17619;-0.438734;0.36125;-0.3394;-0.669908;0.527627;0.858033;-0.126214;-0.68782;-0.172144;-0.72058;-0.562252;0.0874944;-0.214882;-1.03811;0
-0.311973;0.887833;0.960032;-0.535709;0.941491;1.05498;0.759933;-0.601645;-0.791678;-0.518222;-0.869709;-0.12593;1.02031;0.895073;0.972476;-0.582137;-0.366334;-0.899711;-0.762157;-0.535865;0.235412;0.762369;-1.03954;-0.928891;-0.693278;-0.806399;-0.265267;1.13253;0.894742;-0.291947;-1.08932;-0.357243;-1.52281;-0.810136;-0.559386;-0.655002;1.3544;-0.0869808;-0.824721;-0.627038;-0.247189;-1.0311;-0.716893;-1.14332;0.176717;0.695824;0.580043;-0.93319;0.420145;0
-0.311973;1.07658;0.43748;-0.232204;-0.550022;0.637346;-0.871873;-0.780978;0.714088;1.37974;1.01084;0.973651;1.11561;1.14451;1.18743;1.18828;1.09287;1.13308;1.01323;0.62773;-0.0238988;0.678695;0.383393;-1.16132;-0.902783;1.07266;0.22917;-0.851817;-0.0395643;-0.358405;-0.144607;-0.733334;1.09573;0.740454;0.87442;0.253529;0.86937;-0.653217;-0.214234;1.18383;-0.345888;-0.537231;-0.204323;0.0252846;-1.31684;-1.03989;-0.501158;1.00904;0.739906;0
-0.311973;0.704472;1.26561;0.83626;-0.0500666;0.686881;1.38298;-0.76608;0.402848;-0.903864;-1.21352;-1.20921;-0.975578;-1.09403;-1.28932;-1.22694;1.00015;1.53423;1.24201;0.838994;-1.27363;-0.732989;-0.0220938;0.899451;-0.310741;-0.690314;-0.923899;0.215088;0.503527;0.164121;-1.39189;-0.616492;0.959296;1.22407;1.07097;0.822902;0.82882;-0.405212;-1.13782;1.0226;0.594706;0.436506;1.50137;0.0791726;-1.06488;-0.36211;-0.924837;0.70523;0.562098;0
0.356509;-0.627732;-0.838252;-0.936447;0.536677;1.2378;0.618457;1.09428;-0.701418;-1.34444;-0.161274;-0.746838;-0.573886;0.377477;-0.34789;-0.695855;-0.49174;1.11597;1.0763;1.02665;0.789941;0.525413;0.0715812;-1.2002;-0.77368;0.656372;0.0270579;0.708798;0.418735;-0.935137;-1.19955;-0.49095;-1.08762;-0.719094;-0.815294;-1.25122;0.988826;0.893258;0.731326;-0.971533;0.0857061;-1.09765;-0.886654;-0.597353;0.389425;0.307164;1.39787;0.0398752;1.04596;0
0.356509;1.2719;0.871956;-0.839049;-0.502216;-0.496697;0.411859;0.107758;0.566585;-0.505153;-1.52649;-0.919807;-1.15896;-0.0683441;0.171004;1.10748;1.40298;1.51558;0.60182;0.194232;0.941586;-0.55365;0.282173;0.479741;-1.23651;0.50737;-0.541846;-0.908238;-0.618595;0.10484;-0.063431;0.660361;0.274493;-0.802755;-0.275981;0.596951;0.627193;-0.721525;0.163272;-0.930777;-0.413551;0.181751;-1.06898;-1.04884;-1.26013;-1.12027;0.955668;0.282897;0.722242;0
0.356509;-0.0293485;-0.386207;1.06197;0.947811;0.980816;-0.151885;1.11009;0.261073;0.528595;1.11033;0.704287;1.27227;1.0825;1.3008;1.34964;1.36114;-0.317448;0.575224;0.183548;0.744872;1.12333;0.322506;0.421595;0.855134;0.304552;0.138255;-0.152793;-1.06969;-0.356743;-0.921491;-0.800404;0.637873;-1.03317;-0.268118;0.253903;-1.02684;-0.649135;-0.74908;-0.290709;-1.32884;-1.33379;0.484778;1.15508;1.2562;-0.355276;0.297205;0.381188;-0.341231;0
0.356509;0.24308;1.02724;1.35851;0.785811;1.08781;0.945636;-1.19196;-1.13841;0.823279;-0.435384;-0.39838;-0.514514;1.20339;1.49062;0.587209;0.918534;1.33227;1.06247;1.03998;1.08973;-0.805592;-0.989288;-0.887235;0.302562;1.10227;0.605309;0.640408;0.781761;0.812811;0.914756;0.578325;0.912086;0.917406;1.31754;-0.868597;-1.03626;-0.575045;0.343561;0.713781;0.851716;0.978003;0.711347;0.0213593;0.3499;-0.337569;-0.682793;-0.764638;-1.24366;0
0.356509;0.649458;1.07102;0.10401;-1.20436;-0.292151;0.778484;0.974671;0.392052;0.988275;0.857718;0.863436;-0.974625;-0.931943;-0.806553;-1.01255;-0.547881;0.780682;1.07695;-0.122662;-1.70838;0.0754378;0.0128025;0.646327;0.459518;-1.09785;-0.92605;-0.944407;-1.20242;0.0243116;1.4242;-0.540047;-0.0391981;-0.23687;-1.14376;-0.713613;-0.367204;0.978828;0.966463;1.31337;1.05616;1.0815;1.02321;-0.101719;0.70482;-0.190812;-0.225398;-1.13276;0.510569;0
0.356509;0.207348;-1.19147;0.645297;0.601658;-0.809688;-0.889844;0.512213;-0.154916;-1.07235;-0.798885;0.0347264;1.18479;0.483377;1.47736;0.900076;0.0332332;0.848823;-1.32803;-0.270705;0.224664;-0.549812;-0.888526;-0.428011;-0.867862;1.07374;-1.20999;-1.13647;-0.192174;-1.32019;-0.713581;-0.478598;-0.807761;1.08885;0.352311;-1.01659;-0.82952;-0.626274;-0.1953;0.893831;-0.942193;1.01175;0.640298;-0.792234;-1.22933;-1.20996;-0.63782;1.06423;0.109635;0
0.356509;0.171666;-1.02571;1.19757;-0.248775;-0.954042;-0.779917;-1.17065;0.123253;-0.501488;-1.07474;0.500832;-0.551777;0.394835;1.04382;-1.25187;-1.31947;-0.51835;-0.639837;0.253367;-0.629681;-1.15604;-0.0312898;0.943265;0.352077;-1.01877;-0.169784;1.08675;0.615165;0.0357498;-0.726732;0.201322;1.02237;1.28427;0.694996;-0.509109;-0.573719;1.25946;0.971572;-0.730487;0.851158;-0.648574;-0.396565;-0.586393;-0.836117;0.202832;1.1543;1.22179;0.454149;0
0.356509;0.750887;0.969494;0.764661;0.651532;1.27976;-0.542955;0.806885;0.786485;1.09411;0.930358;1.23155;1.08349;0.455213;1.14971;0.502526;0.0844063;0.897337;1.13117;1.05662;1.19965;-0.647601;-0.809428;0.0845918;0.984994;0.925008;0.739884;1.08919;-0.406512;-1.53545;-0.870005;-0.94804;0.505604;0.317442;0.868862;1.23473;0.916349;1.30886;0.791543;-1.19265;-0.182426;0.638681;-1.22099;-0.945159;-0.920067;-1.16133;-0.670318;-0.280036;1.22069;0
0.356509;-0.446891;-1.06533;-0.629413;-0.818956;0.806586;1.66333;1.02852;0.522506;1.27469;0.646936;-1.07161;0.827337;0.0193387;-0.100654;-0.765351;-0.591949;-0.298919;0.10073;-0.851199;-0.0693056;0.630381;-0.621977;-0.807611;-0.384808;0.726768;-0.316181;0.888783;0.169289;0.540405;0.839263;0.983777;0.539173;0.752428;0.368132;1.59677;0.738021;0.77064;0.604016;1.05526;-0.768369;0.187391;-0.199917;0.896834;1.07444;-0.893627;-0.548132;0.216667;-0.135574;0
0.356509;-0.687444;0.985965;1.00083;0.873881;1.27618;-0.215264;-0.996535;-0.958564;-0.850761;0.995004;-0.112783;0.843326;1.33706;-1.04949;-1.12801;-1.13523;-0.0676078;-1.01589;0.0162259;-0.421352;-0.931812;-0.260051;-1.00183;-0.282209;-1.12028;-1.23508;0.251538;0.0353473;-0.918548;-1.31212;-1.05887;0.474711;1.17936;1.10791;0.700362;-0.534367;-1.36202;-1.33218;-0.961543;-1.15466;-1.10538;-0.8998;-0.158927;0.690556;1.21676;0.440335;-0.222409;0.0837592;0
0.419631;-0.30579;0.329405;-0.863618;0.514727;0.656106;0.799054;-0.352093;0.521393;-0.434554;0.629194;0.763311;0.968262;-0.284525;1.19666;0.362795;1.32011;0.914658;0.860528;-1.31087;-0.87212;0.234184;0.0347663;0.930532;0.547303;-0.562991;-0.363654;0.672007;-0.441602;-0.0634665;1.44933;-0.0383208;-0.331655;0.8302;1.26603;1.49864;-0.782101;0.393207;-0.615282;1.07321;0.712351;-1.15417;1.21311;-0.766228;-1.2244;-1.30674;-1.23256;-0.602169;-1.01848;0
0.419631;-1.02677;-1.30812;-0.654953;-0.332349;-0.0145181;1.10571;1.32531;0.658902;-0.556026;-0.497623;0.769437;0.754684;0.14998;0.0575794;1.04778;0.417746;0.575757;-0.0966075;0.490423;0.770573;1.35903;-1.27924;0.330164;-1.07674;-0.66661;-0.349701;-1.19102;0.0090597;0.570254;0.162045;0.994821;1.05149;0.14992;-1.25237;-0.245281;0.24059;-0.824738;0.555053;-0.31934;-1.00378;-1.14003;-0.368122;0.458022;0.891379;-0.270696;-1.10406;0.163168;0.273679;0
0.419631;0.981525;-0.612182;-0.459233;0.885539;-0.357906;-0.883721;-1.20249;-1.05022;-0.91946;0.861066;-0.715743;0.0318894;0.565398;0.214465;0.375889;0.894667;0.989384;-1.24921;-0.758968;-0.713627;-0.253477;1.06801;0.895341;-0.301154;0.342192;-0.841307;0.459866;-0.831676;0.547466;1.25636;-0.603352;0.634327;1.02198;0.237097;0.00553653;-0.942982;-0.40414;-1.02194;-0.671746;0.67603;1.11865;1.07899;1.11911;0.478748;1.03203;1.49031;0.264553;0.440505;0
0.419631;-0.347751;0.182239;-0.737987;0.263718;-0.615437;0.465241;-0.315554;-0.492933;-0.303175;-0.763572;-1.20076;-1.23727;-0.621038;-0.720864;0.912777;0.610853;0.976824;-0.351396;-0.96944;0.907241;0.625866;1.2255;-0.651338;-0.59154;-0.667683;1.32501;0.733981;0.863296;-0.730182;-0.895479;-1.12999;-1.17442;0.295131;0.893964;-1.01896;-1.00603;-0.436166;0.119609;-0.667234;-0.960055;-0.800654;-0.84254;-0.653042;-1.12095;-1.04171;-1.22268;1.09346;-1.13004;0
0.419631;-0.169292;0.0419952;-1.03328;-0.441076;1.57028;1.49209;0.0324166;0.648847;-0.888588;-0.731356;1.06807;-0.345561;-0.506641;-1.19612;-0.835997;-1.07056;0.309282;0.223495;0.768303;1.13205;0.920862;-0.874902;-1.51712;-1.44136;-0.596241;0.885448;-0.519243;0.293809;-0.491171;0.630152;0.955747;-0.754071;-0.0777288;0.442955;0.930367;1.01222;0.520813;-0.977012;0.498039;-0.377932;-0.224052;-0.245154;1.33441;-0.776995;-1.12123;-0.72002;-1.06393;-0.81595;0
0.419631;-0.425152;0.150024;-0.574452;-0.616285;0.0748684;1.10932;0.917329;1.45962;-0.611307;1.16413;0.857148;1.08254;0.889073;0.807761;1.03986;0.87944;1.32079;0.726111;1.31125;0.856589;0.733024;0.855051;0.901903;0.446525;1.09165;0.407425;1.41826;1.12754;0.477826;1.00637;1.12067;0.626079;0.831682;0.873266;0.127316;-0.265759;-0.41249;-1.17335;-1.02291;-0.26833;0.0497971;-1.21625;0.194438;1.3595;-0.274658;0.531948;0.784743;0.506185;0
0.419631;0.30308;0.541433;0.457346;1.08962;0.960652;1.02935;0.319776;-1.19597;0.201441;0.750044;-1.28365;-0.623432;-0.872363;-0.717969;-0.0674125;-0.696351;-0.686542;0.880333;0.902084;0.35764;1.00131;0.2447;1.07945;0.691269;0.568689;-0.746176;-1.06985;-1.28374;0.639772;0.574187;0.625371;1.11554;-0.408887;-0.579372;-0.314978;-0.792019;0.994255;1.03716;-0.869911;-0.511117;-0.432514;-0.457919;-0.0514227;1.15522;0.555346;-0.73573;-1.01935;-1.16765;0
0.419631;0.652056;-0.00895382;-0.214041;-0.893939;0.943821;0.315109;0.30224;0.513697;-0.711073;-1.16909;-1.26439;0.897155;0.145165;-0.77237;0.955847;0.356374;1.24198;0.33736;-1.10712;1.08076;-1.19361;-1.0326;-0.750151;-1.4358;-0.109945;-0.129902;-0.595451;-0.521481;-1.19294;-1.09143;-0.8463;-0.752429;-0.644217;0.774655;-0.755607;-1.08682;-0.6812;-0.789616;-0.625936;1.16452;0.540801;-0.297263;1.13824;0.655734;0.777536;0.0840487;-0.241047;-0.727115;0
0.419631;-0.69601;0.714695;1.19386;-0.266421;0.770796;-1.2167;0.841246;-0.423984;0.962629;0.660893;-0.715189;0.61944;0.350499;1.08089;-1.18515;-0.486776;-1.38347;1.19475;0.716935;-0.142546;-0.113882;-1.27092;-1.0063;-0.0829183;-1.10661;0.123252;0.952196;1.0591;0.13653;-0.872065;-0.189871;-0.376001;-0.531541;0.648569;0.569622;1.24105;0.837101;0.909113;0.322059;-1.08056;-1.05369;-1.26022;-0.806702;-0.335602;-0.796984;0.583577;-1.3126;-1.04122;0
0.419631;0.447158;-0.154415;-0.754998;-1.03825;-0.620869;0.492163;1.40194;0.814045;1.54735;-0.407958;-0.60737;-0.237647;-1.12271;0.701089;-0.460349;-1.07786;-0.598599;0.920846;1.16196;1.27003;0.287003;-0.0714685;0.0172231;1.45653;0.313669;-0.723743;0.72514;0.61413;0.582556;-0.793745;-1.06497;-0.742284;-1.10517;-0.732343;-0.381555;-1.11291;0.102652;-0.276505;-0.538999;-1.37531;0.0547005;1.08953;0.113735;0.861066;-1.20086;-0.988818;0.507015;0.834014;0
-0.566213;1.047;0.497276;1.19351;0.727279;0.541754;0.91084;-0.0260664;1.36214;0.63546;-0.508322;-0.789457;-0.389636;-0.350824;-0.0237135;-0.368986;-1.35499;-0.80314;-0.749134;-1.10874;-1.01688;1.30948;0.929942;0.997943;-1.06508;-0.0648847;-0.469634;-0.214077;-1.39515;-0.564685;0.799545;0.143748;-1.08249;0.0570382;0.315069;0.853014;0.931143;-1.31879;-0.78761;-0.667605;0.572513;0.687308;-0.881755;-0.537649;-0.704952;-0.711096;-1.26584;1.05894;-1.0085;0
-0.566213;0.76646;0.276011;0.950365;1.62649;0.364276;0.0512248;-1.18052;0.148011;-0.435013;-1.07055;0.02848;-1.21636;-0.862561;-1.06532;0.885842;-0.974094;-1.16755;-0.592323;0.518643;-1.07132;-1.55726;-0.349116;-0.931968;-0.926403;0.751707;0.287613;1.1617;0.880544;-0.330443;-0.921239;-0.303079;-1.34241;-0.955384;0.364163;0.903414;-0.946586;1.11121;-1.02825;-0.028116;1.19643;-0.0163128;1.3983;-0.30541;0.220541;0.512523;0.598885;-0.201078;0.507872;0
-0.566213;0.645613;0.90408;1.17246;-1.21157;-0.226095;-0.79583;-1.19708;-1.09562;-0.987211;-0.767534;-0.169862;-0.789758;-0.72109;0.775222;0.4188;1.06151;0.611517;1.07059;-0.414128;-0.404722;-0.796447;1.41615;0.215848;-0.570007;0.876718;0.577825;0.182286;-0.962185;-0.730317;-0.662111;0.724803;1.1581;-0.580623;-0.811226;-0.922323;-0.219507;-0.381247;-0.193725;-1.06723;0.351449;-0.464868;1.15034;1.26307;1.16618;0.506169;1.44894;-0.826804;-0.0475257;0
-0.566213;-0.917576;-1.0357;0.406991;0.727875;-0.671414;1.30577;1.14127;-0.619918;-1.53303;-1.26906;-0.250553;0.654212;-0.474736;-0.75252;1.23532;0.638081;-0.691007;-0.15253;0.680601;-0.736004;0.419214;-1.21;0.564427;0.946724;1.38246;-0.588673;-1.13856;0.818986;-0.398198;-0.957921;-0.982196;-1.08663;1.11799;0.733063;0.191889;-1.1144;1.11539;1.05644;0.575847;-0.685516;-0.559049;0.14825;0.669702;1.34126;0.7829;1.07656;0.426126;0.952294;0
-0.566213;1.2474;0.036078;0.980017;0.268634;-0.668305;0.516696;0.527891;-0.963912;-0.319707;1.24688;1.18315;0.818676;1.30717;0.497054;0.511948;0.95533;1.05082;1.11243;0.999126;-0.863546;-0.971909;0.835457;0.254136;0.823254;0.802747;0.998744;1.14461;0.952957;1.28428;0.90587;1.04771;0.218424;0.498366;-1.15307;1.21704;0.225724;-0.0185398;-0.0578882;-0.846371;-0.145958;0.00676033;0.483013;-0.285453;0.863942;0.615535;-0.7194;0.778253;-0.187327;0
-0.566213;0.839679;-0.563475;0.641175;-0.452236;-0.852061;-1.19866;-1.00681;-0.654561;0.361123;0.348757;-0.000623176;-1.06445;-1.28566;-1.03383;-0.593989;0.833216;-0.733165;0.0528969;0.723458;-0.848167;-0.624892;0.200458;0.773023;0.733194;-0.31526;-1.11173;0.865047;-0.62164;-0.38344;-0.935793;-0.410159;-1.21648;0.590559;0.624437;1.05189;0.892669;0.0117369;0.924949;-1.09356;0.814751;-0.581907;0.997133;1.20209;0.501339;1.31746;-0.734933;-0.466971;-0.229051;0
-0.566213;0.824583;1.2202;0.508862;-1.46024;-0.541576;1.02568;-1.16897;1.062;0.0214224;-0.401378;1.27892;0.552173;0.0454151;-0.515069;0.190739;0.13181;-0.436866;-1.20161;-0.6454;0.0503337;0.787246;0.93888;0.663241;0.10278;-0.951719;0.606917;0.634931;0.847786;0.532871;-0.866891;-0.201851;0.49226;0.881641;-0.82382;-1.46176;-0.835144;-0.0163953;0.0116029;-0.747085;0.0312605;-0.36901;-0.726433;-0.665407;-0.653826;0.845905;0.90511;0.961669;-0.423323;0
-0.566213;1.22438;0.753571;0.959059;0.890803;0.155314;-0.636448;-0.40362;-1.07103;-0.691868;-1.17385;1.10448;1.38846;0.729892;1.00828;1.15468;-0.636107;1.24928;0.541146;-0.716513;-1.15037;-1.33739;-0.320084;0.387031;0.362541;-0.748484;-1.12194;-0.342861;1.08643;0.528687;1.26317;1.29015;1.1142;0.837397;1.16434;-0.850832;1.0332;-0.360095;0.753414;-1.38496;-0.266816;-1.02589;-0.3434;-0.901495;-0.96035;-1.14789;-1.03549;-1.05092;-0.900596;0
-0.566213;0.381503;-0.355969;1.07341;-1.2909;0.741059;-0.556798;0.0502193;-0.265346;-1.13299;0.926102;1.24238;-0.797413;-0.616221;-0.955752;-1.07459;-1.34435;-0.881023;-0.853288;-0.259465;-0.232979;0.630578;-1.30521;0.647245;1.14364;-0.281771;0.724045;-0.330479;-0.0763823;-1.10116;-1.31371;-0.437523;-0.634795;1.17231;-0.520124;-1.44062;-0.687474;0.923475;0.233532;-1.25985;-1.28764;-1.35686;-1.52039;-0.99851;-0.668228;-0.867199;-0.944191;0.748501;0.708289;0
-0.566213;-0.105731;0.158751;-0.928478;-1.04443;-0.87166;0.718371;0.439995;0.496023;0.564187;1.52318;1.36694;-0.943238;-0.89584;-0.424721;0.940056;0.475764;0.391953;1.0352;0.303672;0.430058;0.343771;1.03823;0.119707;-1.06254;-0.551354;-1.1433;-0.704995;1.04782;1.00483;0.935592;0.715202;1.31873;-0.582555;1.1056;0.845441;-0.392359;-0.748267;-1.23406;1.37661;0.306606;-0.452626;-1.05213;0.936369;-1.36306;-1.23109;-1.0545;-0.78057;-0.700362;0
-0.870169;-0.443851;0.766961;0.313372;-0.0170061;-1.17408;-0.712781;-1.03917;-0.760085;0.135344;0.303806;-0.271252;0.926549;0.809292;-1.07698;-0.455031;-1.12434;0.816782;-0.0599352;0.317779;-1.06867;-0.901234;-1.10037;-0.905126;0.792039;0.855723;0.883334;1.55019;1.21895;0.338768;-0.791836;0.577416;0.886566;-0.707629;-0.592319;-0.874158;0.942362;-1.01978;-0.174139;1.45572;0.74652;-0.0205695;1.23181;0.731448;0.874654;-1.23107;-0.0780048;0.717978;1.07129;0
-0.870169;-1.38554;0.86164;-0.456144;-0.621091;-0.137004;-0.958043;-0.0403514;0.136433;0.953843;0.434495;-0.530001;0.339919;1.29534;-0.681921;0.205109;-0.651726;-0.411981;-0.645236;0.808867;0.148965;0.924405;-1.15789;-1.05258;0.279639;0.450612;-1.02129;-0.665457;-1.28135;-0.317626;1.10893;0.537005;1.05946;0.232643;-1.07014;0.225949;0.6646;0.54632;0.930398;1.26783;-0.869708;-0.668274;-1.29187;0.394804;1.00486;0.7354;0.42119;-0.704275;-1.16044;0
-0.870169;-0.86236;0.0760645;-0.631739;0.8823;-1.32644;-0.760848;-0.469562;-0.753133;-0.57822;-0.654664;-1.24408;-0.971415;-0.937329;-0.430501;0.36192;1.25783;0.968905;0.907441;0.982776;0.569089;-0.619479;1.16752;0.756075;0.235133;-1.14103;-0.918603;-0.941157;-0.167277;-0.40466;0.665033;0.70622;1.49328;-0.0345849;-0.339703;0.364608;-1.14089;-0.197931;-0.0913329;-1.42734;-1.18141;-0.705383;0.679162;-0.633449;-0.809558;1.01328;-0.224182;-0.990666;-1.64164;0
-0.870169;-0.98695;-1.17726;-0.396325;0.0826905;1.24786;1.1128;0.817905;-0.978539;-1.2276;-0.435693;1.28002;1.01034;0.212118;0.227956;0.826654;0.804876;0.564579;0.518016;-0.174176;-1.00556;0.368371;-0.397515;0.481649;-0.103382;0.726589;0.282568;0.973351;0.844757;1.45725;1.19057;1.34851;1.20417;-1.33429;-0.00413548;-0.673527;0.568845;0.25942;0.930872;0.450838;0.348561;0.777108;0.91946;1.12104;0.924732;0.0371325;-1.04898;-1.04125;-1.11186;0
-0.870169;-0.947675;1.4165;1.57559;0.0107364;1.10309;-1.06619;0.548236;0.992741;-0.0748685;-0.572859;-0.681905;1.07311;0.440952;0.993857;0.70537;-0.777997;0.407291;1.34389;0.754378;0.234258;-1.12939;-1.00131;-0.832228;0.254725;0.637367;1.59959;-0.438268;-1.20761;0.398803;1.20699;1.0993;1.05614;0.995439;-0.907932;1.02671;1.38244;-0.281444;-0.0240028;-0.490408;-1.47307;0.549587;-0.00413603;-0.658998;0.090229;-0.162701;0.976407;1.02664;-0.00725094;0
-0.870169;-0.638956;-0.946281;-0.0896054;-0.0179024;-1.04937;-0.814307;0.0395266;0.599282;0.621508;1.22934;-0.628585;0.13173;-0.261412;-0.363543;0.468554;-0.190246;0.709514;-0.00691428;1.13147;-0.221493;1.02309;-0.0638823;0.617564;1.09706;-1.31706;-1.00068;-0.688516;-1.15154;-0.379824;-0.439913;-0.772875;0.744374;1.04592;0.90156;1.17003;0.170342;-1.30029;1.00043;0.915761;0.316394;-1.35847;-0.893998;-1.04197;-1.34702;-0.586211;1.14647;-0.111351;0.591454;0
-0.870169;-1.14076;-0.87384;-1.18695;0.400812;-0.811048;-1.30922;0.521637;-0.420264;-0.658296;-1.17644;-0.20162;0.0211732;-0.0954416;0.675777;1.32735;0.548784;1.21831;-0.322177;-0.694635;-1.53737;-0.748196;-1.16853;-1.31925;-0.781004;0.659907;-0.91237;-0.664941;0.178618;0.63181;0.954413;-0.0462048;0.0136832;0.423358;0.275238;-1.11867;-1.23676;-0.48214;-0.559536;-0.988012;-1.12673;-1.17795;-0.914616;1.05397;1.15897;0.746137;0.345372;0.507197;0.640677;0
-0.870169;-1.18015;-0.835839;-0.444215;1.11507;0.799582;-0.854043;0.835383;0.167484;-0.0901004;-1.09367;0.357439;-0.426714;-1.00835;-0.28695;-0.355443;0.570471;-0.746464;0.0325018;0.189884;-0.792777;0.835252;0.702636;-0.945315;-1.08253;-1.4179;-0.377788;1.01336;0.16204;0.846036;0.293705;0.962285;-0.567528;-0.650627;0.902051;1.14246;0.273446;0.191828;0.332711;-1.03728;0.589893;0.561661;0.0874497;-0.398076;0.682968;0.991889;0.629039;0.482425;-1.08381;0
-0.870169;0.287945;1.25203;-0.928375;0.0467243;-0.0393762;1.35578;0.377033;0.345425;0.485466;-0.573473;-0.433447;-1.17762;0.946399;1.28262;0.509094;1.06098;1.00014;-0.830062;0.811299;0.820063;-0.184014;0.166808;-0.667828;-1.42598;1.21915;0.466506;1.04351;0.298868;-0.188111;-0.579965;0.297463;0.833298;1.06177;1.3487;-0.966551;0.764086;-0.551613;-0.921982;-1.27905;0.846901;0.824565;1.08528;0.826752;0.796474;0.726523;-0.153905;1.03986;-0.787433;0
-0.870169;-1.24242;-1.15052;0.278883;1.09981;-0.688571;0.164307;1.11575;0.904773;1.17193;1.40828;0.996658;0.867148;1.51528;0.00545869;0.865689;-0.99607;-0.479075;-0.384658;-1.04846;-0.438092;-0.171999;0.482666;1.07228;-0.997215;-0.306848;0.0688511;0.762632;0.999964;-0.855446;-0.0289648;-0.602508;-1.18979;-1.06106;-1.3394;0.196773;0.853097;-0.0218222;-1.51589;-1.16022;-0.683908;-1.25028;-0.817104;0.599709;-0.914752;-0.614437;1.24554;0.753813;0.341516;0
0.973715;-0.849402;-1.01936;-0.453649;-0.787506;0.497082;-1.00121;-1.15744;1.07818;1.48888;1.24309;-0.18234;0.445914;-0.775761;-1.26442;-0.0812133;-0.631895;1.02803;0.385352;0.334642;-0.222723;1.15428;-0.557942;-0.56088;0.317858;-0.771596;0.462886;0.492161;-0.069472;0.61411;-0.72989;-0.518058;1.33891;-0.354536;-0.551378;-1.08657;0.656901;0.151185;-0.519092;0.0537131;-1.18744;-1.08165;0.979076;0.654278;0.499845;0.683248;-0.274558;-1.11581;0.898403;0
0.973715;0.696921;0.866799;0.81805;-0.849919;0.564856;-1.08069;-0.496434;-0.0914503;-0.376778;-1.23591;-1.2366;0.677261;-0.320235;0.41675;-0.378312;-0.454125;-1.152;0.509066;-0.278439;1.00742;0.0236494;0.610803;-0.640768;-1.25839;0.845698;0.782517;1.07825;0.850234;0.844914;-0.859815;-1.27254;-0.741664;0.845599;-1.24378;-0.74305;-1.22715;1.19928;-0.780768;-1.17171;-1.02393;-0.716668;-0.360508;-0.890324;0.881064;-0.985926;-0.520754;-0.990627;0.54369;0
0.973715;1.15678;0.986718;0.787248;0.834486;0.853854;1.09905;0.39976;-0.952932;-1.10729;-1.43092;-0.926412;-0.930753;-1.05585;-0.653489;-1.14798;-1.07543;-1.225;1.16064;1.0301;0.244784;1.08509;1.41199;1.18184;1.04384;0.391105;0.995604;0.949314;0.59482;0.39731;-0.63929;-0.347845;-0.0976624;-0.948464;-1.00313;-1.20839;-0.951633;-0.586561;-0.361141;0.649793;-0.377831;-0.872112;0.452992;0.841832;-0.484726;-0.558056;-0.481335;-0.369768;1.10144;0
0.973715;1.4904;1.06361;-0.897658;-1.13778;-0.40401;-1.10327;-0.944002;0.670584;0.374505;-0.877345;-0.34731;-1.48622;-0.768565;-1.23398;0.54148;0.72887;1.41407;-1.22572;0.429837;-0.0503249;0.790483;-0.211788;0.0766896;0.669611;1.14646;1.17596;0.860711;-0.0690012;-0.725462;-0.29308;-0.595415;-0.117875;0.325702;0.0766805;-0.810359;-0.871388;-0.557081;-0.156984;-0.408122;-1.10676;0.335821;-0.859104;0.885466;0.912834;-1.05788;-0.567403;-0.791858;-0.683566;0
0.973715;0.533694;-0.319738;-0.796587;-0.111911;-0.377635;-0.867032;0.859668;0.577934;0.636418;0.623811;0.0312738;-0.298632;-0.287232;-0.401242;0.00407201;-1.01806;-0.888132;-0.53843;-1.05515;-0.351819;0.463407;1.25803;0.596119;0.770875;1.08933;0.641582;1.04615;1.11304;0.966743;1.17484;0.769842;-0.577275;-0.445175;-0.338778;0.336101;-1.39054;0.859065;1.16196;0.418786;-1.10106;-0.522272;-0.750139;-0.829724;0.0147399;-0.412677;-1.30363;-0.909749;-0.402828;0
0.973715;-0.638205;-0.521687;0.845423;1.35659;-0.245797;0.565329;0.702372;0.722127;0.997323;0.368692;0.760295;-1.05615;-1.28395;-0.122012;0.779367;-0.926864;-0.537413;0.504138;1.01145;1.55731;0.951646;0.983525;0.686537;0.894573;1.06309;0.211559;-0.672067;0.636983;0.66355;0.983169;1.21102;-0.932845;-1.07257;-0.633349;0.914498;-0.88331;-1.16304;-1.05573;-1.09285;0.574444;-0.0623078;0.294969;1.20386;0.853443;0.760597;-1.02194;0.840178;1.13142;0
0.973715;-0.068588;-0.707418;-0.74021;0.175541;0.681964;0.571417;-0.725572;-0.938346;0.80157;1.00075;0.235273;0.054429;0.943712;-0.282952;0.569393;0.260354;-0.0633293;0.473884;-1.07013;-1.53552;-1.55617;-1.02088;-0.653366;-1.11057;-0.999047;1.16924;0.683579;-0.00408055;0.410582;-0.404575;1.11388;1.23196;-1.1817;0.935836;1.42214;1.20927;1.5028;0.251634;1.20823;1.13867;1.36931;1.1771;1.05345;0.700746;-0.893269;0.969216;-1.21134;1.34822;0
0.973715;0.903027;-1.04941;1.03757;1.20685;1.49567;1.10741;1.14993;0.714692;0.30884;0.901278;1.1834;-0.379408;-0.557094;-1.12192;-0.935974;-0.979568;0.557728;0.573351;0.296678;0.809504;-1.18773;-0.710711;-0.604286;0.575371;0.38732;1.4595;-0.472103;-0.747686;-1.14559;0.160229;-1.27942;0.593403;-0.250467;0.408254;0.444576;0.778366;1.02559;-0.0596645;0.658425;0.776245;0.748435;0.875663;0.30421;-0.709916;0.342917;-0.408734;-0.924709;0.889232;0
0.973715;1.24808;-1.61911;-1.03806;-0.585412;0.957273;0.543805;-0.805698;-0.887657;-0.0274877;-0.302969;0.0587718;0.369976;-0.860438;0.317607;-1.53846;-1.31174;-1.24048;-0.32913;-0.350236;1.08084;-1.15329;-0.968456;0.724232;0.0637806;0.37665;-0.695377;0.973613;1.03275;0.439947;0.989531;0.612181;-1.27761;-1.39788;-1.00235;-1.0158;-1.16445;-1.19205;1.02485;0.397424;1.26557;-0.077175;0.32266;0.989778;0.946933;-0.591099;-0.819423;1.20249;1.01198;0
0.973715;-0.0177846;0.0100298;0.605788;-0.787257;0.000772081;-0.764118;-0.756478;-1.18441;-1.09537;-0.84401;-0.57282;0.362608;0.812085;-0.388195;-1.11942;-0.446493;0.516845;0.348725;-0.0267216;0.847428;1.16807;-0.118923;0.997497;0.0993917;-0.407451;-0.73101;-0.730882;-0.0406388;0.828211;0.997158;0.974564;-0.27477;0.295833;0.876253;-0.144474;-1.17681;-0.905739;0.536286;0.891943;1.2968;-1.28718;-1.25714;-0.353652;0.104543;1.28263;-0.204637;1.29607;0.850267;0
0.909702;1.13674;-1.15673;0.269024;-0.747686;-0.621638;-0.950466;1.00668;0.885815;-1.41342;0.378896;1.01625;0.525542;1.00941;0.262884;-0.75905;0.586939;-1.2402;-0.624706;-0.740847;-0.641048;-0.707768;-1.18785;-1.06137;-1.02339;-1.29062;1.60271;1.04027;1.17932;-0.744634;-0.550563;0.68338;0.967791;-0.47403;-1.05716;1.04195;-0.20306;-0.413303;-0.48958;-0.745419;0.995186;1.44607;1.09006;0.539168;-0.741858;-1.28675;-0.908918;-1.53216;0.0624832;0
0.909702;0.602578;-0.725142;-1.04225;-0.532556;0.566486;-1.19284;0.488663;1.01195;0.499772;-0.580621;0.353093;-0.0295033;-0.651919;-1.11327;-1.09567;-1.07511;-0.813028;-1.20927;-0.640392;-0.778398;-1.17976;1.24699;0.598002;0.184106;1.39557;-0.694;-0.741299;-0.40252;-0.730806;0.247844;-0.285801;0.970092;0.653811;-1.04041;0.457888;0.826441;1.16867;0.441823;-1.00707;-1.18572;-1.05036;-0.225081;1.06379;1.22254;1.54095;0.510387;0.452503;0.951987;0
0.909702;-0.770153;0.306431;-0.620151;-0.864615;-0.569947;-0.910292;-0.893019;0.781347;0.714096;-1.2297;-1.12583;0.331421;0.357367;-1.21858;-0.677879;-1.0321;-0.36395;-0.145348;-0.0547154;0.501635;-0.921936;-0.431453;0.290587;0.0611572;0.34128;0.846644;0.214493;0.792428;0.646425;0.308346;0.377186;-1.03153;-1.30232;-0.83795;-0.156395;1.16024;0.317323;-0.140423;-0.32789;-0.686736;0.129029;0.207229;-0.875812;-0.0942441;0.610389;0.109958;-0.610833;-1.39677;0
0.909702;0.763884;-1.13414;-0.921227;-0.807396;-0.670307;-0.682968;-1.05779;1.16504;-0.100526;0.876433;-0.951219;-0.727399;0.697204;-0.934771;0.124867;1.16248;1.25031;0.194673;-0.038951;-0.781924;0.762034;1.25412;0.852548;1.21851;0.823745;-0.926447;-0.61216;0.489872;0.0536705;-0.864995;-0.92781;-1.05778;-1.75094;-1.18717;-1.28315;-1.43923;-1.24095;-0.647037;0.456161;0.147643;0.912527;-1.20835;-1.19344;-0.227569;0.457738;0.288388;0.937552;-1.02337;0
0.909702;0.654561;0.772824;0.0395342;0.659415;0.11288;-0.0449061;-1.35134;-1.03278;0.0261721;0.773414;0.764216;1.10821;0.613257;-0.910383;-1.4276;-0.414437;-0.190206;-1.1261;-1.2984;-0.332083;1.06486;0.626953;0.399208;-1.03764;-0.0412404;1.04325;1.05978;-0.0405387;0.841293;0.585365;0.939213;0.778831;-1.39645;0.277161;0.634801;0.915137;0.979333;1.1129;0.663581;0.233443;0.159421;-0.338635;-0.453349;0.5636;-0.931734;0.552131;-0.485373;0.711614;0
0.909702;0.251549;-0.516922;0.284586;-0.376912;0.871724;0.953012;-0.978937;-0.373906;0.434879;-0.277327;0.404853;-0.86426;0.301199;0.712958;0.590798;1.05943;0.652565;0.255074;-0.749915;-1.00628;-0.820832;0.0724525;-1.19562;-0.875788;-1.3606;-0.619181;0.122251;-0.274291;1.00108;1.34384;1.41647;1.15289;0.927498;1.11573;0.508171;0.388713;0.349868;-0.301207;0.366175;0.967628;1.3104;0.196667;0.565517;1.36373;0.988395;0.865291;0.0538847;0.76489;0
0.909702;1.48236;0.117784;1.46342;-0.213279;-1.16621;-1.0982;-1.15981;-0.794451;1.2381;0.698627;1.26126;0.489527;0.778992;1.3137;1.16671;0.898685;0.961003;1.2197;0.777813;0.870407;0.814544;0.577531;-0.878777;-0.628464;-1.10079;-0.503295;-0.175801;0.689785;-0.0713929;-0.858058;0.11336;-0.842291;-0.379247;0.243564;-0.209252;0.387775;0.506991;0.0512856;-0.842992;-0.659961;1.4953;-1.13872;-0.0672125;0.426059;0.595165;1.46747;1.23077;0.421664;0
0.909702;1.02839;0.654435;-0.601253;-1.07503;-1.08468;-0.457321;-0.316569;-0.171613;-0.328258;0.880281;0.910323;-0.964383;-0.953112;-0.899427;-0.590125;0.970655;-0.75929;0.872166;-1.30052;0.249514;-0.863352;-1.31926;-0.458863;0.869033;-0.192959;-0.237847;-1.39171;-0.84732;-1.21688;-0.381966;1.17245;0.933638;0.245447;1.2045;-0.475712;-0.843905;-0.549743;-0.817835;-0.536717;-0.551527;0.427948;0.588969;0.85435;-0.366353;-0.816301;-0.862527;-1.20898;0.398697;0
0.909702;-0.0548297;-0.724759;-0.136082;0.478798;-0.265026;1.00146;1.20047;1.09835;0.82573;0.476364;-0.818303;-0.875592;-0.658718;-0.72911;-0.0859298;1.22269;1.37325;0.562599;-0.456455;-0.469613;0.858658;-1.32976;-0.645298;0.863869;0.71819;0.834701;-1.01303;1.23121;0.714679;-0.608179;-0.0349873;-0.036058;-1.11912;-1.17676;-1.23751;0.53903;1.259;0.833759;-0.81356;-1.15561;-1.08983;-1.13;-1.37155;-1.17518;0.346259;-1.16833;-0.633118;-0.98892;0
0.909702;0.670986;0.844852;0.206358;-0.68167;0.645549;0.713346;0.387856;1.04838;1.21734;1.23945;-0.272728;-0.837318;0.813082;0.288097;0.748712;0.923445;0.671025;1.13601;-0.87772;0.982527;1.10985;0.54794;-0.883437;1.20017;1.02656;1.07677;0.77469;0.390852;0.351194;1.05974;1.05712;0.498652;1.03643;-0.953392;-0.736125;0.047456;0.871627;0.808183;-0.799585;0.806905;-0.623835;-0.321662;0.999997;0.641199;-0.828796;-0.612802;-1.04751;-0.882365;0
0.266407;0.698086;0.696209;0.489704;0.900333;1.13953;-0.334237;-1.04093;-0.722784;-1.19534;-1.41706;1.44908;-0.529105;-1.04101;0.307906;-0.804372;-0.467027;-0.293941;-0.0596703;1.04266;-0.335916;-0.127965;-1.14773;-1.49833;1.33376;1.29869;-0.319842;0.989486;-0.459088;-1.14742;-0.907187;-0.571548;0.468358;-0.806198;-0.817919;-0.565014;1.1229;1.12588;0.694964;1.35569;0.122382;0.415962;-0.0316616;0.396212;-0.699013;-0.640906;1.25267;-0.341876;0.430584;0
0.266407;-0.725453;-1.00925;-0.608483;-1.33417;-1.19799;-1.24781;-0.623723;-0.97235;1.37242;0.744622;-1.10422;-1.14352;-1.18205;-0.804101;-1.49982;-0.629714;-0.845668;-0.776051;-1.26706;0.321842;1.21039;1.39368;1.03303;-0.0655389;-0.777753;0.920736;1.06471;1.11914;-0.197902;-0.811818;1.18632;0.964398;-1.39386;0.129769;-0.488478;0.35296;0.582096;0.40267;-0.820673;0.184282;0.362501;-1.02691;-0.921999;-0.437963;-0.425519;-0.370047;-0.974961;-0.360455;0
0.266407;0.758342;0.582897;-0.632779;-0.975056;-0.753311;-0.280812;-0.849125;0.663976;1.11756;-0.0974862;0.851132;1.20403;1.1419;0.296813;0.125081;1.21086;-1.32464;-1.22039;-0.694381;-0.969421;-0.366831;0.476677;-1.31816;-1.02163;-0.920311;-0.905794;-1.3323;-1.35963;-0.69629;-0.520973;1.00659;0.361653;-1.02182;-0.376136;0.687726;-0.328258;0.634047;1.62613;1.13673;1.44266;0.920838;0.0526836;-0.545086;-0.590505;-0.876151;-0.121553;0.996131;0.972949;0
0.266407;0.492445;-0.863804;1.15485;-0.619874;-0.459973;0.49381;1.51561;0.996959;-1.45897;-1.17725;-0.827264;0.590229;-0.697519;-0.670962;-0.815784;-0.658104;-0.773612;0.438775;1.32653;-0.588893;-0.891512;-0.890454;0.833517;-0.245605;0.246304;1.17107;0.852761;0.834679;0.294969;1.38172;0.985684;0.819222;1.11371;-1.15555;-1.3772;-0.690419;0.487292;1.36203;0.904489;1.20053;-0.761207;-0.691805;0.144048;-1.07532;-0.426531;0.588565;0.134027;0.353763;0
0.266407;0.202402;-0.642328;-0.41357;-0.80655;-0.579234;-0.31687;-0.461591;0.22995;0.813505;0.868467;0.919996;-0.668376;0.57401;1.15448;1.24476;-0.934103;-1.18517;-0.41297;0.972212;0.369109;1.1173;0.782744;0.759327;1.1346;1.29152;1.27081;0.368072;0.547441;0.850349;0.448603;-0.932934;-0.951425;-0.00964593;-0.541191;1.00691;1.01451;0.499386;-1.19478;-1.16838;-1.048;-1.07322;1.20261;1.07055;0.497679;-0.342042;-0.101672;-0.0595643;-1.36708;0
0.266407;-0.462097;-0.938171;-0.45731;0.324436;0.0715187;0.864522;1.13761;-0.481422;-0.391186;0.731022;0.825237;0.0403208;-0.0944817;-0.581524;0.940052;1.22999;0.803824;-0.483457;-1.26175;-0.388898;0.626437;1.18116;1.14793;0.840231;-0.912214;0.771889;-0.608641;0.778748;-0.905782;-0.199281;-1.11401;-0.873965;-0.732341;-1.34527;-0.543286;0.598779;1.10931;1.1876;0.616154;0.226142;-0.214239;1.11724;-0.836828;-0.860655;0.561777;-0.898509;0.649766;0.146444;0
0.266407;0.440044;0.63115;-0.771497;0.496307;0.868426;0.43417;-0.6034;1.0503;0.394004;-0.136949;0.666029;0.967379;0.730623;0.533483;0.919469;-1.08969;-0.811304;0.725981;0.893963;0.879334;1.32635;0.896416;1.25197;0.974705;1.00358;0.586435;1.63844;1.5688;1.16919;0.710494;-0.050061;-0.744608;0.830735;-0.845471;-0.851165;-0.926529;-0.0169722;1.34126;1.1553;0.905924;0.767654;-0.913376;0.243536;-0.672315;-0.172189;1.38729;1.2434;0.141642;0
0.266407;0.865341;0.928659;-0.906418;0.956485;0.881264;1.17921;-0.943306;0.666475;0.367661;-1.10241;1.06533;0.0146388;0.94685;0.530114;-0.0310839;0.792783;0.618859;1.03306;0.493884;-0.581019;0.947915;-0.0994214;-0.411194;1.00234;0.376022;0.626831;0.525537;0.336007;-0.375459;0.899608;1.18797;0.82039;-0.488048;0.025272;-0.04939;-1.3773;-0.746154;-1.07738;-0.351367;0.0375614;0.331407;-1.15407;-0.949684;-0.909449;-0.850919;-0.863267;-1.15129;-0.900355;0
0.266407;0.672609;0.300319;0.3455;1.50215;-0.978403;-0.901733;-0.383858;-1.22264;0.191196;0.767893;0.776555;-0.0747381;-0.746033;1.10864;1.29584;-1.28636;0.728033;1.59027;0.327339;-0.566736;-1.10464;-1.24358;-0.714305;-1.19162;-1.27901;-1.46138;-0.932525;-0.752546;-0.579044;1.00922;0.949485;0.745375;1.02767;-0.553305;-0.74744;-1.13096;-1.05172;-0.289525;-1.32702;0.438158;0.468082;-0.810467;-1.18752;-1.34958;0.977415;-0.82939;0.319395;0.852678;0
0.266407;-0.469796;-0.236139;0.657962;-0.315198;-1.16686;-0.968765;-0.609741;-0.677529;0.895907;-0.686217;1.13275;0.771662;0.374947;-0.282567;-0.931957;-1.31936;-0.603618;-0.628847;-0.627597;-0.341814;-0.197322;-0.646801;-1.08578;-1.08948;-0.709387;-0.733311;-0.193163;-0.438816;0.75109;-0.769244;0.572993;-0.857193;-1.05302;-1.00328;-0.641298;0.00521462;0.518452;0.748635;1.1234;0.676118;1.40306;0.848895;0.014924;-0.644117;-0.728615;0.45731;0.732479;0.738432;0
-0.138192;-0.287809;0.25655;-0.684529;-0.964137;1.21508;0.399375;1.12955;-1.06267;-0.365768;0.0677468;-0.327484;-0.806544;0.705682;1.06243;0.501276;0.192458;0.599463;0.176155;-1.04831;-0.653016;-1.17005;0.570733;-0.830313;-0.813481;1.35685;1.59546;-0.608547;-1.10684;0.133187;-1.05893;-0.873553;0.0331233;1.31325;0.448146;0.897929;0.588094;-0.0951929;-0.80522;0.978737;-0.976856;0.702435;0.750579;0.83418;-0.019197;-0.927288;-1.04709;-0.952517;-0.157944;0
-0.138192;0.453887;-1.145;0.0164453;0.124231;0.993567;1.31492;-0.34847;-1.11662;-0.951222;-0.360355;-0.158851;-0.764788;-0.0796898;1.19658;-0.78436;-0.144579;-0.265839;-0.70592;-0.418101;0.513381;-0.281612;-0.147579;-0.368324;1.51331;-1.03462;-0.997715;-0.795106;0.374713;0.0845348;-1.26918;1.02433;-0.261723;0.94594;1.25464;0.620104;0.76127;0.552462;0.267865;0.951338;-0.622484;-0.560864;-0.24926;0.644261;0.876363;0.780156;1.34801;0.957859;0.33876;0
-0.138192;0.55245;-0.272259;0.123508;0.970601;-1.01923;-0.0523145;-1.53436;0.363028;1.36649;0.546063;-0.676395;1.42327;1.09474;-1.29116;-0.776247;0.354017;0.64051;1.18284;-0.908082;0.385008;0.0431585;1.0564;-1.11515;-1.24042;-1.17207;-1.26383;-1.37925;-1.4536;-0.950623;-0.242158;-0.248974;-0.884996;-0.980822;-1.14535;-1.44642;-0.603945;-0.67063;-1.29127;-1.70406;0.827541;-0.232054;0.450406;-1.15544;0.366942;-0.330545;-1.44239;-0.597596;-0.556073;0
-0.138192;-0.221815;0.91116;0.706815;-0.809033;1.06908;1.12578;0.213114;0.790212;0.865097;1.50466;0.729519;0.643183;-0.93833;-1.03845;0.591661;-0.760806;-1.49149;-0.899335;-1.33716;-0.41472;-1.03513;0.970739;0.948841;-0.201022;0.737236;0.421276;0.54427;-0.529986;-0.947485;-1.00472;-0.825496;0.736974;-0.231985;1.00382;1.00757;0.773185;-0.312172;0.127246;1.173;0.67648;0.406591;1.45414;1.051;0.494806;-0.0536835;0.626028;0.355928;1.39468;0
-0.138192;0.671904;-0.900241;-1.38557;-0.569762;0.378614;-0.982911;-1.23546;-0.810567;1.16618;-0.22944;0.994118;1.29655;0.996737;0.485403;1.14833;0.451431;0.186368;0.447257;-1.36698;-1.25924;-0.43738;-0.406231;-0.640686;1.28842;0.462173;-0.918624;1.32189;1.18611;1.11156;0.0972005;-0.111803;0.392285;-0.610009;-0.801239;-0.741821;-0.366031;1.151;0.592629;1.07441;1.02726;-0.429798;-1.09608;-0.691253;1.08794;0.440591;1.15231;-1.1292;-0.866163;0
-0.138192;-0.124935;1.09262;0.801772;-0.551986;1.39373;0.031289;0.0144909;-0.855305;-0.833854;-0.551172;-0.880481;0.625091;0.655481;0.0952112;-0.566538;-1.07077;-0.956118;0.529446;-0.322467;-0.851975;0.672143;0.987914;1.16562;-0.571587;0.678992;1.05731;1.07488;0.853649;-0.492017;-0.279877;-1.25533;-1.56249;0.357712;-0.433034;0.116312;0.908083;-0.430947;-0.65571;-1.18755;-1.09275;-1.34348;-0.971174;0.771147;1.38855;0.565029;1.04816;1.18862;0.803621;0
-0.138192;0.986139;0.291514;0.90739;0.424185;0.47389;1.30918;-0.526679;-0.787487;1.18615;0.948604;0.905932;0.980815;-1.27037;-0.252194;-1.30306;-0.579142;-0.366898;1.20109;0.551116;0.921317;0.0468256;-0.803154;0.437204;-1.3534;-0.364193;-0.80812;-0.25752;-0.661739;0.770727;0.620629;0.421899;0.967712;1.31524;1.20174;1.07333;1.04607;-0.578162;0.67788;-1.13945;0.578102;0.971836;-1.41573;-0.678351;-0.287335;-0.0195213;-0.931932;0.629166;-1.30379;0
-0.138192;0.896058;1.09904;-0.985677;-0.454755;1.00237;1.49271;1.04146;0.991403;0.379989;-0.389557;0.400584;0.840654;1.04159;-0.443005;-1.19603;-0.795343;-0.197116;0.544914;1.08668;-0.34954;0.776239;1.20306;0.395749;0.988001;0.268146;-0.147655;0.721701;0.85731;0.995586;-0.646041;-0.999745;-0.583359;-0.411372;0.190799;-0.86138;-0.864999;-0.508437;-0.520749;-0.96917;0.503556;-0.366308;0.980481;0.818392;0.537549;0.444714;1.28338;0.216032;0.820183;0
-0.138192;-0.715012;0.836995;0.259407;0.355503;0.525534;-0.227376;-0.731182;0.341911;0.0672782;1.07076;1.21318;-0.49946;-0.507708;-0.019605;0.135601;1.25264;0.965127;-0.345077;0.927744;1.07806;1.18134;0.68029;1.32037;1.3475;0.744955;0.640875;0.557586;-0.660782;-1.57124;-0.773596;0.716238;-0.877268;-0.773986;0.875349;-0.98049;-0.762534;-1.03699;1.02069;0.557985;0.272088;1.21381;0.889053;1.09528;-0.38268;-0.56464;0.765;-0.675189;-0.941138;0
-0.138192;-0.176563;1.1043;1.4743;-0.569729;0.831721;0.0910055;-1.26708;-1.10156;-0.186012;-1.01412;-0.226608;-0.221206;0.944703;-0.628949;1.05681;-0.904024;-1.0731;-0.2786;-1.01652;-0.716085;-0.273463;-0.946316;0.653471;0.941184;0.90714;-0.389284;0.15272;-0.819612;0.47666;0.874427;-0.0913867;0.770403;-0.0403667;0.933204;-0.521453;0.724995;0.980035;0.716227;1.11352;0.0160988;0.210215;-0.858057;-1.03737;0.364867;-0.296206;-1.44892;-0.515594;-0.708911;0
